date,flight_no,origin,destination,dep_time,arr_time,origin_name,dest_name
2026-09-15,JAL552,AKJ,HND,09:50,11:35,旭川,羽田
2026-09-15,JAL554,AKJ,HND,13:40,15:25,旭川,羽田
2026-09-15,JAL556,AKJ,HND,16:25,18:15,旭川,羽田
2026-09-15,JAL558,AKJ,HND,19:55,21:40,旭川,羽田
2026-09-15,JAL140,AOJ,HND,07:35,08:55,青森,羽田
2026-09-15,JAL142,AOJ,HND,08:35,09:55,青森,羽田
2026-09-15,JAL2150,AOJ,ITM,09:50,11:20,青森,伊丹
2026-09-15,JAL4422,AOJ,NKM,10:15,11:40,青森,名古屋
2026-09-15,JAL2804,AOJ,CTS,11:00,11:45,青森,新千歳
2026-09-15,JAL144,AOJ,HND,12:00,13:20,青森,羽田
2026-09-15,JAL4424,AOJ,NKM,13:25,14:50,青森,名古屋
2026-09-15,JAL2154,AOJ,ITM,14:00,15:30,青森,伊丹
2026-09-15,JAL2806,AOJ,CTS,15:00,15:45,青森,新千歳
2026-09-15,JAL146,AOJ,HND,15:20,16:40,青森,羽田
2026-09-15,JAL148,AOJ,HND,17:55,19:15,青森,羽田
2026-09-15,JAL2158,AOJ,ITM,18:45,20:30,青森,伊丹
2026-09-15,JAL4428,AOJ,NKM,19:50,21:15,青森,名古屋
2026-09-15,JAL2810,AOJ,CTS,20:15,21:00,青森,新千歳
2026-09-15,JAL150,AOJ,HND,20:45,22:05,青森,羽田
2026-09-15,JAL3722,ASJ,KOJ,08:45,09:35,奄美,鹿児島
2026-09-15,JAL3831,ASJ,KKX,09:25,09:45,奄美,喜界
2026-09-15,JAL3841,ASJ,TKN,10:55,11:25,奄美,徳之島
2026-09-15,JAL3861,ASJ,RNJ,11:15,12:00,奄美,与論
2026-09-15,JAL3726,ASJ,KOJ,11:45,12:35,奄美,鹿児島
2026-09-15,JAL2464,ASJ,ITM,12:05,13:35,奄美,伊丹
2026-09-15,JAL3728,ASJ,KOJ,13:20,14:15,奄美,鹿児島
2026-09-15,JAL658,ASJ,HND,14:20,16:30,奄美,羽田
2026-09-15,JAL3730,ASJ,KOJ,14:35,15:30,奄美,鹿児島
2026-09-15,JAL3837,ASJ,KKX,15:40,16:00,奄美,喜界
2026-09-15,JAL3734,ASJ,KOJ,17:25,18:30,奄美,鹿児島
2026-09-15,JAL3843,ASJ,TKN,18:00,18:30,奄美,徳之島
2026-09-15,JAL3684,ASJ,FUK,18:20,19:40,奄美,福岡
2026-09-15,JAL3738,ASJ,KOJ,19:00,20:05,奄美,鹿児島
2026-09-15,JAL3890,AXJ,FUK,07:40,08:20,天草,福岡
2026-09-15,JAL3872,AXJ,KMJ,09:55,10:15,天草,熊本
2026-09-15,JAL3894,AXJ,FUK,15:45,16:25,天草,福岡
2026-09-15,JAL3898,AXJ,FUK,18:00,18:40,天草,福岡
2026-09-15,JAL162,AXT,HND,08:45,09:55,秋田,羽田
2026-09-15,JAL2172,AXT,ITM,09:45,11:10,秋田,伊丹
2026-09-15,JAL164,AXT,HND,12:10,13:20,秋田,羽田
2026-09-15,JAL2824,AXT,OKD,12:25,13:30,秋田,丘珠
2026-09-15,JAL2174,AXT,ITM,14:10,15:35,秋田,伊丹
2026-09-15,JAL166,AXT,HND,17:00,18:10,秋田,羽田
2026-09-15,JAL2176,AXT,ITM,18:15,19:40,秋田,伊丹
2026-09-15,JAL2826,AXT,OKD,18:45,19:50,秋田,丘珠
2026-09-15,JAL168,AXT,HND,20:50,22:00,秋田,羽田
2026-09-15,JAL2900,CTS,SDJ,07:35,08:40,新千歳,仙台
2026-09-15,JAL590,CTS,HND,07:35,09:10,新千歳,羽田
2026-09-15,JAL2713,CTS,MMB,07:40,08:25,新千歳,女満別
2026-09-15,JAL500,CTS,HND,07:40,09:20,新千歳,羽田
2026-09-15,JAL502,CTS,HND,08:50,10:25,新千歳,羽田
2026-09-15,JAL2000,CTS,ITM,09:00,10:50,新千歳,伊丹
2026-09-15,JAL2803,CTS,AOJ,09:40,10:25,新千歳,青森
2026-09-15,JAL504,CTS,HND,09:45,11:25,新千歳,羽田
2026-09-15,JAL3106,CTS,NGO,10:10,11:55,新千歳,中部国際
2026-09-15,JAL2831,CTS,HNA,10:15,11:10,新千歳,花巻
2026-09-15,JAL3510,CTS,FUK,10:30,12:55,新千歳,福岡
2026-09-15,JAL4483,CTS,KIJ,10:40,12:00,新千歳,新潟
2026-09-15,JAL506,CTS,HND,10:50,12:30,新千歳,羽田
2026-09-15,JAL2902,CTS,SDJ,11:00,12:10,新千歳,仙台
2026-09-15,JAL508,CTS,HND,11:25,13:05,新千歳,羽田
2026-09-15,JAL2504,CTS,KIX,11:50,14:05,新千歳,関西国際
2026-09-15,JAL2004,CTS,ITM,12:05,14:00,新千歳,伊丹
2026-09-15,JAL2715,CTS,MMB,12:30,13:15,新千歳,女満別
2026-09-15,JAL510,CTS,HND,12:45,14:30,新千歳,羽田
2026-09-15,JAL3512,CTS,FUK,13:30,15:55,新千歳,福岡
2026-09-15,JAL4324,CTS,FSZ,13:35,15:30,新千歳,静岡
2026-09-15,JAL2805,CTS,AOJ,13:40,14:25,新千歳,青森
2026-09-15,JAL512,CTS,HND,14:00,15:40,新千歳,羽田
2026-09-15,JAL4485,CTS,KIJ,14:05,15:25,新千歳,新潟
2026-09-15,JAL4491,CTS,GAJ,14:35,15:50,新千歳,山形
2026-09-15,JAL2904,CTS,SDJ,14:35,15:40,新千歳,仙台
2026-09-15,JAL3406,CTS,HIJ,15:00,17:05,新千歳,広島
2026-09-15,JAL3114,CTS,NGO,15:05,16:50,新千歳,中部国際
2026-09-15,JAL2008,CTS,ITM,15:05,17:00,新千歳,伊丹
2026-09-15,JAL514,CTS,HND,15:10,16:55,新千歳,羽田
2026-09-15,JAL4353,CTS,MMJ,15:40,17:15,新千歳,松本
2026-09-15,JAL2010,CTS,ITM,15:55,17:45,新千歳,伊丹
2026-09-15,JAL516,CTS,HND,16:05,17:45,新千歳,羽田
2026-09-15,JAL2719,CTS,MMB,16:10,16:50,新千歳,女満別
2026-09-15,JAL2839,CTS,HNA,16:30,17:25,新千歳,花巻
2026-09-15,JAL518,CTS,HND,17:00,18:45,新千歳,羽田
2026-09-15,JAL520,CTS,HND,17:15,18:55,新千歳,羽田
2026-09-15,JAL2016,CTS,ITM,17:45,19:40,新千歳,伊丹
2026-09-15,JAL2506,CTS,KIX,17:55,20:10,新千歳,関西国際
2026-09-15,JAL522,CTS,HND,18:00,19:45,新千歳,羽田
2026-09-15,JAL4472,CTS,FUK,18:05,20:55,新千歳,福岡
2026-09-15,JAL2809,CTS,AOJ,18:45,19:30,新千歳,青森
2026-09-15,JAL2906,CTS,SDJ,18:55,20:00,新千歳,仙台
2026-09-15,JAL524,CTS,HND,19:15,20:55,新千歳,羽田
2026-09-15,JAL2910,CTS,SDJ,19:45,20:50,新千歳,仙台
2026-09-15,JAL3118,CTS,NGO,19:55,21:40,新千歳,中部国際
2026-09-15,JAL526,CTS,HND,20:15,21:55,新千歳,羽田
2026-09-15,JAL528,CTS,HND,21:10,22:55,新千歳,羽田
2026-09-15,JAL530,CTS,HND,21:20,23:05,新千歳,羽田
2026-09-15,JAL4312,FSZ,FUK,08:10,09:50,静岡,福岡
2026-09-15,JAL4331,FSZ,OKD,08:55,10:40,静岡,丘珠
2026-09-15,JAL4323,FSZ,CTS,12:10,14:00,静岡,新千歳
2026-09-15,JAL4305,FSZ,KOJ,12:40,14:15,静岡,鹿児島
2026-09-15,JAL4314,FSZ,FUK,16:15,18:00,静岡,福岡
2026-09-15,JAL4316,FSZ,FUK,17:00,18:45,静岡,福岡
2026-09-15,JAL4094,FUJ,FUK,10:50,11:35,五島福江,福岡
2026-09-15,JAL4074,FUJ,NGS,13:40,14:10,五島福江,長崎
2026-09-15,JAL4098,FUJ,FUK,14:20,15:05,五島福江,福岡
2026-09-15,JAL4078,FUJ,NGS,17:00,17:30,五島福江,長崎
2026-09-15,JAL4096,FUJ,FUK,17:55,18:40,五島福江,福岡
2026-09-15,JAL300,FUK,HND,07:00,08:45,福岡,羽田
2026-09-15,JAL3681,FUK,ASJ,07:05,08:15,福岡,奄美
2026-09-15,JAL3591,FUK,MYJ,07:10,07:55,福岡,松山
2026-09-15,JAL3551,FUK,IZO,07:15,08:25,福岡,出雲
2026-09-15,JAL3623,FUK,KMI,07:15,08:00,福岡,宮崎
2026-09-15,JTA051,FUK,OKA,07:15,08:50,福岡,那覇
2026-09-15,JAL302,FUK,HND,07:20,09:05,福岡,羽田
2026-09-15,JAL4471,FUK,CTS,07:45,10:05,福岡,新千歳
2026-09-15,JAL4079,FUK,TSJ,07:45,08:20,福岡,対馬
2026-09-15,JAL2050,FUK,ITM,07:50,08:55,福岡,伊丹
2026-09-15,JAL4341,FUK,MMJ,08:00,09:30,福岡,松本
2026-09-15,JAL304,FUK,HND,08:05,09:50,福岡,羽田
2026-09-15,JAL3891,FUK,AXJ,08:50,09:25,福岡,天草
2026-09-15,JAL4529,FUK,SDJ,08:55,10:45,福岡,仙台
2026-09-15,JAL3581,FUK,KCZ,09:00,09:55,福岡,高知
2026-09-15,JAL306,FUK,HND,09:10,10:55,福岡,羽田
2026-09-15,JTA053,FUK,OKA,09:30,11:15,福岡,那覇
2026-09-15,JAL3625,FUK,KMI,09:45,10:35,福岡,宮崎
2026-09-15,JAL3563,FUK,TKS,09:55,10:55,福岡,徳島
2026-09-15,JAL4313,FUK,FSZ,09:55,11:25,福岡,静岡
2026-09-15,JAL4081,FUK,TSJ,09:55,10:30,福岡,対馬
2026-09-15,JAL308,FUK,HND,10:00,11:45,福岡,羽田
2026-09-15,JAL4315,FUK,FSZ,10:25,11:55,福岡,静岡
2026-09-15,JAL310,FUK,HND,11:00,12:50,福岡,羽田
2026-09-15,JAL3627,FUK,KMI,11:40,12:30,福岡,宮崎
2026-09-15,JAL3513,FUK,CTS,11:50,14:10,福岡,新千歳
2026-09-15,JAL312,FUK,HND,11:55,13:40,福岡,羽田
2026-09-15,JAL3595,FUK,MYJ,11:55,12:40,福岡,松山
2026-09-15,JAL4095,FUK,FUJ,12:10,13:00,福岡,五島福江
2026-09-15,JAL3629,FUK,KMI,12:40,13:25,福岡,宮崎
2026-09-15,JAL314,FUK,HND,12:50,14:40,福岡,羽田
2026-09-15,JAL3653,FUK,KOJ,12:50,13:40,福岡,鹿児島
2026-09-15,JAL4525,FUK,HNA,12:55,14:50,福岡,花巻
2026-09-15,JTA057,FUK,OKA,12:55,14:40,福岡,那覇
2026-09-15,JAL3601,FUK,MYJ,13:30,14:15,福岡,松山
2026-09-15,JAL3673,FUK,KUM,13:50,15:00,福岡,屋久島
2026-09-15,JAL4345,FUK,MMJ,13:55,15:25,福岡,松本
2026-09-15,JAL316,FUK,HND,14:00,15:50,福岡,羽田
2026-09-15,JAL3515,FUK,CTS,14:15,16:30,福岡,新千歳
2026-09-15,JAL318,FUK,HND,14:30,16:25,福岡,羽田
2026-09-15,JAL3633,FUK,KMI,14:30,15:20,福岡,宮崎
2026-09-15,JAL4390,FUK,NKM,14:55,16:15,福岡,名古屋
2026-09-15,JAL2056,FUK,ITM,15:00,16:15,福岡,伊丹
2026-09-15,JAL4531,FUK,SDJ,15:25,17:15,福岡,仙台
2026-09-15,JAL3635,FUK,KMI,15:25,16:10,福岡,宮崎
2026-09-15,JAL4099,FUK,FUJ,15:40,16:30,福岡,五島福江
2026-09-15,JAL2058,FUK,ITM,15:50,17:00,福岡,伊丹
2026-09-15,JTA061,FUK,OKA,15:55,17:35,福岡,那覇
2026-09-15,JAL320,FUK,HND,16:00,17:50,福岡,羽田
2026-09-15,JAL3587,FUK,KCZ,16:10,17:00,福岡,高知
2026-09-15,JAL322,FUK,HND,16:30,18:20,福岡,羽田
2026-09-15,JAL4477,FUK,KIJ,16:35,18:15,福岡,新潟
2026-09-15,JAL4097,FUK,FUJ,16:40,17:25,福岡,五島福江
2026-09-15,JAL3895,FUK,AXJ,16:55,17:30,福岡,天草
2026-09-15,JAL324,FUK,HND,17:05,18:55,福岡,羽田
2026-09-15,JTA063,FUK,OKA,17:25,19:05,福岡,那覇
2026-09-15,JAL3555,FUK,IZO,17:35,18:45,福岡,出雲
2026-09-15,JAL3607,FUK,MYJ,17:40,18:25,福岡,松山
2026-09-15,JAL326,FUK,HND,18:15,20:05,福岡,羽田
2026-09-15,JAL3567,FUK,TKS,18:20,19:20,福岡,徳島
2026-09-15,JAL4317,FUK,FSZ,18:50,20:20,福岡,静岡
2026-09-15,JAL2060,FUK,ITM,19:00,20:20,福岡,伊丹
2026-09-15,JAL328,FUK,HND,19:10,20:55,福岡,羽田
2026-09-15,JAL3899,FUK,AXJ,19:10,19:45,福岡,天草
2026-09-15,JAL4392,FUK,NKM,19:15,20:35,福岡,名古屋
2026-09-15,JAL3639,FUK,KMI,19:15,20:00,福岡,宮崎
2026-09-15,JAL330,FUK,HND,20:00,21:45,福岡,羽田
2026-09-15,JAL4394,FUK,NKM,20:00,21:20,福岡,名古屋
2026-09-15,JTA065,FUK,OKA,20:55,22:30,福岡,那覇
2026-09-15,JAL332,FUK,HND,21:00,22:45,福岡,羽田
2026-09-15,JAL2234,GAJ,ITM,08:50,10:10,山形,伊丹
2026-09-15,JAL174,GAJ,HND,09:50,10:55,山形,羽田
2026-09-15,JAL4442,GAJ,NKM,10:40,11:50,山形,名古屋
2026-09-15,JAL4490,GAJ,CTS,13:55,15:05,山形,新千歳
2026-09-15,JAL2236,GAJ,ITM,14:50,16:10,山形,伊丹
2026-09-15,JAL4446,GAJ,NKM,16:20,17:30,山形,名古屋
2026-09-15,JAL2238,GAJ,ITM,18:05,19:20,山形,伊丹
2026-09-15,JAL178,GAJ,HND,19:10,20:15,山形,羽田
2026-09-15,JAL252,HIJ,HND,07:35,09:00,広島,羽田
2026-09-15,JAL254,HIJ,HND,09:25,10:50,広島,羽田
2026-09-15,JAL3403,HIJ,CTS,10:50,12:45,広島,新千歳
2026-09-15,JAL256,HIJ,HND,12:10,13:35,広島,羽田
2026-09-15,JAL258,HIJ,HND,13:45,15:10,広島,羽田
2026-09-15,JAL262,HIJ,HND,16:25,17:55,広島,羽田
2026-09-15,JAL264,HIJ,HND,18:10,19:40,広島,羽田
2026-09-15,JAL266,HIJ,HND,20:35,22:00,広島,羽田
2026-09-15,JAL2740,HKD,OKD,07:50,08:30,函館,丘珠
2026-09-15,JAL2742,HKD,OKD,08:45,09:25,函館,丘珠
2026-09-15,JAL2744,HKD,OKD,09:30,10:10,函館,丘珠
2026-09-15,JAL584,HKD,HND,09:40,11:10,函館,羽田
2026-09-15,JAL2791,HKD,OIR,11:45,12:15,函館,奥尻
2026-09-15,JAL2124,HKD,ITM,13:10,14:50,函館,伊丹
2026-09-15,JAL2748,HKD,OKD,13:45,14:25,函館,丘珠
2026-09-15,JAL2750,HKD,OKD,14:00,14:40,函館,丘珠
2026-09-15,JAL586,HKD,HND,15:00,16:25,函館,羽田
2026-09-15,JAL2752,HKD,OKD,15:55,16:35,函館,丘珠
2026-09-15,JAL2756,HKD,OKD,19:15,19:55,函館,丘珠
2026-09-15,JAL588,HKD,HND,19:30,21:00,函館,羽田
2026-09-15,JAL4412,HNA,NKM,09:10,10:25,花巻,名古屋
2026-09-15,JAL2180,HNA,ITM,09:20,10:45,花巻,伊丹
2026-09-15,JAL2830,HNA,CTS,11:40,12:35,花巻,新千歳
2026-09-15,JAL2182,HNA,ITM,13:30,14:55,花巻,伊丹
2026-09-15,JAL4524,HNA,FUK,13:55,16:05,花巻,福岡
2026-09-15,JAL4416,HNA,NKM,15:20,16:35,花巻,名古屋
2026-09-15,JAL2186,HNA,ITM,15:25,16:50,花巻,伊丹
2026-09-15,JAL4418,HNA,NKM,17:40,18:55,花巻,名古屋
2026-09-15,JAL2838,HNA,CTS,17:55,18:55,花巻,新千歳
2026-09-15,JAL2190,HNA,ITM,18:40,20:15,花巻,伊丹
2026-09-15,JAL623,HND,KMJ,06:20,08:00,羽田,熊本
2026-09-15,JAL303,HND,FUK,06:25,08:10,羽田,福岡
2026-09-15,JAL641,HND,KOJ,06:25,08:05,羽田,鹿児島
2026-09-15,JAL101,HND,ITM,06:30,07:35,羽田,伊丹
2026-09-15,JAL901,HND,OKA,06:30,09:00,羽田,那覇
2026-09-15,JAL501,HND,CTS,06:35,08:05,羽田,新千歳
2026-09-15,JAL141,HND,AOJ,06:45,07:55,羽田,青森
2026-09-15,JAL431,HND,MYJ,06:50,08:15,羽田,松山
2026-09-15,JAL161,HND,AXT,07:00,08:05,羽田,秋田
2026-09-15,JAL453,HND,TKS,07:00,08:10,羽田,徳島
2026-09-15,JAL565,HND,MMB,07:05,08:45,羽田,女満別
2026-09-15,JAL305,HND,FUK,07:05,08:50,羽田,福岡
2026-09-15,JAL971,HND,ISG,07:05,09:55,羽田,新石垣
2026-09-15,JAL183,HND,KMQ,07:10,08:10,羽田,小松
2026-09-15,JAL277,HND,IZO,07:10,08:30,羽田,出雲
2026-09-15,JAL503,HND,CTS,07:15,08:45,羽田,新千歳
2026-09-15,JAL175,HND,GAJ,07:20,08:15,羽田,山形
2026-09-15,JAL221,HND,KIX,07:20,08:35,羽田,関西国際
2026-09-15,JAL903,HND,OKA,07:20,09:50,羽田,那覇
2026-09-15,JAL253,HND,HIJ,07:25,08:40,羽田,広島
2026-09-15,JAL585,HND,HKD,07:30,08:50,羽田,函館
2026-09-15,JAL103,HND,ITM,07:30,08:35,羽田,伊丹
2026-09-15,JAL491,HND,KCZ,07:30,08:50,羽田,高知
2026-09-15,JAL605,HND,NGS,07:30,09:15,羽田,長崎
2026-09-15,JAL551,HND,AKJ,07:35,09:10,羽田,旭川
2026-09-15,JAL541,HND,KUH,07:45,09:20,羽田,釧路
2026-09-15,JAL573,HND,OBO,07:45,09:15,羽田,帯広
2026-09-15,JAL213,HND,SHM,07:45,08:55,羽田,南紀白浜
2026-09-15,JAL475,HND,TAK,07:50,09:05,羽田,高松
2026-09-15,JAL291,HND,UBJ,08:00,09:40,羽田,山口宇部
2026-09-15,JAL307,HND,FUK,08:00,09:45,羽田,福岡
2026-09-15,JAL661,HND,OIT,08:00,09:35,羽田,大分
2026-09-15,JAL625,HND,KMJ,08:00,09:45,羽田,熊本
2026-09-15,JAL153,HND,MSJ,08:05,09:20,羽田,三沢
2026-09-15,JAL687,HND,KMI,08:05,09:45,羽田,宮崎
2026-09-15,JAL643,HND,KOJ,08:05,09:50,羽田,鹿児島
2026-09-15,JAL905,HND,OKA,08:05,10:40,羽田,那覇
2026-09-15,JAL201,HND,NGO,08:15,09:10,羽田,中部国際
2026-09-15,JAL231,HND,OKJ,08:15,09:30,羽田,岡山
2026-09-15,JAL373,HND,KKJ,08:15,09:50,羽田,北九州
2026-09-15,JAL505,HND,CTS,08:20,09:55,羽田,新千歳
2026-09-15,JAL107,HND,ITM,08:30,09:35,羽田,伊丹
2026-09-15,JAL907,HND,OKA,08:40,11:15,羽田,那覇
2026-09-15,JAL507,HND,CTS,08:50,10:25,羽田,新千歳
2026-09-15,JAL255,HND,HIJ,08:50,10:10,羽田,広島
2026-09-15,JAL309,HND,FUK,09:05,10:55,羽田,福岡
2026-09-15,JAL433,HND,MYJ,09:15,10:40,羽田,松山
2026-09-15,JAL493,HND,KCZ,09:15,10:35,羽田,高知
2026-09-15,JAL311,HND,FUK,09:15,11:05,羽田,福岡
2026-09-15,JAL185,HND,KMQ,09:30,10:35,羽田,小松
2026-09-15,JAL111,HND,ITM,09:35,10:40,羽田,伊丹
2026-09-15,JAL663,HND,OIT,09:35,11:10,羽田,大分
2026-09-15,JAL909,HND,OKA,09:40,12:15,羽田,那覇
2026-09-15,JAL509,HND,CTS,09:45,11:20,羽田,新千歳
2026-09-15,JAL279,HND,IZO,09:50,11:15,羽田,出雲
2026-09-15,JAL477,HND,TAK,09:50,11:05,羽田,高松
2026-09-15,JAL689,HND,KMI,09:55,11:35,羽田,宮崎
2026-09-15,JAL143,HND,AOJ,10:00,11:20,羽田,青森
2026-09-15,JAL313,HND,FUK,10:00,11:45,羽田,福岡
2026-09-15,JAL627,HND,KMJ,10:00,11:45,羽田,熊本
2026-09-15,JAL607,HND,NGS,10:05,11:55,羽田,長崎
2026-09-15,JAL645,HND,KOJ,10:05,11:50,羽田,鹿児島
2026-09-15,JAL257,HND,HIJ,10:10,11:30,羽田,広島
2026-09-15,JAL511,HND,CTS,10:15,11:50,羽田,新千歳
2026-09-15,JAL233,HND,OKJ,10:20,11:40,羽田,岡山
2026-09-15,JAL455,HND,TKS,10:25,11:40,羽田,徳島
2026-09-15,JAL163,HND,AXT,10:30,11:35,羽田,秋田
2026-09-15,JAL113,HND,ITM,10:30,11:35,羽田,伊丹
2026-09-15,JAL913,HND,OKA,10:35,13:10,羽田,那覇
2026-09-15,JAL933,HND,MMY,10:40,13:25,羽田,宮古
2026-09-15,JAL155,HND,MSJ,10:45,12:05,羽田,三沢
2026-09-15,JAL575,HND,OBO,11:00,12:35,羽田,帯広
2026-09-15,JAL315,HND,FUK,11:00,12:50,羽田,福岡
2026-09-15,JAL479,HND,TAK,11:05,12:25,羽田,高松
2026-09-15,JAL553,HND,AKJ,11:10,12:50,羽田,旭川
2026-09-15,JAL513,HND,CTS,11:25,13:05,羽田,新千歳
2026-09-15,JAL629,HND,KMJ,11:25,13:10,羽田,熊本
2026-09-15,JAL659,HND,ASJ,11:25,13:35,羽田,奄美
2026-09-15,JAL115,HND,ITM,11:30,12:35,羽田,伊丹
2026-09-15,JAL215,HND,SHM,11:30,12:40,羽田,南紀白浜
2026-09-15,JAL987,HND,OKA,11:30,14:05,羽田,那覇
2026-09-15,JAL259,HND,HIJ,11:40,13:05,羽田,広島
2026-09-15,JAL691,HND,KMI,11:40,13:25,羽田,宮崎
2026-09-15,JAL317,HND,FUK,11:55,13:45,羽田,福岡
2026-09-15,JAL915,HND,OKA,11:55,14:30,羽田,那覇
2026-09-15,JAL647,HND,KOJ,12:00,13:45,羽田,鹿児島
2026-09-15,JAL665,HND,OIT,12:05,13:40,羽田,大分
2026-09-15,JAL435,HND,MYJ,12:10,13:35,羽田,松山
2026-09-15,JAL543,HND,KUH,12:15,13:50,羽田,釧路
2026-09-15,JAL567,HND,MMB,12:25,14:10,羽田,女満別
2026-09-15,JAL117,HND,ITM,12:30,13:35,羽田,伊丹
2026-09-15,JAL609,HND,NGS,12:30,14:20,羽田,長崎
2026-09-15,JAL225,HND,KIX,12:35,14:00,羽田,関西国際
2026-09-15,JAL515,HND,CTS,12:40,14:15,羽田,新千歳
2026-09-15,JAL459,HND,TKS,12:40,14:00,羽田,徳島
2026-09-15,JAL293,HND,UBJ,12:45,14:20,羽田,山口宇部
2026-09-15,JAL587,HND,HKD,12:50,14:10,羽田,函館
2026-09-15,JAL631,HND,KMJ,12:50,14:35,羽田,熊本
2026-09-15,JAL319,HND,FUK,12:55,14:40,羽田,福岡
2026-09-15,JAL481,HND,TAK,13:00,14:15,羽田,高松
2026-09-15,JAL187,HND,KMQ,13:05,14:10,羽田,小松
2026-09-15,JAL145,HND,AOJ,13:15,14:30,羽田,青森
2026-09-15,JAL517,HND,CTS,13:30,15:05,羽田,新千歳
2026-09-15,JAL119,HND,ITM,13:30,14:35,羽田,伊丹
2026-09-15,JAL611,HND,NGS,13:30,15:20,羽田,長崎
2026-09-15,JAL375,HND,KKJ,13:40,15:15,羽田,北九州
2026-09-15,JAL321,HND,FUK,13:45,15:30,羽田,福岡
2026-09-15,JAL577,HND,OBO,13:50,15:25,羽田,帯広
2026-09-15,JAL917,HND,OKA,13:55,16:25,羽田,那覇
2026-09-15,JAL555,HND,AKJ,14:05,15:40,羽田,旭川
2026-09-15,JAL495,HND,KCZ,14:05,15:25,羽田,高知
2026-09-15,JAL263,HND,HIJ,14:15,15:40,羽田,広島
2026-09-15,JAL649,HND,KOJ,14:15,15:55,羽田,鹿児島
2026-09-15,JAL693,HND,KMI,14:20,16:00,羽田,宮崎
2026-09-15,JAL519,HND,CTS,14:25,16:00,羽田,新千歳
2026-09-15,JAL237,HND,OKJ,14:30,15:45,羽田,岡山
2026-09-15,JAL121,HND,ITM,14:35,15:40,羽田,伊丹
2026-09-15,JAL633,HND,KMJ,14:40,16:20,羽田,熊本
2026-09-15,JAL165,HND,AXT,14:50,15:55,羽田,秋田
2026-09-15,JAL973,HND,ISG,14:50,17:40,羽田,新石垣
2026-09-15,JAL157,HND,MSJ,14:55,16:10,羽田,三沢
2026-09-15,JAL125,HND,ITM,14:55,16:00,羽田,伊丹
2026-09-15,JAL283,HND,IZO,14:55,16:15,羽田,出雲
2026-09-15,JAL667,HND,OIT,15:05,16:40,羽田,大分
2026-09-15,JAL483,HND,TAK,15:10,16:30,羽田,高松
2026-09-15,JAL919,HND,OKA,15:10,17:40,羽田,那覇
2026-09-15,JAL521,HND,CTS,15:25,17:00,羽田,新千歳
2026-09-15,JAL323,HND,FUK,15:25,17:15,羽田,福岡
2026-09-15,JAL437,HND,MYJ,15:30,16:55,羽田,松山
2026-09-15,JAL461,HND,TKS,15:40,16:55,羽田,徳島
2026-09-15,JAL325,HND,FUK,15:55,17:50,羽田,福岡
2026-09-15,JAL921,HND,OKA,15:55,18:25,羽田,那覇
2026-09-15,JAL147,HND,AOJ,16:00,17:10,羽田,青森
2026-09-15,JAL695,HND,KMI,16:25,18:00,羽田,宮崎
2026-09-15,JAL127,HND,ITM,16:30,17:35,羽田,伊丹
2026-09-15,JAL219,HND,SHM,16:30,17:40,羽田,南紀白浜
2026-09-15,JAL651,HND,KOJ,16:30,18:10,羽田,鹿児島
2026-09-15,JAL523,HND,CTS,16:40,18:20,羽田,新千歳
2026-09-15,JAL669,HND,OIT,16:40,18:15,羽田,大分
2026-09-15,JAL295,HND,UBJ,16:45,18:20,羽田,山口宇部
2026-09-15,JAL189,HND,KMQ,16:50,17:55,羽田,小松
2026-09-15,JAL285,HND,IZO,16:55,18:25,羽田,出雲
2026-09-15,JAL439,HND,MYJ,16:55,18:20,羽田,松山
2026-09-15,JAL497,HND,KCZ,16:55,18:15,羽田,高知
2026-09-15,JAL923,HND,OKA,16:55,19:30,羽田,那覇
2026-09-15,JAL327,HND,FUK,17:00,19:00,羽田,福岡
2026-09-15,JAL159,HND,MSJ,17:05,18:30,羽田,三沢
2026-09-15,JAL589,HND,HKD,17:10,18:35,羽田,函館
2026-09-15,JAL569,HND,MMB,17:15,19:10,羽田,女満別
2026-09-15,JAL545,HND,KUH,17:15,19:05,羽田,釧路
2026-09-15,JAL557,HND,AKJ,17:30,19:15,羽田,旭川
2026-09-15,JAL179,HND,GAJ,17:30,18:35,羽田,山形
2026-09-15,JAL239,HND,OKJ,17:30,18:45,羽田,岡山
2026-09-15,JAL525,HND,CTS,17:35,19:15,羽田,新千歳
2026-09-15,JAL579,HND,OBO,17:35,19:20,羽田,帯広
2026-09-15,JAL131,HND,ITM,17:35,18:40,羽田,伊丹
2026-09-15,JAL637,HND,KMJ,17:35,19:20,羽田,熊本
2026-09-15,JAL613,HND,NGS,17:45,19:40,羽田,長崎
2026-09-15,JAL329,HND,FUK,17:55,19:50,羽田,福岡
2026-09-15,JAL653,HND,KOJ,17:55,19:40,羽田,鹿児島
2026-09-15,JAL133,HND,ITM,18:00,19:10,羽田,伊丹
2026-09-15,JAL287,HND,IZO,18:15,19:45,羽田,出雲
2026-09-15,JAL265,HND,HIJ,18:20,19:45,羽田,広島
2026-09-15,JAL463,HND,TKS,18:20,19:35,羽田,徳島
2026-09-15,JAL377,HND,KKJ,18:25,20:00,羽田,北九州
2026-09-15,JAL527,HND,CTS,18:40,20:15,羽田,新千歳
2026-09-15,JAL149,HND,AOJ,18:40,19:55,羽田,青森
2026-09-15,JAL137,HND,ITM,18:40,19:50,羽田,伊丹
2026-09-15,JAL485,HND,TAK,18:40,19:55,羽田,高松
2026-09-15,JAL191,HND,KMQ,18:45,19:50,羽田,小松
2026-09-15,JAL331,HND,FUK,18:45,20:35,羽田,福岡
2026-09-15,JAL499,HND,KCZ,18:55,20:15,羽田,高知
2026-09-15,JAL697,HND,KMI,18:55,20:35,羽田,宮崎
2026-09-15,JAL297,HND,UBJ,19:00,20:35,羽田,山口宇部
2026-09-15,JAL167,HND,AXT,19:10,20:15,羽田,秋田
2026-09-15,JAL139,HND,ITM,19:10,20:30,羽田,伊丹
2026-09-15,JAL639,HND,KMJ,19:10,20:55,羽田,熊本
2026-09-15,JAL333,HND,FUK,19:15,21:05,羽田,福岡
2026-09-15,JAL655,HND,KOJ,19:25,21:05,羽田,鹿児島
2026-09-15,JAL615,HND,NGS,19:30,21:20,羽田,長崎
2026-09-15,JAL335,HND,FUK,19:35,21:30,羽田,福岡
2026-09-15,JAL241,HND,OKJ,19:40,20:55,羽田,岡山
2026-09-15,JAL443,HND,MYJ,19:45,21:10,羽田,松山
2026-09-15,JAL465,HND,TKS,19:45,20:55,羽田,徳島
2026-09-15,JAL151,HND,AOJ,19:50,21:05,羽田,青森
2026-09-15,JAL529,HND,CTS,19:55,21:30,羽田,新千歳
2026-09-15,JAL209,HND,NGO,19:55,20:55,羽田,中部国際
2026-09-15,JAL267,HND,HIJ,19:55,21:20,羽田,広島
2026-09-15,JAL925,HND,OKA,20:05,22:30,羽田,那覇
2026-09-15,JAL487,HND,TAK,20:15,21:30,羽田,高松
2026-09-15,JAL671,HND,OIT,20:15,21:45,羽田,大分
2026-09-15,JAL599,HND,CTS,20:30,22:05,羽田,新千歳
2026-09-15,JAL193,HND,KMQ,20:40,21:40,羽田,小松
2026-09-15,JAL229,HND,KIX,20:40,21:55,羽田,関西国際
2026-09-15,JAL531,HND,CTS,20:45,22:20,羽田,新千歳
2026-09-15,JAL4042,IKI,NGS,09:55,10:25,壱岐,長崎
2026-09-15,JAL4044,IKI,NGS,17:50,18:20,壱岐,長崎
2026-09-15,JTA600,ISG,OKA,08:55,10:00,新石垣,那覇
2026-09-15,RAC741,ISG,OGN,09:55,10:25,新石垣,与那国
2026-09-15,JAL972,ISG,HND,11:10,14:05,新石垣,羽田
2026-09-15,JTA608,ISG,OKA,11:15,12:20,新石垣,那覇
2026-09-15,RAC743,ISG,OGN,12:35,13:05,新石垣,与那国
2026-09-15,JTA612,ISG,OKA,13:00,14:05,新石垣,那覇
2026-09-15,JTA614,ISG,OKA,14:00,15:00,新石垣,那覇
2026-09-15,RAC834,ISG,MMY,14:45,15:15,新石垣,宮古
2026-09-15,JTA622,ISG,OKA,16:25,17:25,新石垣,那覇
2026-09-15,RAC747,ISG,OGN,17:50,18:20,新石垣,与那国
2026-09-15,JTA626,ISG,OKA,18:40,19:45,新石垣,那覇
2026-09-15,RAC838,ISG,MMY,19:00,19:30,新石垣,宮古
2026-09-15,JAL974,ISG,HND,19:15,22:10,新石垣,羽田
2026-09-15,JTA086,ISG,KIX,19:50,22:15,新石垣,関西国際
2026-09-15,JAL102,ITM,HND,07:05,08:15,伊丹,羽田
2026-09-15,JAL2371,ITM,NGS,07:05,08:15,伊丹,長崎
2026-09-15,JAL2401,ITM,KOJ,07:05,08:15,伊丹,鹿児島
2026-09-15,JAL2241,ITM,KIJ,07:10,08:15,伊丹,新潟
2026-09-15,JAL2345,ITM,IZO,07:10,08:00,伊丹,出雲
2026-09-15,JAL2431,ITM,KMI,07:10,08:15,伊丹,宮崎
2026-09-15,JAL2051,ITM,FUK,07:15,08:25,伊丹,福岡
2026-09-15,JAL2361,ITM,OIT,07:15,08:15,伊丹,大分
2026-09-15,JAL2201,ITM,SDJ,07:20,08:35,伊丹,仙台
2026-09-15,JAL2181,ITM,HNA,07:25,08:50,伊丹,花巻
2026-09-15,JAL104,ITM,HND,07:25,08:40,伊丹,羽田
2026-09-15,JAL2383,ITM,KMJ,07:30,08:40,伊丹,熊本
2026-09-15,JAL2001,ITM,CTS,07:40,09:30,伊丹,新千歳
2026-09-15,JAL2151,ITM,AOJ,07:45,09:15,伊丹,青森
2026-09-15,JAL2171,ITM,AXT,07:55,09:10,伊丹,秋田
2026-09-15,JAL2233,ITM,GAJ,08:00,09:15,伊丹,山形
2026-09-15,JAL2081,ITM,OKA,08:20,10:25,伊丹,那覇
2026-09-15,JAL106,ITM,HND,08:25,09:35,伊丹,羽田
2026-09-15,JAL2323,ITM,TJH,09:00,09:40,伊丹,但馬
2026-09-15,JAL2161,ITM,MSJ,09:15,10:45,伊丹,三沢
2026-09-15,JAL110,ITM,HND,09:20,10:35,伊丹,羽田
2026-09-15,JAL2405,ITM,KOJ,09:20,10:30,伊丹,鹿児島
2026-09-15,JAL2203,ITM,SDJ,09:30,10:45,伊丹,仙台
2026-09-15,JAL2301,ITM,MYJ,09:30,10:15,伊丹,松山
2026-09-15,JAL2465,ITM,ASJ,09:35,11:10,伊丹,奄美
2026-09-15,JAL2053,ITM,FUK,09:50,11:00,伊丹,福岡
2026-09-15,JAL2365,ITM,OIT,10:10,11:05,伊丹,大分
2026-09-15,JAL2351,ITM,IZO,10:20,11:10,伊丹,出雲
2026-09-15,JAL2385,ITM,KMJ,10:20,11:25,伊丹,熊本
2026-09-15,JAL112,ITM,HND,10:25,11:35,伊丹,羽田
2026-09-15,JAL2243,ITM,KIJ,10:35,11:35,伊丹,新潟
2026-09-15,JAL2433,ITM,KMI,10:35,11:35,伊丹,宮崎
2026-09-15,JAL2123,ITM,HKD,11:00,12:35,伊丹,函館
2026-09-15,JAL2205,ITM,SDJ,11:00,12:15,伊丹,仙台
2026-09-15,JAL2407,ITM,KOJ,11:05,12:15,伊丹,鹿児島
2026-09-15,JAL2373,ITM,NGS,11:20,12:30,伊丹,長崎
2026-09-15,JAL114,ITM,HND,11:25,12:40,伊丹,羽田
2026-09-15,JAL2451,ITM,KUM,11:25,13:10,伊丹,屋久島
2026-09-15,JAL2005,ITM,CTS,11:45,13:35,伊丹,新千歳
2026-09-15,JAL2183,ITM,HNA,11:45,13:00,伊丹,花巻
2026-09-15,JAL2153,ITM,AOJ,12:00,13:25,伊丹,青森
2026-09-15,JAL2173,ITM,AXT,12:20,13:35,伊丹,秋田
2026-09-15,JAL116,ITM,HND,12:25,13:40,伊丹,羽田
2026-09-15,JAL2007,ITM,CTS,12:45,14:30,伊丹,新千歳
2026-09-15,JAL3881,ITM,KMJ,12:50,14:20,伊丹,熊本
2026-09-15,JAL2375,ITM,NGS,13:00,14:15,伊丹,長崎
2026-09-15,JAL2235,ITM,GAJ,13:10,14:20,伊丹,山形
2026-09-15,JAL2057,ITM,FUK,13:10,14:20,伊丹,福岡
2026-09-15,JAL118,ITM,HND,13:25,14:40,伊丹,羽田
2026-09-15,JAL2185,ITM,HNA,13:35,14:55,伊丹,花巻
2026-09-15,JAL2331,ITM,OKI,13:45,14:35,伊丹,隠岐
2026-09-15,JAL2207,ITM,SDJ,13:50,15:00,伊丹,仙台
2026-09-15,JAL2387,ITM,KMJ,13:50,14:55,伊丹,熊本
2026-09-15,JAL120,ITM,HND,14:20,15:35,伊丹,羽田
2026-09-15,JAL2247,ITM,KIJ,14:30,15:30,伊丹,新潟
2026-09-15,JAL3006,ITM,NRT,14:35,16:00,伊丹,成田
2026-09-15,JAL2355,ITM,IZO,14:35,15:25,伊丹,出雲
2026-09-15,JAL2087,ITM,OKA,14:50,16:50,伊丹,那覇
2026-09-15,JAL2009,ITM,CTS,15:15,17:00,伊丹,新千歳
2026-09-15,JAL2409,ITM,KOJ,15:15,16:20,伊丹,鹿児島
2026-09-15,JAL2209,ITM,SDJ,15:30,16:45,伊丹,仙台
2026-09-15,JAL124,ITM,HND,15:35,17:00,伊丹,羽田
2026-09-15,JAL2163,ITM,MSJ,15:40,17:10,伊丹,三沢
2026-09-15,JAL2411,ITM,KOJ,16:15,17:25,伊丹,鹿児島
2026-09-15,JAL2237,ITM,GAJ,16:25,17:35,伊丹,山形
2026-09-15,JAL2179,ITM,AXT,16:30,17:45,伊丹,秋田
2026-09-15,JAL126,ITM,HND,16:30,17:50,伊丹,羽田
2026-09-15,JAL2309,ITM,MYJ,16:30,17:15,伊丹,松山
2026-09-15,JAL2439,ITM,KMI,16:30,17:35,伊丹,宮崎
2026-09-15,JAL2187,ITM,HNA,16:45,18:10,伊丹,花巻
2026-09-15,JAL2157,ITM,AOJ,16:50,18:15,伊丹,青森
2026-09-15,JAL128,ITM,HND,16:50,18:10,伊丹,羽田
2026-09-15,JAL2325,ITM,TJH,16:55,17:30,伊丹,但馬
2026-09-15,JAL2213,ITM,SDJ,17:10,18:25,伊丹,仙台
2026-09-15,JAL2377,ITM,NGS,17:20,18:35,伊丹,長崎
2026-09-15,JAL2389,ITM,KMJ,17:25,18:30,伊丹,熊本
2026-09-15,JAL2415,ITM,KOJ,17:25,18:35,伊丹,鹿児島
2026-09-15,JAL2443,ITM,KMI,17:30,18:35,伊丹,宮崎
2026-09-15,JAL2251,ITM,KIJ,17:35,18:40,伊丹,新潟
2026-09-15,JAL2367,ITM,OIT,17:40,18:35,伊丹,大分
2026-09-15,JAL2357,ITM,IZO,18:05,18:55,伊丹,出雲
2026-09-15,JAL130,ITM,HND,18:25,19:40,伊丹,羽田
2026-09-15,JAL2019,ITM,CTS,18:40,20:25,伊丹,新千歳
2026-09-15,JAL134,ITM,HND,19:35,20:50,伊丹,羽田
2026-09-15,JAL2217,ITM,SDJ,19:50,21:05,伊丹,仙台
2026-09-15,JAL2061,ITM,FUK,19:55,21:10,伊丹,福岡
2026-09-15,JAL2445,ITM,KMI,19:55,21:00,伊丹,宮崎
2026-09-15,JAL138,ITM,HND,20:05,21:20,伊丹,羽田
2026-09-15,JAL2419,ITM,KOJ,20:05,21:15,伊丹,鹿児島
2026-09-15,JAL276,IZO,HND,07:35,09:00,出雲,羽田
2026-09-15,JAL2344,IZO,ITM,08:30,09:15,出雲,伊丹
2026-09-15,JAL4462,IZO,NKM,08:45,09:45,出雲,名古屋
2026-09-15,JAL3433,IZO,OKI,09:00,09:30,出雲,隠岐
2026-09-15,JAL278,IZO,HND,09:15,10:35,出雲,羽田
2026-09-15,JAL3550,IZO,FUK,11:00,12:10,出雲,福岡
2026-09-15,JAL2346,IZO,ITM,11:40,12:25,出雲,伊丹
2026-09-15,JAL280,IZO,HND,11:55,13:20,出雲,羽田
2026-09-15,JAL2356,IZO,ITM,16:00,16:45,出雲,伊丹
2026-09-15,JAL284,IZO,HND,17:15,18:50,出雲,羽田
2026-09-15,JAL4468,IZO,NKM,18:35,19:35,出雲,名古屋
2026-09-15,JAL286,IZO,HND,19:10,20:35,出雲,羽田
2026-09-15,JAL3554,IZO,FUK,19:15,20:25,出雲,福岡
2026-09-15,JAL2358,IZO,ITM,19:30,20:20,出雲,伊丹
2026-09-15,JAL490,KCZ,HND,07:10,08:30,高知,羽田
2026-09-15,JAL4512,KCZ,NGO,09:15,10:15,高知,中部国際
2026-09-15,JAL492,KCZ,HND,09:35,11:00,高知,羽田
2026-09-15,JAL3582,KCZ,FUK,10:25,11:25,高知,福岡
2026-09-15,JAL494,KCZ,HND,11:15,12:40,高知,羽田
2026-09-15,JAL496,KCZ,HND,16:15,17:45,高知,羽田
2026-09-15,JAL3588,KCZ,FUK,17:30,18:25,高知,福岡
2026-09-15,JAL498,KCZ,HND,19:00,20:25,高知,羽田
2026-09-15,JAL4378,KCZ,NKM,19:50,20:50,高知,名古屋
2026-09-15,JAL2240,KIJ,ITM,08:45,09:50,新潟,伊丹
2026-09-15,JAL4484,KIJ,CTS,11:45,13:00,新潟,新千歳
2026-09-15,JAL2244,KIJ,ITM,12:10,13:15,新潟,伊丹
2026-09-15,JAL4476,KIJ,FUK,12:30,14:20,新潟,福岡
2026-09-15,JAL2246,KIJ,ITM,16:00,17:05,新潟,伊丹
2026-09-15,JAL4486,KIJ,CTS,16:15,17:30,新潟,新千歳
2026-09-15,JAL4436,KIJ,NKM,18:45,19:45,新潟,名古屋
2026-09-15,JAL2250,KIJ,ITM,19:10,20:30,新潟,伊丹
2026-09-15,JAL220,KIX,HND,06:40,07:50,関西国際,羽田
2026-09-15,JTA121,KIX,MMY,07:40,09:55,関西国際,宮古
2026-09-15,JTA001,KIX,OKA,08:20,10:25,関西国際,那覇
2026-09-15,JAL2501,KIX,CTS,09:15,11:10,関西国際,新千歳
2026-09-15,JTA083,KIX,ISG,09:50,12:20,関西国際,新石垣
2026-09-15,JTA005,KIX,OKA,14:05,16:10,関西国際,那覇
2026-09-15,JAL224,KIX,HND,14:45,16:05,関西国際,羽田
2026-09-15,JAL2505,KIX,CTS,15:10,17:05,関西国際,新千歳
2026-09-15,JTA009,KIX,OKA,20:25,22:30,関西国際,那覇
2026-09-15,JAL228,KIX,HND,21:10,22:30,関西国際,羽田
2026-09-15,JAL374,KKJ,HND,10:35,12:10,北九州,羽田
2026-09-15,JAL376,KKJ,HND,15:55,17:40,北九州,羽田
2026-09-15,JAL378,KKJ,HND,20:45,22:20,北九州,羽田
2026-09-15,JAL3780,KKX,KOJ,09:20,10:25,喜界,鹿児島
2026-09-15,JAL3830,KKX,ASJ,10:15,10:35,喜界,奄美
2026-09-15,JAL3786,KKX,KOJ,15:15,16:20,喜界,鹿児島
2026-09-15,JAL3836,KKX,ASJ,16:30,16:50,喜界,奄美
2026-09-15,JAL688,KMI,HND,07:35,09:20,宮崎,羽田
2026-09-15,JAL2430,KMI,ITM,07:35,08:40,宮崎,伊丹
2026-09-15,JAL3624,KMI,FUK,08:30,09:20,宮崎,福岡
2026-09-15,JAL2432,KMI,ITM,08:45,09:50,宮崎,伊丹
2026-09-15,JAL690,KMI,HND,10:30,12:10,宮崎,羽田
2026-09-15,JAL3626,KMI,FUK,11:05,11:55,宮崎,福岡
2026-09-15,JAL692,KMI,HND,12:10,13:55,宮崎,羽田
2026-09-15,JAL2434,KMI,ITM,12:10,13:15,宮崎,伊丹
2026-09-15,JAL3628,KMI,FUK,13:00,13:55,宮崎,福岡
2026-09-15,JAL694,KMI,HND,14:00,15:45,宮崎,羽田
2026-09-15,JAL3630,KMI,FUK,14:00,14:55,宮崎,福岡
2026-09-15,JAL3634,KMI,FUK,15:50,16:40,宮崎,福岡
2026-09-15,JAL696,KMI,HND,16:50,18:35,宮崎,羽田
2026-09-15,JAL3636,KMI,FUK,16:50,17:45,宮崎,福岡
2026-09-15,JAL2440,KMI,ITM,18:05,19:20,宮崎,伊丹
2026-09-15,JAL698,KMI,HND,18:45,20:30,宮崎,羽田
2026-09-15,JAL2444,KMI,ITM,19:05,20:20,宮崎,伊丹
2026-09-15,JAL3642,KMI,FUK,20:35,21:30,宮崎,福岡
2026-09-15,JAL622,KMJ,HND,07:35,09:20,熊本,羽田
2026-09-15,JAL624,KMJ,HND,08:40,10:20,熊本,羽田
2026-09-15,JAL2382,KMJ,ITM,09:15,10:20,熊本,伊丹
2026-09-15,JAL4400,KMJ,NKM,09:45,11:05,熊本,名古屋
2026-09-15,JAL626,KMJ,HND,10:20,12:05,熊本,羽田
2026-09-15,JAL3880,KMJ,ITM,10:45,12:10,熊本,伊丹
2026-09-15,JAL2386,KMJ,ITM,12:00,13:05,熊本,伊丹
2026-09-15,JAL628,KMJ,HND,12:25,14:10,熊本,羽田
2026-09-15,JAL4534,KMJ,NGO,12:40,14:00,熊本,中部国際
2026-09-15,JAL630,KMJ,HND,13:50,15:35,熊本,羽田
2026-09-15,JAL3873,KMJ,AXJ,14:50,15:15,熊本,天草
2026-09-15,JAL632,KMJ,HND,15:20,17:10,熊本,羽田
2026-09-15,JAL2388,KMJ,ITM,15:30,16:35,熊本,伊丹
2026-09-15,JAL4536,KMJ,NGO,16:30,17:50,熊本,中部国際
2026-09-15,JAL634,KMJ,HND,17:20,19:05,熊本,羽田
2026-09-15,JAL2392,KMJ,ITM,19:00,20:20,熊本,伊丹
2026-09-15,JAL4408,KMJ,NKM,20:00,21:20,熊本,名古屋
2026-09-15,JAL638,KMJ,HND,20:05,21:45,熊本,羽田
2026-09-15,JAL182,KMQ,HND,07:35,08:50,小松,羽田
2026-09-15,JAL184,KMQ,HND,08:50,10:00,小松,羽田
2026-09-15,JAL186,KMQ,HND,11:15,12:25,小松,羽田
2026-09-15,JTA037,KMQ,OKA,14:05,16:25,小松,那覇
2026-09-15,JAL188,KMQ,HND,14:50,16:10,小松,羽田
2026-09-15,JAL190,KMQ,HND,18:40,19:55,小松,羽田
2026-09-15,JAL192,KMQ,HND,20:30,21:40,小松,羽田
2026-09-15,JAL3801,KOJ,OKE,07:20,08:45,鹿児島,沖永良部
2026-09-15,JAL640,KOJ,HND,07:30,09:15,鹿児島,羽田
2026-09-15,JAL2400,KOJ,ITM,07:35,08:45,鹿児島,伊丹
2026-09-15,JAL3783,KOJ,KKX,07:35,08:50,鹿児島,喜界
2026-09-15,JAL3721,KOJ,ASJ,07:40,08:55,鹿児島,奄美
2026-09-15,JAL3791,KOJ,TKN,07:50,09:10,鹿児島,徳之島
2026-09-15,JAL3761,KOJ,TNE,08:10,08:50,鹿児島,種子島
2026-09-15,JAL3741,KOJ,KUM,08:40,09:20,鹿児島,屋久島
2026-09-15,JAL642,KOJ,HND,08:50,10:35,鹿児島,羽田
2026-09-15,JAL2402,KOJ,ITM,08:50,10:00,鹿児島,伊丹
2026-09-15,JAL3793,KOJ,TKN,08:55,09:55,鹿児島,徳之島
2026-09-15,JAL3727,KOJ,ASJ,10:15,11:10,鹿児島,奄美
2026-09-15,JAL3743,KOJ,KUM,10:30,11:10,鹿児島,屋久島
2026-09-15,JAL644,KOJ,HND,10:55,12:40,鹿児島,羽田
2026-09-15,JAL2406,KOJ,ITM,11:00,12:10,鹿児島,伊丹
2026-09-15,JAL3763,KOJ,TNE,11:00,11:40,鹿児島,種子島
2026-09-15,JAL3825,KOJ,RNJ,11:10,12:45,鹿児島,与論
2026-09-15,JAL3729,KOJ,ASJ,11:55,12:50,鹿児島,奄美
2026-09-15,JAL3654,KOJ,FUK,12:05,13:05,鹿児島,福岡
2026-09-15,JAL646,KOJ,HND,12:50,14:35,鹿児島,羽田
2026-09-15,JAL2408,KOJ,ITM,12:50,14:00,鹿児島,伊丹
2026-09-15,JAL3795,KOJ,TKN,13:00,14:25,鹿児島,徳之島
2026-09-15,JAL3731,KOJ,ASJ,13:10,14:05,鹿児島,奄美
2026-09-15,JAL3745,KOJ,KUM,13:25,14:05,鹿児島,屋久島
2026-09-15,JAL3785,KOJ,KKX,13:30,14:45,鹿児島,喜界
2026-09-15,JAL648,KOJ,HND,14:35,16:30,鹿児島,羽田
2026-09-15,JAL2410,KOJ,ITM,14:45,15:55,鹿児島,伊丹
2026-09-15,JAL3809,KOJ,OKE,14:55,16:20,鹿児島,沖永良部
2026-09-15,JAL4306,KOJ,FSZ,15:00,16:30,鹿児島,静岡
2026-09-15,JAL3753,KOJ,KUM,15:25,16:05,鹿児島,屋久島
2026-09-15,JAL3797,KOJ,TKN,16:05,17:05,鹿児島,徳之島
2026-09-15,JAL650,KOJ,HND,16:45,18:35,鹿児島,羽田
2026-09-15,JAL3777,KOJ,TNE,16:50,17:30,鹿児島,種子島
2026-09-15,JAL3735,KOJ,ASJ,16:55,17:50,鹿児島,奄美
2026-09-15,JAL3737,KOJ,ASJ,17:15,18:30,鹿児島,奄美
2026-09-15,JAL3759,KOJ,KUM,17:50,18:30,鹿児島,屋久島
2026-09-15,JAL2412,KOJ,ITM,18:05,19:15,鹿児島,伊丹
2026-09-15,JAL3687,KOJ,MYJ,18:50,19:50,鹿児島,松山
2026-09-15,JAL652,KOJ,HND,19:05,20:50,鹿児島,羽田
2026-09-15,JAL2414,KOJ,ITM,19:10,20:30,鹿児島,伊丹
2026-09-15,JAL654,KOJ,HND,20:35,22:25,鹿児島,羽田
2026-09-15,RAC842,KTD,OKA,12:50,13:55,北大東,那覇
2026-09-15,JAL2762,KUH,OKD,09:15,10:05,釧路,丘珠
2026-09-15,JAL540,KUH,HND,10:00,11:45,釧路,羽田
2026-09-15,JAL2764,KUH,OKD,12:55,13:45,釧路,丘珠
2026-09-15,JAL542,KUH,HND,14:50,16:35,釧路,羽田
2026-09-15,JAL2766,KUH,OKD,15:25,16:15,釧路,丘珠
2026-09-15,JAL2768,KUH,OKD,18:00,18:50,釧路,丘珠
2026-09-15,JAL544,KUH,HND,19:50,21:35,釧路,羽田
2026-09-15,JAL3740,KUM,KOJ,09:55,10:30,屋久島,鹿児島
2026-09-15,JAL3744,KUM,KOJ,11:45,12:20,屋久島,鹿児島
2026-09-15,JAL3746,KUM,KOJ,13:40,14:15,屋久島,鹿児島
2026-09-15,JAL2450,KUM,ITM,14:35,16:15,屋久島,伊丹
2026-09-15,JAL3676,KUM,FUK,15:30,16:45,屋久島,福岡
2026-09-15,JAL3750,KUM,KOJ,16:35,17:10,屋久島,鹿児島
2026-09-15,JAL3756,KUM,KOJ,19:00,19:35,屋久島,鹿児島
2026-09-15,JAL2710,MMB,CTS,08:55,09:40,女満別,新千歳
2026-09-15,JAL562,MMB,HND,09:25,11:20,女満別,羽田
2026-09-15,JAL2722,MMB,OKD,10:20,11:10,女満別,丘珠
2026-09-15,JAL2714,MMB,CTS,13:55,14:45,女満別,新千歳
2026-09-15,JAL564,MMB,HND,15:00,16:55,女満別,羽田
2026-09-15,JAL2718,MMB,CTS,17:25,18:10,女満別,新千歳
2026-09-15,JAL2728,MMB,OKD,19:10,20:00,女満別,丘珠
2026-09-15,JAL566,MMB,HND,19:50,21:45,女満別,羽田
2026-09-15,RAC862,MMD,OKA,09:30,10:35,南大東,那覇
2026-09-15,RAC864,MMD,OKA,15:55,16:55,南大東,那覇
2026-09-15,JAL4362,MMJ,UKB,10:00,11:00,松本,神戸
2026-09-15,JAL4352,MMJ,CTS,11:35,13:15,松本,新千歳
2026-09-15,JAL4344,MMJ,FUK,13:10,14:50,松本,福岡
2026-09-15,JAL4372,MMJ,OKD,16:10,17:40,松本,丘珠
2026-09-15,JAL4348,MMJ,FUK,17:45,19:25,松本,福岡
2026-09-15,JTA552,MMY,OKA,08:50,09:45,宮古,那覇
2026-09-15,RAC891,MMY,TRA,09:20,09:45,宮古,多良間
2026-09-15,JTA556,MMY,OKA,10:40,11:35,宮古,那覇
2026-09-15,RAC831,MMY,ISG,11:30,12:00,宮古,新石垣
2026-09-15,JTA558,MMY,OKA,12:10,13:05,宮古,那覇
2026-09-15,JTA560,MMY,OKA,13:25,14:20,宮古,那覇
2026-09-15,JAL934,MMY,HND,14:25,17:15,宮古,羽田
2026-09-15,RAC897,MMY,TRA,15:50,16:15,宮古,多良間
2026-09-15,JTA562,MMY,OKA,16:05,17:00,宮古,那覇
2026-09-15,JTA564,MMY,OKA,16:55,17:50,宮古,那覇
2026-09-15,RAC839,MMY,ISG,17:45,18:15,宮古,新石垣
2026-09-15,JTA572,MMY,OKA,17:55,18:50,宮古,那覇
2026-09-15,JTA128,MMY,KIX,19:25,21:40,宮古,関西国際
2026-09-15,RAC804,MMY,OKA,20:00,20:55,宮古,那覇
2026-09-15,JAL152,MSJ,HND,10:00,11:25,三沢,羽田
2026-09-15,JAL2162,MSJ,ITM,11:20,13:00,三沢,伊丹
2026-09-15,JAL154,MSJ,HND,12:50,14:15,三沢,羽田
2026-09-15,JAL156,MSJ,HND,16:50,18:15,三沢,羽田
2026-09-15,JAL2166,MSJ,ITM,17:45,19:25,三沢,伊丹
2026-09-15,JAL158,MSJ,HND,19:10,20:35,三沢,羽田
2026-09-15,JAL430,MYJ,HND,07:10,08:40,松山,羽田
2026-09-15,JAL3592,MYJ,FUK,08:25,09:15,松山,福岡
2026-09-15,JAL432,MYJ,HND,09:10,10:40,松山,羽田
2026-09-15,JAL2300,MYJ,ITM,10:45,11:35,松山,伊丹
2026-09-15,JAL434,MYJ,HND,11:25,12:55,松山,羽田
2026-09-15,JAL3596,MYJ,FUK,13:30,14:15,松山,福岡
2026-09-15,JAL436,MYJ,HND,14:20,15:55,松山,羽田
2026-09-15,JAL3602,MYJ,FUK,14:45,15:35,松山,福岡
2026-09-15,JAL438,MYJ,HND,17:35,19:10,松山,羽田
2026-09-15,JAL3608,MYJ,FUK,17:45,18:40,松山,福岡
2026-09-15,JAL440,MYJ,HND,19:00,20:35,松山,羽田
2026-09-15,JAL2310,MYJ,ITM,19:00,20:00,松山,伊丹
2026-09-15,JAL3686,MYJ,KOJ,20:20,21:20,松山,鹿児島
2026-09-15,JAL202,NGO,HND,07:40,08:40,中部国際,羽田
2026-09-15,JAL3101,NGO,CTS,08:05,09:50,中部国際,新千歳
2026-09-15,JAL3082,NGO,NRT,08:20,09:30,中部国際,成田
2026-09-15,JTA045,NGO,OKA,08:30,10:45,中部国際,那覇
2026-09-15,JAL4535,NGO,KMJ,10:45,12:10,中部国際,熊本
2026-09-15,JAL3107,NGO,CTS,12:40,14:20,中部国際,新千歳
2026-09-15,JAL3084,NGO,NRT,14:35,15:50,中部国際,成田
2026-09-15,JAL4537,NGO,KMJ,14:35,16:00,中部国際,熊本
2026-09-15,JTA047,NGO,OKA,14:55,17:10,中部国際,那覇
2026-09-15,JAL3117,NGO,CTS,17:30,19:10,中部国際,新千歳
2026-09-15,JAL4517,NGO,KCZ,18:20,19:20,中部国際,高知
2026-09-15,JTA049,NGO,OKA,18:50,21:00,中部国際,那覇
2026-09-15,JAL208,NGO,HND,20:55,22:00,中部国際,羽田
2026-09-15,JAL606,NGS,HND,07:25,09:10,長崎,羽田
2026-09-15,JAL4051,NGS,TSJ,07:30,08:05,長崎,対馬
2026-09-15,JAL2372,NGS,ITM,08:50,10:00,長崎,伊丹
2026-09-15,JAL4041,NGS,IKI,08:55,09:25,長崎,壱岐
2026-09-15,JAL4073,NGS,FUJ,09:50,10:20,長崎,五島福江
2026-09-15,JAL608,NGS,HND,10:00,11:45,長崎,羽田
2026-09-15,JAL4053,NGS,TSJ,11:00,11:35,長崎,対馬
2026-09-15,JAL610,NGS,HND,12:35,14:25,長崎,羽田
2026-09-15,JAL2374,NGS,ITM,13:00,14:10,長崎,伊丹
2026-09-15,JAL4075,NGS,FUJ,13:20,13:50,長崎,五島福江
2026-09-15,JAL2376,NGS,ITM,14:45,15:55,長崎,伊丹
2026-09-15,JAL612,NGS,HND,15:05,17:00,長崎,羽田
2026-09-15,JAL614,NGS,HND,16:05,18:00,長崎,羽田
2026-09-15,JAL4043,NGS,IKI,16:50,17:20,長崎,壱岐
2026-09-15,JAL4061,NGS,TSJ,19:00,19:35,長崎,対馬
2026-09-15,JAL2378,NGS,ITM,19:10,20:25,長崎,伊丹
2026-09-15,JAL616,NGS,HND,20:25,22:10,長崎,羽田
2026-09-15,JAL4381,NKM,FUK,07:00,08:25,名古屋,福岡
2026-09-15,JAL4461,NKM,IZO,07:15,08:15,名古屋,出雲
2026-09-15,JAL4451,NKM,OKD,07:20,09:00,名古屋,丘珠
2026-09-15,JAL4411,NKM,HNA,07:30,08:40,名古屋,花巻
2026-09-15,JAL4377,NKM,KCZ,07:45,08:45,名古屋,高知
2026-09-15,JAL4401,NKM,KMJ,07:50,09:15,名古屋,熊本
2026-09-15,JAL4383,NKM,FUK,08:00,09:25,名古屋,福岡
2026-09-15,JAL4421,NKM,AOJ,08:25,09:45,名古屋,青森
2026-09-15,JAL4441,NKM,GAJ,09:05,10:10,名古屋,山形
2026-09-15,JAL4433,NKM,KIJ,10:20,11:15,名古屋,新潟
2026-09-15,JAL4385,NKM,FUK,10:55,12:20,名古屋,福岡
2026-09-15,JAL4423,NKM,AOJ,11:35,12:55,名古屋,青森
2026-09-15,JAL4413,NKM,HNA,12:15,13:25,名古屋,花巻
2026-09-15,JAL4443,NKM,GAJ,12:20,13:25,名古屋,山形
2026-09-15,JAL4455,NKM,OKD,13:30,15:10,名古屋,丘珠
2026-09-15,JAL4417,NKM,HNA,16:00,17:10,名古屋,花巻
2026-09-15,JAL4457,NKM,OKD,16:50,18:30,名古屋,丘珠
2026-09-15,JAL4467,NKM,IZO,17:05,18:05,名古屋,出雲
2026-09-15,JAL4427,NKM,AOJ,18:00,19:20,名古屋,青森
2026-09-15,JAL4409,NKM,KMJ,18:05,19:30,名古屋,熊本
2026-09-15,JAL3083,NRT,NGO,10:30,11:40,成田,中部国際
2026-09-15,JAL3009,NRT,ITM,18:25,19:50,成田,伊丹
2026-09-15,JAL3087,NRT,NGO,18:55,20:10,成田,中部国際
2026-09-15,JAL570,OBO,HND,09:55,11:40,帯広,羽田
2026-09-15,JAL572,OBO,HND,13:10,14:55,帯広,羽田
2026-09-15,JAL574,OBO,HND,16:15,18:00,帯広,羽田
2026-09-15,JAL576,OBO,HND,20:00,21:40,帯広,羽田
2026-09-15,RAC742,OGN,ISG,08:55,09:25,与那国,新石垣
2026-09-15,RAC724,OGN,OKA,11:15,12:35,与那国,那覇
2026-09-15,RAC744,OGN,ISG,13:35,14:05,与那国,新石垣
2026-09-15,RAC746,OGN,ISG,16:50,17:20,与那国,新石垣
2026-09-15,RAC728,OGN,OKA,18:50,20:10,与那国,那覇
2026-09-15,JAL2792,OIR,HKD,12:45,13:15,奥尻,函館
2026-09-15,JAL662,OIT,HND,07:35,09:10,大分,羽田
2026-09-15,JAL2362,OIT,ITM,08:45,09:40,大分,伊丹
2026-09-15,JAL664,OIT,HND,10:25,11:55,大分,羽田
2026-09-15,JAL2364,OIT,ITM,11:35,12:35,大分,伊丹
2026-09-15,JAL668,OIT,HND,11:50,13:30,大分,羽田
2026-09-15,JAL670,OIT,HND,14:25,16:05,大分,羽田
2026-09-15,JAL672,OIT,HND,17:20,19:00,大分,羽田
2026-09-15,JAL674,OIT,HND,19:05,20:40,大分,羽田
2026-09-15,JAL2366,OIT,ITM,19:10,20:15,大分,伊丹
2026-09-15,JTA002,OKA,KIX,07:10,09:05,那覇,関西国際
2026-09-15,JTA050,OKA,FUK,07:10,08:50,那覇,福岡
2026-09-15,JTA551,OKA,MMY,07:15,08:10,那覇,宮古
2026-09-15,JTA601,OKA,ISG,07:15,08:15,那覇,新石垣
2026-09-15,RAC721,OKA,OGN,07:15,08:25,那覇,与那国
2026-09-15,JAL900,OKA,HND,07:25,09:50,那覇,羽田
2026-09-15,RAC871,OKA,UEO,07:45,08:15,那覇,久米島
2026-09-15,RAC861,OKA,MMD,08:00,09:00,那覇,南大東
2026-09-15,RAC801,OKA,MMY,08:00,08:50,那覇,宮古
2026-09-15,JTA605,OKA,ISG,09:35,10:30,那覇,新石垣
2026-09-15,JAL902,OKA,HND,09:55,12:25,那覇,羽田
2026-09-15,RAC873,OKA,UEO,09:55,10:25,那覇,久米島
2026-09-15,JTA052,OKA,FUK,10:25,12:10,那覇,福岡
2026-09-15,JTA557,OKA,MMY,10:40,11:30,那覇,宮古
2026-09-15,JAL904,OKA,HND,10:50,13:25,那覇,羽田
2026-09-15,JTA036,OKA,KMQ,11:10,13:25,那覇,小松
2026-09-15,JTA004,OKA,KIX,11:10,13:10,那覇,関西国際
2026-09-15,RAC841,OKA,KTD,11:20,12:20,那覇,北大東
2026-09-15,JAL906,OKA,HND,11:40,14:15,那覇,羽田
2026-09-15,JTA042,OKA,NGO,11:55,14:05,那覇,中部国際
2026-09-15,JAL2084,OKA,ITM,11:55,13:55,那覇,伊丹
2026-09-15,JTA559,OKA,MMY,11:55,12:45,那覇,宮古
2026-09-15,JAL908,OKA,HND,12:15,14:50,那覇,羽田
2026-09-15,JTA609,OKA,ISG,12:15,13:15,那覇,新石垣
2026-09-15,JAL910,OKA,HND,13:15,15:50,那覇,羽田
2026-09-15,RAC815,OKA,RNJ,13:15,13:55,那覇,与論
2026-09-15,JTA054,OKA,FUK,13:20,15:05,那覇,福岡
2026-09-15,JTA211,OKA,UEO,13:45,14:20,那覇,久米島
2026-09-15,JAL3867,OKA,ASJ,13:55,14:55,那覇,奄美
2026-09-15,JAL912,OKA,HND,14:00,16:35,那覇,羽田
2026-09-15,RAC863,OKA,MMD,14:25,15:25,那覇,南大東
2026-09-15,JTA563,OKA,MMY,14:30,15:25,那覇,宮古
2026-09-15,JAL3715,OKA,OKE,14:35,15:25,那覇,沖永良部
2026-09-15,JTA617,OKA,ISG,14:45,15:45,那覇,新石垣
2026-09-15,JAL988,OKA,HND,14:55,17:35,那覇,羽田
2026-09-15,RAC727,OKA,OGN,14:55,16:10,那覇,与那国
2026-09-15,JTA058,OKA,FUK,15:00,16:45,那覇,福岡
2026-09-15,JTA565,OKA,MMY,15:25,16:15,那覇,宮古
2026-09-15,JAL914,OKA,HND,15:40,18:15,那覇,羽田
2026-09-15,RAC879,OKA,UEO,15:40,16:15,那覇,久米島
2026-09-15,JTA044,OKA,NGO,15:45,17:55,那覇,中部国際
2026-09-15,JTA571,OKA,MMY,16:25,17:15,那覇,宮古
2026-09-15,JTA621,OKA,ISG,17:00,18:00,那覇,新石垣
2026-09-15,RAC881,OKA,UEO,17:25,17:55,那覇,久米島
2026-09-15,JTA008,OKA,KIX,17:40,19:40,那覇,関西国際
2026-09-15,JAL916,OKA,HND,17:45,20:15,那覇,羽田
2026-09-15,JAL2088,OKA,ITM,17:55,19:55,那覇,伊丹
2026-09-15,JTA573,OKA,MMY,17:55,18:45,那覇,宮古
2026-09-15,JTA625,OKA,ISG,18:10,19:10,那覇,新石垣
2026-09-15,JTA016,OKA,OKJ,18:30,20:20,那覇,岡山
2026-09-15,JTA060,OKA,FUK,18:30,20:10,那覇,福岡
2026-09-15,JAL918,OKA,HND,18:50,21:20,那覇,羽田
2026-09-15,JAL920,OKA,HND,19:30,22:00,那覇,羽田
2026-09-15,JTA062,OKA,FUK,19:40,21:25,那覇,福岡
2026-09-15,JTA046,OKA,NGO,19:45,21:55,那覇,中部国際
2026-09-15,JAL922,OKA,HND,20:30,23:00,那覇,羽田
2026-09-15,JAL2741,OKD,HKD,07:35,08:15,丘珠,函館
2026-09-15,JAL2761,OKD,KUH,08:00,08:45,丘珠,釧路
2026-09-15,JAL2743,OKD,HKD,08:20,09:00,丘珠,函館
2026-09-15,JAL2721,OKD,MMB,09:05,09:50,丘珠,女満別
2026-09-15,JAL4371,OKD,MMJ,09:30,11:05,丘珠,松本
2026-09-15,JAL2731,OKD,SHB,09:55,10:45,丘珠,根室中標津
2026-09-15,JAL2745,OKD,HKD,10:35,11:15,丘珠,函館
2026-09-15,JAL2823,OKD,AXT,10:45,11:55,丘珠,秋田
2026-09-15,JAL4452,OKD,NKM,11:10,12:55,丘珠,名古屋
2026-09-15,JAL2763,OKD,KUH,11:40,12:25,丘珠,釧路
2026-09-15,JAL2749,OKD,HKD,12:45,13:25,丘珠,函館
2026-09-15,JAL2765,OKD,KUH,14:10,14:55,丘珠,釧路
2026-09-15,JAL2751,OKD,HKD,14:45,15:25,丘珠,函館
2026-09-15,JAL2787,OKD,RIS,15:00,15:55,丘珠,利尻
2026-09-15,JAL2737,OKD,SHB,15:10,16:00,丘珠,根室中標津
2026-09-15,JAL4456,OKD,NKM,15:40,17:25,丘珠,名古屋
2026-09-15,JAL2767,OKD,KUH,16:45,17:30,丘珠,釧路
2026-09-15,JAL2825,OKD,AXT,17:05,18:15,丘珠,秋田
2026-09-15,JAL2727,OKD,MMB,17:55,18:40,丘珠,女満別
2026-09-15,JAL2755,OKD,HKD,18:05,18:45,丘珠,函館
2026-09-15,JAL4332,OKD,FSZ,18:15,20:05,丘珠,静岡
2026-09-15,JAL4458,OKD,NKM,19:00,20:45,丘珠,名古屋
2026-09-15,JAL2759,OKD,HKD,19:20,20:00,丘珠,函館
2026-09-15,JAL3800,OKE,KOJ,09:15,10:35,沖永良部,鹿児島
2026-09-15,JAL3716,OKE,OKA,12:55,13:45,沖永良部,那覇
2026-09-15,JAL3710,OKE,TKN,15:55,16:20,沖永良部,徳之島
2026-09-15,JAL3808,OKE,KOJ,16:50,18:10,沖永良部,鹿児島
2026-09-15,JAL3434,OKI,IZO,10:00,10:30,隠岐,出雲
2026-09-15,JAL2332,OKI,ITM,15:05,15:50,隠岐,伊丹
2026-09-15,JAL232,OKJ,HND,07:05,08:25,岡山,羽田
2026-09-15,JTA013,OKJ,OKA,08:30,10:30,岡山,那覇
2026-09-15,JAL234,OKJ,HND,10:15,11:30,岡山,羽田
2026-09-15,JAL236,OKJ,HND,12:20,13:40,岡山,羽田
2026-09-15,JAL240,OKJ,HND,17:30,18:55,岡山,羽田
2026-09-15,JAL242,OKJ,HND,19:25,20:40,岡山,羽田
2026-09-15,JAL2788,RIS,OKD,16:25,17:15,利尻,丘珠
2026-09-15,JAL3866,RNJ,OKA,12:30,13:15,与論,那覇
2026-09-15,JAL3826,RNJ,KOJ,13:15,14:45,与論,鹿児島
2026-09-15,RAC816,RNJ,OKA,14:25,15:00,与論,那覇
2026-09-15,JAL2200,SDJ,ITM,07:35,08:55,仙台,伊丹
2026-09-15,JAL2901,SDJ,CTS,07:50,09:00,仙台,新千歳
2026-09-15,JAL2903,SDJ,CTS,09:10,10:25,仙台,新千歳
2026-09-15,JAL2202,SDJ,ITM,09:15,10:30,仙台,伊丹
2026-09-15,JAL4528,SDJ,FUK,11:15,13:20,仙台,福岡
2026-09-15,JAL2204,SDJ,ITM,11:20,12:35,仙台,伊丹
2026-09-15,JAL2206,SDJ,ITM,12:40,13:55,仙台,伊丹
2026-09-15,JAL2905,SDJ,CTS,12:45,13:55,仙台,新千歳
2026-09-15,JAL2210,SDJ,ITM,15:35,16:50,仙台,伊丹
2026-09-15,JAL2212,SDJ,ITM,16:10,17:25,仙台,伊丹
2026-09-15,JAL2907,SDJ,CTS,17:15,18:25,仙台,新千歳
2026-09-15,JAL4530,SDJ,FUK,17:45,19:50,仙台,福岡
2026-09-15,JAL2216,SDJ,ITM,19:00,20:25,仙台,伊丹
2026-09-15,JAL2909,SDJ,CTS,20:30,21:40,仙台,新千歳
2026-09-15,JAL2732,SHB,OKD,11:15,12:10,根室中標津,丘珠
2026-09-15,JAL2738,SHB,OKD,16:30,17:25,根室中標津,丘珠
2026-09-15,SKY542,SHI,OKA,11:50,12:40,下地島,那覇
2026-09-15,SKY546,SHI,OKA,13:50,14:40,下地島,那覇
2026-09-15,SKY164,SHI,UKB,15:25,17:35,下地島,神戸
2026-09-15,SKY564,SHI,FUK,16:00,18:00,下地島,福岡
2026-09-15,SKY618,SHI,HND,17:10,19:50,下地島,羽田
2026-09-15,JAL212,SHM,HND,09:30,10:40,南紀白浜,羽田
2026-09-15,JAL214,SHM,HND,13:45,15:00,南紀白浜,羽田
2026-09-15,JAL218,SHM,HND,18:25,19:40,南紀白浜,羽田
2026-09-15,JAL474,TAK,HND,07:05,08:25,高松,羽田
2026-09-15,JAL476,TAK,HND,09:45,11:00,高松,羽田
2026-09-15,JAL478,TAK,HND,11:45,13:05,高松,羽田
2026-09-15,JAL480,TAK,HND,13:10,14:30,高松,羽田
2026-09-15,JAL482,TAK,HND,15:15,16:40,高松,羽田
2026-09-15,JAL484,TAK,HND,17:20,18:45,高松,羽田
2026-09-15,JAL486,TAK,HND,20:40,21:55,高松,羽田
2026-09-15,JAL2324,TJH,ITM,10:10,10:45,但馬,伊丹
2026-09-15,JAL2326,TJH,ITM,18:00,18:40,但馬,伊丹
2026-09-15,JAL3842,TKN,ASJ,09:40,10:10,徳之島,奄美
2026-09-15,JAL3792,TKN,KOJ,10:25,11:20,徳之島,鹿児島
2026-09-15,JAL3711,TKN,OKE,12:00,12:25,徳之島,沖永良部
2026-09-15,JAL3794,TKN,KOJ,14:55,16:15,徳之島,鹿児島
2026-09-15,JAL3844,TKN,ASJ,16:50,17:20,徳之島,奄美
2026-09-15,JAL3796,TKN,KOJ,17:40,18:35,徳之島,鹿児島
2026-09-15,JAL3798,TKN,KOJ,19:00,20:15,徳之島,鹿児島
2026-09-15,JAL452,TKS,HND,07:05,08:20,徳島,羽田
2026-09-15,JAL454,TKS,HND,08:55,10:15,徳島,羽田
2026-09-15,JAL3564,TKS,FUK,11:30,12:35,徳島,福岡
2026-09-15,JAL456,TKS,HND,12:20,13:40,徳島,羽田
2026-09-15,JAL460,TKS,HND,14:45,16:10,徳島,羽田
2026-09-15,JAL462,TKS,HND,17:40,19:05,徳島,羽田
2026-09-15,JAL3568,TKS,FUK,20:05,21:10,徳島,福岡
2026-09-15,JAL464,TKS,HND,20:35,21:55,徳島,羽田
2026-09-15,JAL3760,TNE,KOJ,09:20,09:55,種子島,鹿児島
2026-09-15,JAL3764,TNE,KOJ,12:10,12:45,種子島,鹿児島
2026-09-15,JAL3772,TNE,KOJ,18:00,18:35,種子島,鹿児島
2026-09-15,RAC892,TRA,MMY,10:20,10:45,多良間,宮古
2026-09-15,RAC898,TRA,MMY,16:50,17:15,多良間,宮古
2026-09-15,JAL4052,TSJ,NGS,08:35,09:15,対馬,長崎
2026-09-15,JAL4080,TSJ,FUK,08:50,09:25,対馬,福岡
2026-09-15,JAL4082,TSJ,FUK,11:00,11:35,対馬,福岡
2026-09-15,JAL4054,TSJ,NGS,12:05,12:45,対馬,長崎
2026-09-15,JAL4062,TSJ,NGS,20:05,20:45,対馬,長崎
2026-09-15,JAL290,UBJ,HND,07:40,09:20,山口宇部,羽田
2026-09-15,JAL292,UBJ,HND,10:20,12:00,山口宇部,羽田
2026-09-15,JAL294,UBJ,HND,15:00,16:45,山口宇部,羽田
2026-09-15,JAL296,UBJ,HND,19:00,20:40,山口宇部,羽田
2026-09-15,RAC872,UEO,OKA,08:45,09:20,久米島,那覇
2026-09-15,RAC874,UEO,OKA,10:55,11:30,久米島,那覇
2026-09-15,JTA212,UEO,OKA,15:00,15:40,久米島,那覇
2026-09-15,RAC880,UEO,OKA,16:45,17:20,久米島,那覇
2026-09-15,RAC882,UEO,OKA,18:25,19:00,久米島,那覇
2026-09-15,JAL4363,UKB,MMJ,11:40,12:40,神戸,松本
2026-09-16,JAL552,AKJ,HND,09:50,11:35,旭川,羽田
2026-09-16,JAL554,AKJ,HND,13:40,15:25,旭川,羽田
2026-09-16,JAL556,AKJ,HND,16:25,18:15,旭川,羽田
2026-09-16,JAL558,AKJ,HND,19:55,21:40,旭川,羽田
2026-09-16,JAL140,AOJ,HND,07:35,08:55,青森,羽田
2026-09-16,JAL142,AOJ,HND,08:35,09:55,青森,羽田
2026-09-16,JAL2150,AOJ,ITM,09:50,11:20,青森,伊丹
2026-09-16,JAL4422,AOJ,NKM,10:15,11:40,青森,名古屋
2026-09-16,JAL2804,AOJ,CTS,11:00,11:45,青森,新千歳
2026-09-16,JAL144,AOJ,HND,12:00,13:20,青森,羽田
2026-09-16,JAL4424,AOJ,NKM,13:25,14:50,青森,名古屋
2026-09-16,JAL2154,AOJ,ITM,14:00,15:30,青森,伊丹
2026-09-16,JAL2806,AOJ,CTS,15:00,15:45,青森,新千歳
2026-09-16,JAL146,AOJ,HND,15:20,16:40,青森,羽田
2026-09-16,JAL148,AOJ,HND,17:55,19:15,青森,羽田
2026-09-16,JAL2158,AOJ,ITM,18:45,20:30,青森,伊丹
2026-09-16,JAL4428,AOJ,NKM,19:50,21:15,青森,名古屋
2026-09-16,JAL2810,AOJ,CTS,20:15,21:00,青森,新千歳
2026-09-16,JAL150,AOJ,HND,20:45,22:05,青森,羽田
2026-09-16,JAL3722,ASJ,KOJ,08:45,09:35,奄美,鹿児島
2026-09-16,JAL3831,ASJ,KKX,09:25,09:45,奄美,喜界
2026-09-16,JAL3841,ASJ,TKN,10:55,11:25,奄美,徳之島
2026-09-16,JAL3861,ASJ,RNJ,11:15,12:00,奄美,与論
2026-09-16,JAL3726,ASJ,KOJ,11:45,12:35,奄美,鹿児島
2026-09-16,JAL2464,ASJ,ITM,12:05,13:35,奄美,伊丹
2026-09-16,JAL3728,ASJ,KOJ,13:20,14:15,奄美,鹿児島
2026-09-16,JAL658,ASJ,HND,14:20,16:30,奄美,羽田
2026-09-16,JAL3730,ASJ,KOJ,14:35,15:30,奄美,鹿児島
2026-09-16,JAL3837,ASJ,KKX,15:40,16:00,奄美,喜界
2026-09-16,JAL3734,ASJ,KOJ,17:25,18:30,奄美,鹿児島
2026-09-16,JAL3843,ASJ,TKN,18:00,18:30,奄美,徳之島
2026-09-16,JAL3684,ASJ,FUK,18:20,19:40,奄美,福岡
2026-09-16,JAL3738,ASJ,KOJ,19:00,20:05,奄美,鹿児島
2026-09-16,JAL3890,AXJ,FUK,07:40,08:20,天草,福岡
2026-09-16,JAL3872,AXJ,KMJ,09:55,10:15,天草,熊本
2026-09-16,JAL3894,AXJ,FUK,15:45,16:25,天草,福岡
2026-09-16,JAL3898,AXJ,FUK,18:00,18:40,天草,福岡
2026-09-16,JAL162,AXT,HND,08:45,09:55,秋田,羽田
2026-09-16,JAL2172,AXT,ITM,09:45,11:10,秋田,伊丹
2026-09-16,JAL164,AXT,HND,12:10,13:20,秋田,羽田
2026-09-16,JAL2824,AXT,OKD,12:25,13:30,秋田,丘珠
2026-09-16,JAL2174,AXT,ITM,14:10,15:35,秋田,伊丹
2026-09-16,JAL166,AXT,HND,17:00,18:10,秋田,羽田
2026-09-16,JAL2176,AXT,ITM,18:15,19:40,秋田,伊丹
2026-09-16,JAL2826,AXT,OKD,18:45,19:50,秋田,丘珠
2026-09-16,JAL168,AXT,HND,20:50,22:00,秋田,羽田
2026-09-16,JAL2900,CTS,SDJ,07:35,08:40,新千歳,仙台
2026-09-16,JAL590,CTS,HND,07:35,09:10,新千歳,羽田
2026-09-16,JAL2713,CTS,MMB,07:40,08:25,新千歳,女満別
2026-09-16,JAL500,CTS,HND,07:40,09:20,新千歳,羽田
2026-09-16,JAL502,CTS,HND,08:50,10:25,新千歳,羽田
2026-09-16,JAL2000,CTS,ITM,09:00,10:50,新千歳,伊丹
2026-09-16,JAL2803,CTS,AOJ,09:40,10:25,新千歳,青森
2026-09-16,JAL504,CTS,HND,09:45,11:25,新千歳,羽田
2026-09-16,JAL3106,CTS,NGO,10:10,11:55,新千歳,中部国際
2026-09-16,JAL2831,CTS,HNA,10:15,11:10,新千歳,花巻
2026-09-16,JAL3510,CTS,FUK,10:30,12:55,新千歳,福岡
2026-09-16,JAL4483,CTS,KIJ,10:40,12:00,新千歳,新潟
2026-09-16,JAL506,CTS,HND,10:50,12:30,新千歳,羽田
2026-09-16,JAL2902,CTS,SDJ,11:00,12:10,新千歳,仙台
2026-09-16,JAL508,CTS,HND,11:25,13:05,新千歳,羽田
2026-09-16,JAL2504,CTS,KIX,11:50,14:05,新千歳,関西国際
2026-09-16,JAL2004,CTS,ITM,12:05,14:00,新千歳,伊丹
2026-09-16,JAL2715,CTS,MMB,12:30,13:15,新千歳,女満別
2026-09-16,JAL510,CTS,HND,12:45,14:30,新千歳,羽田
2026-09-16,JAL3512,CTS,FUK,13:30,15:55,新千歳,福岡
2026-09-16,JAL4324,CTS,FSZ,13:35,15:30,新千歳,静岡
2026-09-16,JAL2805,CTS,AOJ,13:40,14:25,新千歳,青森
2026-09-16,JAL512,CTS,HND,14:00,15:40,新千歳,羽田
2026-09-16,JAL4485,CTS,KIJ,14:05,15:25,新千歳,新潟
2026-09-16,JAL4491,CTS,GAJ,14:35,15:50,新千歳,山形
2026-09-16,JAL2904,CTS,SDJ,14:35,15:40,新千歳,仙台
2026-09-16,JAL3406,CTS,HIJ,15:00,17:05,新千歳,広島
2026-09-16,JAL3114,CTS,NGO,15:05,16:50,新千歳,中部国際
2026-09-16,JAL2008,CTS,ITM,15:05,17:00,新千歳,伊丹
2026-09-16,JAL514,CTS,HND,15:10,16:55,新千歳,羽田
2026-09-16,JAL4353,CTS,MMJ,15:40,17:15,新千歳,松本
2026-09-16,JAL2010,CTS,ITM,15:55,17:45,新千歳,伊丹
2026-09-16,JAL516,CTS,HND,16:05,17:45,新千歳,羽田
2026-09-16,JAL2719,CTS,MMB,16:10,16:50,新千歳,女満別
2026-09-16,JAL2839,CTS,HNA,16:30,17:25,新千歳,花巻
2026-09-16,JAL518,CTS,HND,17:00,18:45,新千歳,羽田
2026-09-16,JAL520,CTS,HND,17:15,18:55,新千歳,羽田
2026-09-16,JAL2016,CTS,ITM,17:45,19:40,新千歳,伊丹
2026-09-16,JAL2506,CTS,KIX,17:55,20:10,新千歳,関西国際
2026-09-16,JAL522,CTS,HND,18:00,19:45,新千歳,羽田
2026-09-16,JAL4472,CTS,FUK,18:05,20:55,新千歳,福岡
2026-09-16,JAL2809,CTS,AOJ,18:45,19:30,新千歳,青森
2026-09-16,JAL2906,CTS,SDJ,18:55,20:00,新千歳,仙台
2026-09-16,JAL524,CTS,HND,19:15,20:55,新千歳,羽田
2026-09-16,JAL2910,CTS,SDJ,19:45,20:50,新千歳,仙台
2026-09-16,JAL3118,CTS,NGO,19:55,21:40,新千歳,中部国際
2026-09-16,JAL526,CTS,HND,20:15,21:55,新千歳,羽田
2026-09-16,JAL528,CTS,HND,21:10,22:55,新千歳,羽田
2026-09-16,JAL530,CTS,HND,21:20,23:05,新千歳,羽田
2026-09-16,JAL4312,FSZ,FUK,08:10,09:50,静岡,福岡
2026-09-16,JAL4331,FSZ,OKD,08:55,10:40,静岡,丘珠
2026-09-16,JAL4323,FSZ,CTS,12:10,14:00,静岡,新千歳
2026-09-16,JAL4305,FSZ,KOJ,12:40,14:15,静岡,鹿児島
2026-09-16,JAL4314,FSZ,FUK,16:15,18:00,静岡,福岡
2026-09-16,JAL4316,FSZ,FUK,17:00,18:45,静岡,福岡
2026-09-16,JAL4094,FUJ,FUK,10:50,11:35,五島福江,福岡
2026-09-16,JAL4074,FUJ,NGS,13:40,14:10,五島福江,長崎
2026-09-16,JAL4098,FUJ,FUK,14:20,15:05,五島福江,福岡
2026-09-16,JAL4078,FUJ,NGS,17:00,17:30,五島福江,長崎
2026-09-16,JAL4096,FUJ,FUK,17:55,18:40,五島福江,福岡
2026-09-16,JAL300,FUK,HND,07:00,08:45,福岡,羽田
2026-09-16,JAL3681,FUK,ASJ,07:05,08:15,福岡,奄美
2026-09-16,JAL3591,FUK,MYJ,07:10,07:55,福岡,松山
2026-09-16,JAL3551,FUK,IZO,07:15,08:25,福岡,出雲
2026-09-16,JAL3623,FUK,KMI,07:15,08:00,福岡,宮崎
2026-09-16,JTA051,FUK,OKA,07:15,08:50,福岡,那覇
2026-09-16,JAL302,FUK,HND,07:20,09:05,福岡,羽田
2026-09-16,JAL4471,FUK,CTS,07:45,10:05,福岡,新千歳
2026-09-16,JAL4079,FUK,TSJ,07:45,08:20,福岡,対馬
2026-09-16,JAL2050,FUK,ITM,07:50,08:55,福岡,伊丹
2026-09-16,JAL4341,FUK,MMJ,08:00,09:30,福岡,松本
2026-09-16,JAL304,FUK,HND,08:05,09:50,福岡,羽田
2026-09-16,JAL3891,FUK,AXJ,08:50,09:25,福岡,天草
2026-09-16,JAL4529,FUK,SDJ,08:55,10:45,福岡,仙台
2026-09-16,JAL3581,FUK,KCZ,09:00,09:55,福岡,高知
2026-09-16,JAL306,FUK,HND,09:10,10:55,福岡,羽田
2026-09-16,JTA053,FUK,OKA,09:30,11:15,福岡,那覇
2026-09-16,JAL3625,FUK,KMI,09:45,10:35,福岡,宮崎
2026-09-16,JAL3563,FUK,TKS,09:55,10:55,福岡,徳島
2026-09-16,JAL4313,FUK,FSZ,09:55,11:25,福岡,静岡
2026-09-16,JAL4081,FUK,TSJ,09:55,10:30,福岡,対馬
2026-09-16,JAL308,FUK,HND,10:00,11:45,福岡,羽田
2026-09-16,JAL4315,FUK,FSZ,10:25,11:55,福岡,静岡
2026-09-16,JAL310,FUK,HND,11:00,12:50,福岡,羽田
2026-09-16,JAL3627,FUK,KMI,11:40,12:30,福岡,宮崎
2026-09-16,JAL3513,FUK,CTS,11:50,14:10,福岡,新千歳
2026-09-16,JAL312,FUK,HND,11:55,13:40,福岡,羽田
2026-09-16,JAL3595,FUK,MYJ,11:55,12:40,福岡,松山
2026-09-16,JAL4095,FUK,FUJ,12:10,13:00,福岡,五島福江
2026-09-16,JAL3629,FUK,KMI,12:40,13:25,福岡,宮崎
2026-09-16,JAL314,FUK,HND,12:50,14:40,福岡,羽田
2026-09-16,JAL3653,FUK,KOJ,12:50,13:40,福岡,鹿児島
2026-09-16,JAL4525,FUK,HNA,12:55,14:50,福岡,花巻
2026-09-16,JTA057,FUK,OKA,12:55,14:40,福岡,那覇
2026-09-16,JAL3601,FUK,MYJ,13:30,14:15,福岡,松山
2026-09-16,JAL3673,FUK,KUM,13:50,15:00,福岡,屋久島
2026-09-16,JAL4345,FUK,MMJ,13:55,15:25,福岡,松本
2026-09-16,JAL316,FUK,HND,14:00,15:50,福岡,羽田
2026-09-16,JAL3515,FUK,CTS,14:15,16:30,福岡,新千歳
2026-09-16,JAL318,FUK,HND,14:30,16:25,福岡,羽田
2026-09-16,JAL3633,FUK,KMI,14:30,15:20,福岡,宮崎
2026-09-16,JAL4390,FUK,NKM,14:55,16:15,福岡,名古屋
2026-09-16,JAL2056,FUK,ITM,15:00,16:15,福岡,伊丹
2026-09-16,JAL4531,FUK,SDJ,15:25,17:15,福岡,仙台
2026-09-16,JAL3635,FUK,KMI,15:25,16:10,福岡,宮崎
2026-09-16,JAL4099,FUK,FUJ,15:40,16:30,福岡,五島福江
2026-09-16,JAL2058,FUK,ITM,15:50,17:00,福岡,伊丹
2026-09-16,JTA061,FUK,OKA,15:55,17:35,福岡,那覇
2026-09-16,JAL320,FUK,HND,16:00,17:50,福岡,羽田
2026-09-16,JAL3587,FUK,KCZ,16:10,17:00,福岡,高知
2026-09-16,JAL322,FUK,HND,16:30,18:20,福岡,羽田
2026-09-16,JAL4477,FUK,KIJ,16:35,18:15,福岡,新潟
2026-09-16,JAL4097,FUK,FUJ,16:40,17:25,福岡,五島福江
2026-09-16,JAL3895,FUK,AXJ,16:55,17:30,福岡,天草
2026-09-16,JAL324,FUK,HND,17:05,18:55,福岡,羽田
2026-09-16,JTA063,FUK,OKA,17:25,19:05,福岡,那覇
2026-09-16,JAL3555,FUK,IZO,17:35,18:45,福岡,出雲
2026-09-16,JAL3607,FUK,MYJ,17:40,18:25,福岡,松山
2026-09-16,JAL326,FUK,HND,18:15,20:05,福岡,羽田
2026-09-16,JAL3567,FUK,TKS,18:20,19:20,福岡,徳島
2026-09-16,JAL4317,FUK,FSZ,18:50,20:20,福岡,静岡
2026-09-16,JAL2060,FUK,ITM,19:00,20:20,福岡,伊丹
2026-09-16,JAL328,FUK,HND,19:10,20:55,福岡,羽田
2026-09-16,JAL3899,FUK,AXJ,19:10,19:45,福岡,天草
2026-09-16,JAL4392,FUK,NKM,19:15,20:35,福岡,名古屋
2026-09-16,JAL3639,FUK,KMI,19:15,20:00,福岡,宮崎
2026-09-16,JAL330,FUK,HND,20:00,21:45,福岡,羽田
2026-09-16,JAL4394,FUK,NKM,20:00,21:20,福岡,名古屋
2026-09-16,JTA065,FUK,OKA,20:55,22:30,福岡,那覇
2026-09-16,JAL332,FUK,HND,21:00,22:45,福岡,羽田
2026-09-16,JAL2234,GAJ,ITM,08:50,10:10,山形,伊丹
2026-09-16,JAL174,GAJ,HND,09:50,10:55,山形,羽田
2026-09-16,JAL4442,GAJ,NKM,10:40,11:50,山形,名古屋
2026-09-16,JAL4490,GAJ,CTS,13:55,15:05,山形,新千歳
2026-09-16,JAL2236,GAJ,ITM,14:50,16:10,山形,伊丹
2026-09-16,JAL4446,GAJ,NKM,16:20,17:30,山形,名古屋
2026-09-16,JAL2238,GAJ,ITM,18:05,19:20,山形,伊丹
2026-09-16,JAL178,GAJ,HND,19:10,20:15,山形,羽田
2026-09-16,JAL252,HIJ,HND,07:35,09:00,広島,羽田
2026-09-16,JAL254,HIJ,HND,09:25,10:50,広島,羽田
2026-09-16,JAL3403,HIJ,CTS,10:50,12:45,広島,新千歳
2026-09-16,JAL256,HIJ,HND,12:10,13:35,広島,羽田
2026-09-16,JAL258,HIJ,HND,13:45,15:10,広島,羽田
2026-09-16,JAL262,HIJ,HND,16:25,17:55,広島,羽田
2026-09-16,JAL264,HIJ,HND,18:10,19:40,広島,羽田
2026-09-16,JAL266,HIJ,HND,20:35,22:00,広島,羽田
2026-09-16,JAL2740,HKD,OKD,07:50,08:30,函館,丘珠
2026-09-16,JAL2742,HKD,OKD,08:45,09:25,函館,丘珠
2026-09-16,JAL2744,HKD,OKD,09:30,10:10,函館,丘珠
2026-09-16,JAL584,HKD,HND,09:40,11:10,函館,羽田
2026-09-16,JAL2791,HKD,OIR,11:45,12:15,函館,奥尻
2026-09-16,JAL2124,HKD,ITM,13:10,14:50,函館,伊丹
2026-09-16,JAL2748,HKD,OKD,13:45,14:25,函館,丘珠
2026-09-16,JAL2750,HKD,OKD,14:00,14:40,函館,丘珠
2026-09-16,JAL586,HKD,HND,15:00,16:25,函館,羽田
2026-09-16,JAL2752,HKD,OKD,15:55,16:35,函館,丘珠
2026-09-16,JAL2756,HKD,OKD,19:15,19:55,函館,丘珠
2026-09-16,JAL588,HKD,HND,19:30,21:00,函館,羽田
2026-09-16,JAL4412,HNA,NKM,09:10,10:25,花巻,名古屋
2026-09-16,JAL2180,HNA,ITM,09:20,10:45,花巻,伊丹
2026-09-16,JAL2830,HNA,CTS,11:40,12:35,花巻,新千歳
2026-09-16,JAL2182,HNA,ITM,13:30,14:55,花巻,伊丹
2026-09-16,JAL4524,HNA,FUK,13:55,16:05,花巻,福岡
2026-09-16,JAL4416,HNA,NKM,15:20,16:35,花巻,名古屋
2026-09-16,JAL2186,HNA,ITM,15:25,16:50,花巻,伊丹
2026-09-16,JAL4418,HNA,NKM,17:40,18:55,花巻,名古屋
2026-09-16,JAL2838,HNA,CTS,17:55,18:55,花巻,新千歳
2026-09-16,JAL2190,HNA,ITM,18:40,20:15,花巻,伊丹
2026-09-16,JAL623,HND,KMJ,06:20,08:00,羽田,熊本
2026-09-16,JAL303,HND,FUK,06:25,08:10,羽田,福岡
2026-09-16,JAL641,HND,KOJ,06:25,08:05,羽田,鹿児島
2026-09-16,JAL101,HND,ITM,06:30,07:35,羽田,伊丹
2026-09-16,JAL901,HND,OKA,06:30,09:00,羽田,那覇
2026-09-16,JAL501,HND,CTS,06:35,08:05,羽田,新千歳
2026-09-16,JAL141,HND,AOJ,06:45,07:55,羽田,青森
2026-09-16,JAL431,HND,MYJ,06:50,08:15,羽田,松山
2026-09-16,JAL161,HND,AXT,07:00,08:05,羽田,秋田
2026-09-16,JAL453,HND,TKS,07:00,08:10,羽田,徳島
2026-09-16,JAL565,HND,MMB,07:05,08:45,羽田,女満別
2026-09-16,JAL305,HND,FUK,07:05,08:50,羽田,福岡
2026-09-16,JAL971,HND,ISG,07:05,09:55,羽田,新石垣
2026-09-16,JAL183,HND,KMQ,07:10,08:10,羽田,小松
2026-09-16,JAL277,HND,IZO,07:10,08:30,羽田,出雲
2026-09-16,JAL503,HND,CTS,07:15,08:45,羽田,新千歳
2026-09-16,JAL175,HND,GAJ,07:20,08:15,羽田,山形
2026-09-16,JAL221,HND,KIX,07:20,08:35,羽田,関西国際
2026-09-16,JAL903,HND,OKA,07:20,09:50,羽田,那覇
2026-09-16,JAL253,HND,HIJ,07:25,08:40,羽田,広島
2026-09-16,JAL585,HND,HKD,07:30,08:50,羽田,函館
2026-09-16,JAL103,HND,ITM,07:30,08:35,羽田,伊丹
2026-09-16,JAL491,HND,KCZ,07:30,08:50,羽田,高知
2026-09-16,JAL605,HND,NGS,07:30,09:15,羽田,長崎
2026-09-16,JAL551,HND,AKJ,07:35,09:10,羽田,旭川
2026-09-16,JAL541,HND,KUH,07:45,09:20,羽田,釧路
2026-09-16,JAL573,HND,OBO,07:45,09:15,羽田,帯広
2026-09-16,JAL213,HND,SHM,07:45,08:55,羽田,南紀白浜
2026-09-16,JAL475,HND,TAK,07:50,09:05,羽田,高松
2026-09-16,JAL291,HND,UBJ,08:00,09:40,羽田,山口宇部
2026-09-16,JAL307,HND,FUK,08:00,09:45,羽田,福岡
2026-09-16,JAL661,HND,OIT,08:00,09:35,羽田,大分
2026-09-16,JAL625,HND,KMJ,08:00,09:45,羽田,熊本
2026-09-16,JAL153,HND,MSJ,08:05,09:20,羽田,三沢
2026-09-16,JAL687,HND,KMI,08:05,09:45,羽田,宮崎
2026-09-16,JAL643,HND,KOJ,08:05,09:50,羽田,鹿児島
2026-09-16,JAL905,HND,OKA,08:05,10:40,羽田,那覇
2026-09-16,JAL201,HND,NGO,08:15,09:10,羽田,中部国際
2026-09-16,JAL231,HND,OKJ,08:15,09:30,羽田,岡山
2026-09-16,JAL373,HND,KKJ,08:15,09:50,羽田,北九州
2026-09-16,JAL505,HND,CTS,08:20,09:55,羽田,新千歳
2026-09-16,JAL107,HND,ITM,08:30,09:35,羽田,伊丹
2026-09-16,JAL907,HND,OKA,08:40,11:15,羽田,那覇
2026-09-16,JAL507,HND,CTS,08:50,10:25,羽田,新千歳
2026-09-16,JAL255,HND,HIJ,08:50,10:10,羽田,広島
2026-09-16,JAL309,HND,FUK,09:05,10:55,羽田,福岡
2026-09-16,JAL433,HND,MYJ,09:15,10:40,羽田,松山
2026-09-16,JAL493,HND,KCZ,09:15,10:35,羽田,高知
2026-09-16,JAL311,HND,FUK,09:15,11:05,羽田,福岡
2026-09-16,JAL185,HND,KMQ,09:30,10:35,羽田,小松
2026-09-16,JAL111,HND,ITM,09:35,10:40,羽田,伊丹
2026-09-16,JAL663,HND,OIT,09:35,11:10,羽田,大分
2026-09-16,JAL909,HND,OKA,09:40,12:15,羽田,那覇
2026-09-16,JAL509,HND,CTS,09:45,11:20,羽田,新千歳
2026-09-16,JAL279,HND,IZO,09:50,11:15,羽田,出雲
2026-09-16,JAL477,HND,TAK,09:50,11:05,羽田,高松
2026-09-16,JAL689,HND,KMI,09:55,11:35,羽田,宮崎
2026-09-16,JAL143,HND,AOJ,10:00,11:20,羽田,青森
2026-09-16,JAL313,HND,FUK,10:00,11:45,羽田,福岡
2026-09-16,JAL627,HND,KMJ,10:00,11:45,羽田,熊本
2026-09-16,JAL607,HND,NGS,10:05,11:55,羽田,長崎
2026-09-16,JAL645,HND,KOJ,10:05,11:50,羽田,鹿児島
2026-09-16,JAL257,HND,HIJ,10:10,11:30,羽田,広島
2026-09-16,JAL511,HND,CTS,10:15,11:50,羽田,新千歳
2026-09-16,JAL233,HND,OKJ,10:20,11:40,羽田,岡山
2026-09-16,JAL455,HND,TKS,10:25,11:40,羽田,徳島
2026-09-16,JAL163,HND,AXT,10:30,11:35,羽田,秋田
2026-09-16,JAL113,HND,ITM,10:30,11:35,羽田,伊丹
2026-09-16,JAL913,HND,OKA,10:35,13:10,羽田,那覇
2026-09-16,JAL933,HND,MMY,10:40,13:25,羽田,宮古
2026-09-16,JAL155,HND,MSJ,10:45,12:05,羽田,三沢
2026-09-16,JAL575,HND,OBO,11:00,12:35,羽田,帯広
2026-09-16,JAL315,HND,FUK,11:00,12:50,羽田,福岡
2026-09-16,JAL479,HND,TAK,11:05,12:25,羽田,高松
2026-09-16,JAL553,HND,AKJ,11:10,12:50,羽田,旭川
2026-09-16,JAL513,HND,CTS,11:25,13:05,羽田,新千歳
2026-09-16,JAL629,HND,KMJ,11:25,13:10,羽田,熊本
2026-09-16,JAL659,HND,ASJ,11:25,13:35,羽田,奄美
2026-09-16,JAL115,HND,ITM,11:30,12:35,羽田,伊丹
2026-09-16,JAL215,HND,SHM,11:30,12:40,羽田,南紀白浜
2026-09-16,JAL987,HND,OKA,11:30,14:05,羽田,那覇
2026-09-16,JAL259,HND,HIJ,11:40,13:05,羽田,広島
2026-09-16,JAL691,HND,KMI,11:40,13:25,羽田,宮崎
2026-09-16,JAL317,HND,FUK,11:55,13:45,羽田,福岡
2026-09-16,JAL915,HND,OKA,11:55,14:30,羽田,那覇
2026-09-16,JAL647,HND,KOJ,12:00,13:45,羽田,鹿児島
2026-09-16,JAL665,HND,OIT,12:05,13:40,羽田,大分
2026-09-16,JAL435,HND,MYJ,12:10,13:35,羽田,松山
2026-09-16,JAL543,HND,KUH,12:15,13:50,羽田,釧路
2026-09-16,JAL567,HND,MMB,12:25,14:10,羽田,女満別
2026-09-16,JAL117,HND,ITM,12:30,13:35,羽田,伊丹
2026-09-16,JAL609,HND,NGS,12:30,14:20,羽田,長崎
2026-09-16,JAL225,HND,KIX,12:35,14:00,羽田,関西国際
2026-09-16,JAL515,HND,CTS,12:40,14:15,羽田,新千歳
2026-09-16,JAL459,HND,TKS,12:40,14:00,羽田,徳島
2026-09-16,JAL293,HND,UBJ,12:45,14:20,羽田,山口宇部
2026-09-16,JAL587,HND,HKD,12:50,14:10,羽田,函館
2026-09-16,JAL631,HND,KMJ,12:50,14:35,羽田,熊本
2026-09-16,JAL319,HND,FUK,12:55,14:40,羽田,福岡
2026-09-16,JAL481,HND,TAK,13:00,14:15,羽田,高松
2026-09-16,JAL187,HND,KMQ,13:05,14:10,羽田,小松
2026-09-16,JAL145,HND,AOJ,13:15,14:30,羽田,青森
2026-09-16,JAL517,HND,CTS,13:30,15:05,羽田,新千歳
2026-09-16,JAL119,HND,ITM,13:30,14:35,羽田,伊丹
2026-09-16,JAL611,HND,NGS,13:30,15:20,羽田,長崎
2026-09-16,JAL375,HND,KKJ,13:40,15:15,羽田,北九州
2026-09-16,JAL321,HND,FUK,13:45,15:30,羽田,福岡
2026-09-16,JAL577,HND,OBO,13:50,15:25,羽田,帯広
2026-09-16,JAL917,HND,OKA,13:55,16:25,羽田,那覇
2026-09-16,JAL555,HND,AKJ,14:05,15:40,羽田,旭川
2026-09-16,JAL495,HND,KCZ,14:05,15:25,羽田,高知
2026-09-16,JAL263,HND,HIJ,14:15,15:40,羽田,広島
2026-09-16,JAL649,HND,KOJ,14:15,15:55,羽田,鹿児島
2026-09-16,JAL693,HND,KMI,14:20,16:00,羽田,宮崎
2026-09-16,JAL519,HND,CTS,14:25,16:00,羽田,新千歳
2026-09-16,JAL237,HND,OKJ,14:30,15:45,羽田,岡山
2026-09-16,JAL121,HND,ITM,14:35,15:40,羽田,伊丹
2026-09-16,JAL633,HND,KMJ,14:40,16:20,羽田,熊本
2026-09-16,JAL165,HND,AXT,14:50,15:55,羽田,秋田
2026-09-16,JAL973,HND,ISG,14:50,17:40,羽田,新石垣
2026-09-16,JAL157,HND,MSJ,14:55,16:10,羽田,三沢
2026-09-16,JAL125,HND,ITM,14:55,16:00,羽田,伊丹
2026-09-16,JAL283,HND,IZO,14:55,16:15,羽田,出雲
2026-09-16,JAL667,HND,OIT,15:05,16:40,羽田,大分
2026-09-16,JAL483,HND,TAK,15:10,16:30,羽田,高松
2026-09-16,JAL919,HND,OKA,15:10,17:40,羽田,那覇
2026-09-16,JAL521,HND,CTS,15:25,17:00,羽田,新千歳
2026-09-16,JAL323,HND,FUK,15:25,17:15,羽田,福岡
2026-09-16,JAL437,HND,MYJ,15:30,16:55,羽田,松山
2026-09-16,JAL461,HND,TKS,15:40,16:55,羽田,徳島
2026-09-16,JAL325,HND,FUK,15:55,17:50,羽田,福岡
2026-09-16,JAL921,HND,OKA,15:55,18:25,羽田,那覇
2026-09-16,JAL147,HND,AOJ,16:00,17:10,羽田,青森
2026-09-16,JAL695,HND,KMI,16:25,18:00,羽田,宮崎
2026-09-16,JAL127,HND,ITM,16:30,17:35,羽田,伊丹
2026-09-16,JAL219,HND,SHM,16:30,17:40,羽田,南紀白浜
2026-09-16,JAL651,HND,KOJ,16:30,18:10,羽田,鹿児島
2026-09-16,JAL523,HND,CTS,16:40,18:20,羽田,新千歳
2026-09-16,JAL669,HND,OIT,16:40,18:15,羽田,大分
2026-09-16,JAL295,HND,UBJ,16:45,18:20,羽田,山口宇部
2026-09-16,JAL189,HND,KMQ,16:50,17:55,羽田,小松
2026-09-16,JAL285,HND,IZO,16:55,18:25,羽田,出雲
2026-09-16,JAL439,HND,MYJ,16:55,18:20,羽田,松山
2026-09-16,JAL497,HND,KCZ,16:55,18:15,羽田,高知
2026-09-16,JAL923,HND,OKA,16:55,19:30,羽田,那覇
2026-09-16,JAL327,HND,FUK,17:00,19:00,羽田,福岡
2026-09-16,JAL159,HND,MSJ,17:05,18:30,羽田,三沢
2026-09-16,JAL589,HND,HKD,17:10,18:35,羽田,函館
2026-09-16,JAL569,HND,MMB,17:15,19:10,羽田,女満別
2026-09-16,JAL545,HND,KUH,17:15,19:05,羽田,釧路
2026-09-16,JAL557,HND,AKJ,17:30,19:15,羽田,旭川
2026-09-16,JAL179,HND,GAJ,17:30,18:35,羽田,山形
2026-09-16,JAL239,HND,OKJ,17:30,18:45,羽田,岡山
2026-09-16,JAL525,HND,CTS,17:35,19:15,羽田,新千歳
2026-09-16,JAL579,HND,OBO,17:35,19:20,羽田,帯広
2026-09-16,JAL131,HND,ITM,17:35,18:40,羽田,伊丹
2026-09-16,JAL637,HND,KMJ,17:35,19:20,羽田,熊本
2026-09-16,JAL613,HND,NGS,17:45,19:40,羽田,長崎
2026-09-16,JAL329,HND,FUK,17:55,19:50,羽田,福岡
2026-09-16,JAL653,HND,KOJ,17:55,19:40,羽田,鹿児島
2026-09-16,JAL133,HND,ITM,18:00,19:10,羽田,伊丹
2026-09-16,JAL287,HND,IZO,18:15,19:45,羽田,出雲
2026-09-16,JAL265,HND,HIJ,18:20,19:45,羽田,広島
2026-09-16,JAL463,HND,TKS,18:20,19:35,羽田,徳島
2026-09-16,JAL377,HND,KKJ,18:25,20:00,羽田,北九州
2026-09-16,JAL527,HND,CTS,18:40,20:15,羽田,新千歳
2026-09-16,JAL149,HND,AOJ,18:40,19:55,羽田,青森
2026-09-16,JAL137,HND,ITM,18:40,19:50,羽田,伊丹
2026-09-16,JAL485,HND,TAK,18:40,19:55,羽田,高松
2026-09-16,JAL191,HND,KMQ,18:45,19:50,羽田,小松
2026-09-16,JAL331,HND,FUK,18:45,20:35,羽田,福岡
2026-09-16,JAL499,HND,KCZ,18:55,20:15,羽田,高知
2026-09-16,JAL697,HND,KMI,18:55,20:35,羽田,宮崎
2026-09-16,JAL297,HND,UBJ,19:00,20:35,羽田,山口宇部
2026-09-16,JAL167,HND,AXT,19:10,20:15,羽田,秋田
2026-09-16,JAL139,HND,ITM,19:10,20:30,羽田,伊丹
2026-09-16,JAL639,HND,KMJ,19:10,20:55,羽田,熊本
2026-09-16,JAL333,HND,FUK,19:15,21:05,羽田,福岡
2026-09-16,JAL655,HND,KOJ,19:25,21:05,羽田,鹿児島
2026-09-16,JAL615,HND,NGS,19:30,21:20,羽田,長崎
2026-09-16,JAL335,HND,FUK,19:35,21:30,羽田,福岡
2026-09-16,JAL241,HND,OKJ,19:40,20:55,羽田,岡山
2026-09-16,JAL443,HND,MYJ,19:45,21:10,羽田,松山
2026-09-16,JAL465,HND,TKS,19:45,20:55,羽田,徳島
2026-09-16,JAL151,HND,AOJ,19:50,21:05,羽田,青森
2026-09-16,JAL529,HND,CTS,19:55,21:30,羽田,新千歳
2026-09-16,JAL209,HND,NGO,19:55,20:55,羽田,中部国際
2026-09-16,JAL267,HND,HIJ,19:55,21:20,羽田,広島
2026-09-16,JAL925,HND,OKA,20:05,22:30,羽田,那覇
2026-09-16,JAL487,HND,TAK,20:15,21:30,羽田,高松
2026-09-16,JAL671,HND,OIT,20:15,21:45,羽田,大分
2026-09-16,JAL599,HND,CTS,20:30,22:05,羽田,新千歳
2026-09-16,JAL193,HND,KMQ,20:40,21:40,羽田,小松
2026-09-16,JAL229,HND,KIX,20:40,21:55,羽田,関西国際
2026-09-16,JAL531,HND,CTS,20:45,22:20,羽田,新千歳
2026-09-16,JAL4042,IKI,NGS,09:55,10:25,壱岐,長崎
2026-09-16,JAL4044,IKI,NGS,17:50,18:20,壱岐,長崎
2026-09-16,JTA600,ISG,OKA,08:55,10:00,新石垣,那覇
2026-09-16,RAC741,ISG,OGN,09:55,10:25,新石垣,与那国
2026-09-16,JAL972,ISG,HND,11:10,14:05,新石垣,羽田
2026-09-16,JTA608,ISG,OKA,11:15,12:20,新石垣,那覇
2026-09-16,RAC743,ISG,OGN,12:35,13:05,新石垣,与那国
2026-09-16,JTA612,ISG,OKA,13:00,14:05,新石垣,那覇
2026-09-16,JTA614,ISG,OKA,14:00,15:00,新石垣,那覇
2026-09-16,RAC834,ISG,MMY,14:45,15:15,新石垣,宮古
2026-09-16,JTA622,ISG,OKA,16:25,17:25,新石垣,那覇
2026-09-16,RAC747,ISG,OGN,17:50,18:20,新石垣,与那国
2026-09-16,JTA626,ISG,OKA,18:40,19:45,新石垣,那覇
2026-09-16,RAC838,ISG,MMY,19:00,19:30,新石垣,宮古
2026-09-16,JAL974,ISG,HND,19:15,22:10,新石垣,羽田
2026-09-16,JTA086,ISG,KIX,19:50,22:15,新石垣,関西国際
2026-09-16,JAL102,ITM,HND,07:05,08:15,伊丹,羽田
2026-09-16,JAL2371,ITM,NGS,07:05,08:15,伊丹,長崎
2026-09-16,JAL2401,ITM,KOJ,07:05,08:15,伊丹,鹿児島
2026-09-16,JAL2241,ITM,KIJ,07:10,08:15,伊丹,新潟
2026-09-16,JAL2345,ITM,IZO,07:10,08:00,伊丹,出雲
2026-09-16,JAL2431,ITM,KMI,07:10,08:15,伊丹,宮崎
2026-09-16,JAL2051,ITM,FUK,07:15,08:25,伊丹,福岡
2026-09-16,JAL2361,ITM,OIT,07:15,08:15,伊丹,大分
2026-09-16,JAL2201,ITM,SDJ,07:20,08:35,伊丹,仙台
2026-09-16,JAL2181,ITM,HNA,07:25,08:50,伊丹,花巻
2026-09-16,JAL104,ITM,HND,07:25,08:40,伊丹,羽田
2026-09-16,JAL2383,ITM,KMJ,07:30,08:40,伊丹,熊本
2026-09-16,JAL2001,ITM,CTS,07:40,09:30,伊丹,新千歳
2026-09-16,JAL2151,ITM,AOJ,07:45,09:15,伊丹,青森
2026-09-16,JAL2171,ITM,AXT,07:55,09:10,伊丹,秋田
2026-09-16,JAL2233,ITM,GAJ,08:00,09:15,伊丹,山形
2026-09-16,JAL2081,ITM,OKA,08:20,10:25,伊丹,那覇
2026-09-16,JAL106,ITM,HND,08:25,09:35,伊丹,羽田
2026-09-16,JAL2323,ITM,TJH,09:00,09:40,伊丹,但馬
2026-09-16,JAL2161,ITM,MSJ,09:15,10:45,伊丹,三沢
2026-09-16,JAL110,ITM,HND,09:20,10:35,伊丹,羽田
2026-09-16,JAL2405,ITM,KOJ,09:20,10:30,伊丹,鹿児島
2026-09-16,JAL2203,ITM,SDJ,09:30,10:45,伊丹,仙台
2026-09-16,JAL2301,ITM,MYJ,09:30,10:15,伊丹,松山
2026-09-16,JAL2465,ITM,ASJ,09:35,11:10,伊丹,奄美
2026-09-16,JAL2053,ITM,FUK,09:50,11:00,伊丹,福岡
2026-09-16,JAL2365,ITM,OIT,10:10,11:05,伊丹,大分
2026-09-16,JAL2351,ITM,IZO,10:20,11:10,伊丹,出雲
2026-09-16,JAL2385,ITM,KMJ,10:20,11:25,伊丹,熊本
2026-09-16,JAL112,ITM,HND,10:25,11:35,伊丹,羽田
2026-09-16,JAL2243,ITM,KIJ,10:35,11:35,伊丹,新潟
2026-09-16,JAL2433,ITM,KMI,10:35,11:35,伊丹,宮崎
2026-09-16,JAL2123,ITM,HKD,11:00,12:35,伊丹,函館
2026-09-16,JAL2205,ITM,SDJ,11:00,12:15,伊丹,仙台
2026-09-16,JAL2407,ITM,KOJ,11:05,12:15,伊丹,鹿児島
2026-09-16,JAL2373,ITM,NGS,11:20,12:30,伊丹,長崎
2026-09-16,JAL114,ITM,HND,11:25,12:40,伊丹,羽田
2026-09-16,JAL2451,ITM,KUM,11:25,13:10,伊丹,屋久島
2026-09-16,JAL2005,ITM,CTS,11:45,13:35,伊丹,新千歳
2026-09-16,JAL2183,ITM,HNA,11:45,13:00,伊丹,花巻
2026-09-16,JAL2153,ITM,AOJ,12:00,13:25,伊丹,青森
2026-09-16,JAL2173,ITM,AXT,12:20,13:35,伊丹,秋田
2026-09-16,JAL116,ITM,HND,12:25,13:40,伊丹,羽田
2026-09-16,JAL2007,ITM,CTS,12:45,14:30,伊丹,新千歳
2026-09-16,JAL3881,ITM,KMJ,12:50,14:20,伊丹,熊本
2026-09-16,JAL2375,ITM,NGS,13:00,14:15,伊丹,長崎
2026-09-16,JAL2235,ITM,GAJ,13:10,14:20,伊丹,山形
2026-09-16,JAL2057,ITM,FUK,13:10,14:20,伊丹,福岡
2026-09-16,JAL118,ITM,HND,13:25,14:40,伊丹,羽田
2026-09-16,JAL2185,ITM,HNA,13:35,14:55,伊丹,花巻
2026-09-16,JAL2331,ITM,OKI,13:45,14:35,伊丹,隠岐
2026-09-16,JAL2207,ITM,SDJ,13:50,15:00,伊丹,仙台
2026-09-16,JAL2387,ITM,KMJ,13:50,14:55,伊丹,熊本
2026-09-16,JAL120,ITM,HND,14:20,15:35,伊丹,羽田
2026-09-16,JAL2247,ITM,KIJ,14:30,15:30,伊丹,新潟
2026-09-16,JAL3006,ITM,NRT,14:35,16:00,伊丹,成田
2026-09-16,JAL2355,ITM,IZO,14:35,15:25,伊丹,出雲
2026-09-16,JAL2087,ITM,OKA,14:50,16:50,伊丹,那覇
2026-09-16,JAL2009,ITM,CTS,15:15,17:00,伊丹,新千歳
2026-09-16,JAL2409,ITM,KOJ,15:15,16:20,伊丹,鹿児島
2026-09-16,JAL2209,ITM,SDJ,15:30,16:45,伊丹,仙台
2026-09-16,JAL124,ITM,HND,15:35,17:00,伊丹,羽田
2026-09-16,JAL2163,ITM,MSJ,15:40,17:10,伊丹,三沢
2026-09-16,JAL2411,ITM,KOJ,16:15,17:25,伊丹,鹿児島
2026-09-16,JAL2237,ITM,GAJ,16:25,17:35,伊丹,山形
2026-09-16,JAL2179,ITM,AXT,16:30,17:45,伊丹,秋田
2026-09-16,JAL126,ITM,HND,16:30,17:50,伊丹,羽田
2026-09-16,JAL2309,ITM,MYJ,16:30,17:15,伊丹,松山
2026-09-16,JAL2439,ITM,KMI,16:30,17:35,伊丹,宮崎
2026-09-16,JAL2187,ITM,HNA,16:45,18:10,伊丹,花巻
2026-09-16,JAL2157,ITM,AOJ,16:50,18:15,伊丹,青森
2026-09-16,JAL128,ITM,HND,16:50,18:10,伊丹,羽田
2026-09-16,JAL2325,ITM,TJH,16:55,17:30,伊丹,但馬
2026-09-16,JAL2213,ITM,SDJ,17:10,18:25,伊丹,仙台
2026-09-16,JAL2377,ITM,NGS,17:20,18:35,伊丹,長崎
2026-09-16,JAL2389,ITM,KMJ,17:25,18:30,伊丹,熊本
2026-09-16,JAL2415,ITM,KOJ,17:25,18:35,伊丹,鹿児島
2026-09-16,JAL2443,ITM,KMI,17:30,18:35,伊丹,宮崎
2026-09-16,JAL2251,ITM,KIJ,17:35,18:40,伊丹,新潟
2026-09-16,JAL2367,ITM,OIT,17:40,18:35,伊丹,大分
2026-09-16,JAL2357,ITM,IZO,18:05,18:55,伊丹,出雲
2026-09-16,JAL130,ITM,HND,18:25,19:40,伊丹,羽田
2026-09-16,JAL2019,ITM,CTS,18:40,20:25,伊丹,新千歳
2026-09-16,JAL134,ITM,HND,19:35,20:50,伊丹,羽田
2026-09-16,JAL2217,ITM,SDJ,19:50,21:05,伊丹,仙台
2026-09-16,JAL2061,ITM,FUK,19:55,21:10,伊丹,福岡
2026-09-16,JAL2445,ITM,KMI,19:55,21:00,伊丹,宮崎
2026-09-16,JAL138,ITM,HND,20:05,21:20,伊丹,羽田
2026-09-16,JAL2419,ITM,KOJ,20:05,21:15,伊丹,鹿児島
2026-09-16,JAL276,IZO,HND,07:35,09:00,出雲,羽田
2026-09-16,JAL2344,IZO,ITM,08:30,09:15,出雲,伊丹
2026-09-16,JAL4462,IZO,NKM,08:45,09:45,出雲,名古屋
2026-09-16,JAL3433,IZO,OKI,09:00,09:30,出雲,隠岐
2026-09-16,JAL278,IZO,HND,09:15,10:35,出雲,羽田
2026-09-16,JAL3550,IZO,FUK,11:00,12:10,出雲,福岡
2026-09-16,JAL2346,IZO,ITM,11:40,12:25,出雲,伊丹
2026-09-16,JAL280,IZO,HND,11:55,13:20,出雲,羽田
2026-09-16,JAL2356,IZO,ITM,16:00,16:45,出雲,伊丹
2026-09-16,JAL284,IZO,HND,17:15,18:50,出雲,羽田
2026-09-16,JAL4468,IZO,NKM,18:35,19:35,出雲,名古屋
2026-09-16,JAL286,IZO,HND,19:10,20:35,出雲,羽田
2026-09-16,JAL3554,IZO,FUK,19:15,20:25,出雲,福岡
2026-09-16,JAL2358,IZO,ITM,19:30,20:20,出雲,伊丹
2026-09-16,JAL490,KCZ,HND,07:10,08:30,高知,羽田
2026-09-16,JAL4512,KCZ,NGO,09:15,10:15,高知,中部国際
2026-09-16,JAL492,KCZ,HND,09:35,11:00,高知,羽田
2026-09-16,JAL3582,KCZ,FUK,10:25,11:25,高知,福岡
2026-09-16,JAL494,KCZ,HND,11:15,12:40,高知,羽田
2026-09-16,JAL496,KCZ,HND,16:15,17:45,高知,羽田
2026-09-16,JAL3588,KCZ,FUK,17:30,18:25,高知,福岡
2026-09-16,JAL498,KCZ,HND,19:00,20:25,高知,羽田
2026-09-16,JAL4378,KCZ,NKM,19:50,20:50,高知,名古屋
2026-09-16,JAL2240,KIJ,ITM,08:45,09:50,新潟,伊丹
2026-09-16,JAL4484,KIJ,CTS,11:45,13:00,新潟,新千歳
2026-09-16,JAL2244,KIJ,ITM,12:10,13:15,新潟,伊丹
2026-09-16,JAL4476,KIJ,FUK,12:30,14:20,新潟,福岡
2026-09-16,JAL2246,KIJ,ITM,16:00,17:05,新潟,伊丹
2026-09-16,JAL4486,KIJ,CTS,16:15,17:30,新潟,新千歳
2026-09-16,JAL4436,KIJ,NKM,18:45,19:45,新潟,名古屋
2026-09-16,JAL2250,KIJ,ITM,19:10,20:30,新潟,伊丹
2026-09-16,JAL220,KIX,HND,06:40,07:50,関西国際,羽田
2026-09-16,JTA121,KIX,MMY,07:40,09:55,関西国際,宮古
2026-09-16,JTA001,KIX,OKA,08:20,10:25,関西国際,那覇
2026-09-16,JAL2501,KIX,CTS,09:15,11:10,関西国際,新千歳
2026-09-16,JTA083,KIX,ISG,09:50,12:20,関西国際,新石垣
2026-09-16,JTA005,KIX,OKA,14:05,16:10,関西国際,那覇
2026-09-16,JAL224,KIX,HND,14:45,16:05,関西国際,羽田
2026-09-16,JAL2505,KIX,CTS,15:10,17:05,関西国際,新千歳
2026-09-16,JTA009,KIX,OKA,20:25,22:30,関西国際,那覇
2026-09-16,JAL228,KIX,HND,21:10,22:30,関西国際,羽田
2026-09-16,JAL374,KKJ,HND,10:35,12:10,北九州,羽田
2026-09-16,JAL376,KKJ,HND,15:55,17:40,北九州,羽田
2026-09-16,JAL378,KKJ,HND,20:45,22:20,北九州,羽田
2026-09-16,JAL3780,KKX,KOJ,09:20,10:25,喜界,鹿児島
2026-09-16,JAL3830,KKX,ASJ,10:15,10:35,喜界,奄美
2026-09-16,JAL3786,KKX,KOJ,15:15,16:20,喜界,鹿児島
2026-09-16,JAL3836,KKX,ASJ,16:30,16:50,喜界,奄美
2026-09-16,JAL688,KMI,HND,07:35,09:20,宮崎,羽田
2026-09-16,JAL2430,KMI,ITM,07:35,08:40,宮崎,伊丹
2026-09-16,JAL3624,KMI,FUK,08:30,09:20,宮崎,福岡
2026-09-16,JAL2432,KMI,ITM,08:45,09:50,宮崎,伊丹
2026-09-16,JAL690,KMI,HND,10:30,12:10,宮崎,羽田
2026-09-16,JAL3626,KMI,FUK,11:05,11:55,宮崎,福岡
2026-09-16,JAL692,KMI,HND,12:10,13:55,宮崎,羽田
2026-09-16,JAL2434,KMI,ITM,12:10,13:15,宮崎,伊丹
2026-09-16,JAL3628,KMI,FUK,13:00,13:55,宮崎,福岡
2026-09-16,JAL694,KMI,HND,14:00,15:45,宮崎,羽田
2026-09-16,JAL3630,KMI,FUK,14:00,14:55,宮崎,福岡
2026-09-16,JAL3634,KMI,FUK,15:50,16:40,宮崎,福岡
2026-09-16,JAL696,KMI,HND,16:50,18:35,宮崎,羽田
2026-09-16,JAL3636,KMI,FUK,16:50,17:45,宮崎,福岡
2026-09-16,JAL2440,KMI,ITM,18:05,19:20,宮崎,伊丹
2026-09-16,JAL698,KMI,HND,18:45,20:30,宮崎,羽田
2026-09-16,JAL2444,KMI,ITM,19:05,20:20,宮崎,伊丹
2026-09-16,JAL3642,KMI,FUK,20:35,21:30,宮崎,福岡
2026-09-16,JAL622,KMJ,HND,07:35,09:20,熊本,羽田
2026-09-16,JAL624,KMJ,HND,08:40,10:20,熊本,羽田
2026-09-16,JAL2382,KMJ,ITM,09:15,10:20,熊本,伊丹
2026-09-16,JAL4400,KMJ,NKM,09:45,11:05,熊本,名古屋
2026-09-16,JAL626,KMJ,HND,10:20,12:05,熊本,羽田
2026-09-16,JAL3880,KMJ,ITM,10:45,12:10,熊本,伊丹
2026-09-16,JAL2386,KMJ,ITM,12:00,13:05,熊本,伊丹
2026-09-16,JAL628,KMJ,HND,12:25,14:10,熊本,羽田
2026-09-16,JAL4534,KMJ,NGO,12:40,14:00,熊本,中部国際
2026-09-16,JAL630,KMJ,HND,13:50,15:35,熊本,羽田
2026-09-16,JAL3873,KMJ,AXJ,14:50,15:15,熊本,天草
2026-09-16,JAL632,KMJ,HND,15:20,17:10,熊本,羽田
2026-09-16,JAL2388,KMJ,ITM,15:30,16:35,熊本,伊丹
2026-09-16,JAL4536,KMJ,NGO,16:30,17:50,熊本,中部国際
2026-09-16,JAL634,KMJ,HND,17:20,19:05,熊本,羽田
2026-09-16,JAL2392,KMJ,ITM,19:00,20:20,熊本,伊丹
2026-09-16,JAL4408,KMJ,NKM,20:00,21:20,熊本,名古屋
2026-09-16,JAL638,KMJ,HND,20:05,21:45,熊本,羽田
2026-09-16,JAL182,KMQ,HND,07:35,08:50,小松,羽田
2026-09-16,JAL184,KMQ,HND,08:50,10:00,小松,羽田
2026-09-16,JAL186,KMQ,HND,11:15,12:25,小松,羽田
2026-09-16,JTA037,KMQ,OKA,14:05,16:25,小松,那覇
2026-09-16,JAL188,KMQ,HND,14:50,16:10,小松,羽田
2026-09-16,JAL190,KMQ,HND,18:40,19:55,小松,羽田
2026-09-16,JAL192,KMQ,HND,20:30,21:40,小松,羽田
2026-09-16,JAL3801,KOJ,OKE,07:20,08:45,鹿児島,沖永良部
2026-09-16,JAL640,KOJ,HND,07:30,09:15,鹿児島,羽田
2026-09-16,JAL2400,KOJ,ITM,07:35,08:45,鹿児島,伊丹
2026-09-16,JAL3783,KOJ,KKX,07:35,08:50,鹿児島,喜界
2026-09-16,JAL3721,KOJ,ASJ,07:40,08:55,鹿児島,奄美
2026-09-16,JAL3791,KOJ,TKN,07:50,09:10,鹿児島,徳之島
2026-09-16,JAL3761,KOJ,TNE,08:10,08:50,鹿児島,種子島
2026-09-16,JAL3741,KOJ,KUM,08:40,09:20,鹿児島,屋久島
2026-09-16,JAL642,KOJ,HND,08:50,10:35,鹿児島,羽田
2026-09-16,JAL2402,KOJ,ITM,08:50,10:00,鹿児島,伊丹
2026-09-16,JAL3793,KOJ,TKN,08:55,09:55,鹿児島,徳之島
2026-09-16,JAL3727,KOJ,ASJ,10:15,11:10,鹿児島,奄美
2026-09-16,JAL3743,KOJ,KUM,10:30,11:10,鹿児島,屋久島
2026-09-16,JAL644,KOJ,HND,10:55,12:40,鹿児島,羽田
2026-09-16,JAL2406,KOJ,ITM,11:00,12:10,鹿児島,伊丹
2026-09-16,JAL3763,KOJ,TNE,11:00,11:40,鹿児島,種子島
2026-09-16,JAL3825,KOJ,RNJ,11:10,12:45,鹿児島,与論
2026-09-16,JAL3729,KOJ,ASJ,11:55,12:50,鹿児島,奄美
2026-09-16,JAL3654,KOJ,FUK,12:05,13:05,鹿児島,福岡
2026-09-16,JAL646,KOJ,HND,12:50,14:35,鹿児島,羽田
2026-09-16,JAL2408,KOJ,ITM,12:50,14:00,鹿児島,伊丹
2026-09-16,JAL3795,KOJ,TKN,13:00,14:25,鹿児島,徳之島
2026-09-16,JAL3731,KOJ,ASJ,13:10,14:05,鹿児島,奄美
2026-09-16,JAL3745,KOJ,KUM,13:25,14:05,鹿児島,屋久島
2026-09-16,JAL3785,KOJ,KKX,13:30,14:45,鹿児島,喜界
2026-09-16,JAL648,KOJ,HND,14:35,16:30,鹿児島,羽田
2026-09-16,JAL2410,KOJ,ITM,14:45,15:55,鹿児島,伊丹
2026-09-16,JAL3809,KOJ,OKE,14:55,16:20,鹿児島,沖永良部
2026-09-16,JAL4306,KOJ,FSZ,15:00,16:30,鹿児島,静岡
2026-09-16,JAL3753,KOJ,KUM,15:25,16:05,鹿児島,屋久島
2026-09-16,JAL3797,KOJ,TKN,16:05,17:05,鹿児島,徳之島
2026-09-16,JAL650,KOJ,HND,16:45,18:35,鹿児島,羽田
2026-09-16,JAL3777,KOJ,TNE,16:50,17:30,鹿児島,種子島
2026-09-16,JAL3735,KOJ,ASJ,16:55,17:50,鹿児島,奄美
2026-09-16,JAL3737,KOJ,ASJ,17:15,18:30,鹿児島,奄美
2026-09-16,JAL3759,KOJ,KUM,17:50,18:30,鹿児島,屋久島
2026-09-16,JAL2412,KOJ,ITM,18:05,19:15,鹿児島,伊丹
2026-09-16,JAL3687,KOJ,MYJ,18:50,19:50,鹿児島,松山
2026-09-16,JAL652,KOJ,HND,19:05,20:50,鹿児島,羽田
2026-09-16,JAL2414,KOJ,ITM,19:10,20:30,鹿児島,伊丹
2026-09-16,JAL654,KOJ,HND,20:35,22:25,鹿児島,羽田
2026-09-16,RAC842,KTD,OKA,12:50,13:55,北大東,那覇
2026-09-16,JAL2762,KUH,OKD,09:15,10:05,釧路,丘珠
2026-09-16,JAL540,KUH,HND,10:00,11:45,釧路,羽田
2026-09-16,JAL2764,KUH,OKD,12:55,13:45,釧路,丘珠
2026-09-16,JAL542,KUH,HND,14:50,16:35,釧路,羽田
2026-09-16,JAL2766,KUH,OKD,15:25,16:15,釧路,丘珠
2026-09-16,JAL2768,KUH,OKD,18:00,18:50,釧路,丘珠
2026-09-16,JAL544,KUH,HND,19:50,21:35,釧路,羽田
2026-09-16,JAL3740,KUM,KOJ,09:55,10:30,屋久島,鹿児島
2026-09-16,JAL3744,KUM,KOJ,11:45,12:20,屋久島,鹿児島
2026-09-16,JAL3746,KUM,KOJ,13:40,14:15,屋久島,鹿児島
2026-09-16,JAL2450,KUM,ITM,14:35,16:15,屋久島,伊丹
2026-09-16,JAL3676,KUM,FUK,15:30,16:45,屋久島,福岡
2026-09-16,JAL3750,KUM,KOJ,16:35,17:10,屋久島,鹿児島
2026-09-16,JAL3756,KUM,KOJ,19:00,19:35,屋久島,鹿児島
2026-09-16,JAL2710,MMB,CTS,08:55,09:40,女満別,新千歳
2026-09-16,JAL562,MMB,HND,09:25,11:20,女満別,羽田
2026-09-16,JAL2722,MMB,OKD,10:20,11:10,女満別,丘珠
2026-09-16,JAL2714,MMB,CTS,13:55,14:45,女満別,新千歳
2026-09-16,JAL564,MMB,HND,15:00,16:55,女満別,羽田
2026-09-16,JAL2718,MMB,CTS,17:25,18:10,女満別,新千歳
2026-09-16,JAL2728,MMB,OKD,19:10,20:00,女満別,丘珠
2026-09-16,JAL566,MMB,HND,19:50,21:45,女満別,羽田
2026-09-16,RAC862,MMD,OKA,09:30,10:35,南大東,那覇
2026-09-16,RAC864,MMD,OKA,15:55,16:55,南大東,那覇
2026-09-16,JAL4362,MMJ,UKB,10:00,11:00,松本,神戸
2026-09-16,JAL4352,MMJ,CTS,11:35,13:15,松本,新千歳
2026-09-16,JAL4344,MMJ,FUK,13:10,14:50,松本,福岡
2026-09-16,JAL4372,MMJ,OKD,16:10,17:40,松本,丘珠
2026-09-16,JAL4348,MMJ,FUK,17:45,19:25,松本,福岡
2026-09-16,JTA552,MMY,OKA,08:50,09:45,宮古,那覇
2026-09-16,RAC891,MMY,TRA,09:20,09:45,宮古,多良間
2026-09-16,JTA556,MMY,OKA,10:40,11:35,宮古,那覇
2026-09-16,RAC831,MMY,ISG,11:30,12:00,宮古,新石垣
2026-09-16,JTA558,MMY,OKA,12:10,13:05,宮古,那覇
2026-09-16,JTA560,MMY,OKA,13:25,14:20,宮古,那覇
2026-09-16,JAL934,MMY,HND,14:25,17:15,宮古,羽田
2026-09-16,RAC897,MMY,TRA,15:50,16:15,宮古,多良間
2026-09-16,JTA562,MMY,OKA,16:05,17:00,宮古,那覇
2026-09-16,JTA564,MMY,OKA,16:55,17:50,宮古,那覇
2026-09-16,RAC839,MMY,ISG,17:45,18:15,宮古,新石垣
2026-09-16,JTA572,MMY,OKA,17:55,18:50,宮古,那覇
2026-09-16,JTA128,MMY,KIX,19:25,21:40,宮古,関西国際
2026-09-16,RAC804,MMY,OKA,20:00,20:55,宮古,那覇
2026-09-16,JAL152,MSJ,HND,10:00,11:25,三沢,羽田
2026-09-16,JAL2162,MSJ,ITM,11:20,13:00,三沢,伊丹
2026-09-16,JAL154,MSJ,HND,12:50,14:15,三沢,羽田
2026-09-16,JAL156,MSJ,HND,16:50,18:15,三沢,羽田
2026-09-16,JAL2166,MSJ,ITM,17:45,19:25,三沢,伊丹
2026-09-16,JAL158,MSJ,HND,19:10,20:35,三沢,羽田
2026-09-16,JAL430,MYJ,HND,07:10,08:40,松山,羽田
2026-09-16,JAL3592,MYJ,FUK,08:25,09:15,松山,福岡
2026-09-16,JAL432,MYJ,HND,09:10,10:40,松山,羽田
2026-09-16,JAL2300,MYJ,ITM,10:45,11:35,松山,伊丹
2026-09-16,JAL434,MYJ,HND,11:25,12:55,松山,羽田
2026-09-16,JAL3596,MYJ,FUK,13:30,14:15,松山,福岡
2026-09-16,JAL436,MYJ,HND,14:20,15:55,松山,羽田
2026-09-16,JAL3602,MYJ,FUK,14:45,15:35,松山,福岡
2026-09-16,JAL438,MYJ,HND,17:35,19:10,松山,羽田
2026-09-16,JAL3608,MYJ,FUK,17:45,18:40,松山,福岡
2026-09-16,JAL440,MYJ,HND,19:00,20:35,松山,羽田
2026-09-16,JAL2310,MYJ,ITM,19:00,20:00,松山,伊丹
2026-09-16,JAL3686,MYJ,KOJ,20:20,21:20,松山,鹿児島
2026-09-16,JAL202,NGO,HND,07:40,08:40,中部国際,羽田
2026-09-16,JAL3101,NGO,CTS,08:05,09:50,中部国際,新千歳
2026-09-16,JAL3082,NGO,NRT,08:20,09:30,中部国際,成田
2026-09-16,JTA045,NGO,OKA,08:30,10:45,中部国際,那覇
2026-09-16,JAL4535,NGO,KMJ,10:45,12:10,中部国際,熊本
2026-09-16,JAL3107,NGO,CTS,12:40,14:20,中部国際,新千歳
2026-09-16,JAL3084,NGO,NRT,14:35,15:50,中部国際,成田
2026-09-16,JAL4537,NGO,KMJ,14:35,16:00,中部国際,熊本
2026-09-16,JTA047,NGO,OKA,14:55,17:10,中部国際,那覇
2026-09-16,JAL3117,NGO,CTS,17:30,19:10,中部国際,新千歳
2026-09-16,JAL4517,NGO,KCZ,18:20,19:20,中部国際,高知
2026-09-16,JTA049,NGO,OKA,18:50,21:00,中部国際,那覇
2026-09-16,JAL208,NGO,HND,20:55,22:00,中部国際,羽田
2026-09-16,JAL606,NGS,HND,07:25,09:10,長崎,羽田
2026-09-16,JAL4051,NGS,TSJ,07:30,08:05,長崎,対馬
2026-09-16,JAL2372,NGS,ITM,08:50,10:00,長崎,伊丹
2026-09-16,JAL4041,NGS,IKI,08:55,09:25,長崎,壱岐
2026-09-16,JAL4073,NGS,FUJ,09:50,10:20,長崎,五島福江
2026-09-16,JAL608,NGS,HND,10:00,11:45,長崎,羽田
2026-09-16,JAL4053,NGS,TSJ,11:00,11:35,長崎,対馬
2026-09-16,JAL610,NGS,HND,12:35,14:25,長崎,羽田
2026-09-16,JAL2374,NGS,ITM,13:00,14:10,長崎,伊丹
2026-09-16,JAL4075,NGS,FUJ,13:20,13:50,長崎,五島福江
2026-09-16,JAL2376,NGS,ITM,14:45,15:55,長崎,伊丹
2026-09-16,JAL612,NGS,HND,15:05,17:00,長崎,羽田
2026-09-16,JAL614,NGS,HND,16:05,18:00,長崎,羽田
2026-09-16,JAL4043,NGS,IKI,16:50,17:20,長崎,壱岐
2026-09-16,JAL4061,NGS,TSJ,19:00,19:35,長崎,対馬
2026-09-16,JAL2378,NGS,ITM,19:10,20:25,長崎,伊丹
2026-09-16,JAL616,NGS,HND,20:25,22:10,長崎,羽田
2026-09-16,JAL4381,NKM,FUK,07:00,08:25,名古屋,福岡
2026-09-16,JAL4461,NKM,IZO,07:15,08:15,名古屋,出雲
2026-09-16,JAL4451,NKM,OKD,07:20,09:00,名古屋,丘珠
2026-09-16,JAL4411,NKM,HNA,07:30,08:40,名古屋,花巻
2026-09-16,JAL4377,NKM,KCZ,07:45,08:45,名古屋,高知
2026-09-16,JAL4401,NKM,KMJ,07:50,09:15,名古屋,熊本
2026-09-16,JAL4383,NKM,FUK,08:00,09:25,名古屋,福岡
2026-09-16,JAL4421,NKM,AOJ,08:25,09:45,名古屋,青森
2026-09-16,JAL4441,NKM,GAJ,09:05,10:10,名古屋,山形
2026-09-16,JAL4433,NKM,KIJ,10:20,11:15,名古屋,新潟
2026-09-16,JAL4385,NKM,FUK,10:55,12:20,名古屋,福岡
2026-09-16,JAL4423,NKM,AOJ,11:35,12:55,名古屋,青森
2026-09-16,JAL4413,NKM,HNA,12:15,13:25,名古屋,花巻
2026-09-16,JAL4443,NKM,GAJ,12:20,13:25,名古屋,山形
2026-09-16,JAL4455,NKM,OKD,13:30,15:10,名古屋,丘珠
2026-09-16,JAL4417,NKM,HNA,16:00,17:10,名古屋,花巻
2026-09-16,JAL4457,NKM,OKD,16:50,18:30,名古屋,丘珠
2026-09-16,JAL4467,NKM,IZO,17:05,18:05,名古屋,出雲
2026-09-16,JAL4427,NKM,AOJ,18:00,19:20,名古屋,青森
2026-09-16,JAL4409,NKM,KMJ,18:05,19:30,名古屋,熊本
2026-09-16,JAL3083,NRT,NGO,10:30,11:40,成田,中部国際
2026-09-16,JAL3009,NRT,ITM,18:25,19:50,成田,伊丹
2026-09-16,JAL3087,NRT,NGO,18:55,20:10,成田,中部国際
2026-09-16,JAL570,OBO,HND,09:55,11:40,帯広,羽田
2026-09-16,JAL572,OBO,HND,13:10,14:55,帯広,羽田
2026-09-16,JAL574,OBO,HND,16:15,18:00,帯広,羽田
2026-09-16,JAL576,OBO,HND,20:00,21:40,帯広,羽田
2026-09-16,RAC742,OGN,ISG,08:55,09:25,与那国,新石垣
2026-09-16,RAC724,OGN,OKA,11:15,12:35,与那国,那覇
2026-09-16,RAC744,OGN,ISG,13:35,14:05,与那国,新石垣
2026-09-16,RAC746,OGN,ISG,16:50,17:20,与那国,新石垣
2026-09-16,RAC728,OGN,OKA,18:50,20:10,与那国,那覇
2026-09-16,JAL2792,OIR,HKD,12:45,13:15,奥尻,函館
2026-09-16,JAL662,OIT,HND,07:35,09:10,大分,羽田
2026-09-16,JAL2362,OIT,ITM,08:45,09:40,大分,伊丹
2026-09-16,JAL664,OIT,HND,10:25,11:55,大分,羽田
2026-09-16,JAL2364,OIT,ITM,11:35,12:35,大分,伊丹
2026-09-16,JAL668,OIT,HND,11:50,13:30,大分,羽田
2026-09-16,JAL670,OIT,HND,14:25,16:05,大分,羽田
2026-09-16,JAL672,OIT,HND,17:20,19:00,大分,羽田
2026-09-16,JAL674,OIT,HND,19:05,20:40,大分,羽田
2026-09-16,JAL2366,OIT,ITM,19:10,20:15,大分,伊丹
2026-09-16,JTA002,OKA,KIX,07:10,09:05,那覇,関西国際
2026-09-16,JTA050,OKA,FUK,07:10,08:50,那覇,福岡
2026-09-16,JTA551,OKA,MMY,07:15,08:10,那覇,宮古
2026-09-16,JTA601,OKA,ISG,07:15,08:15,那覇,新石垣
2026-09-16,RAC721,OKA,OGN,07:15,08:25,那覇,与那国
2026-09-16,JAL900,OKA,HND,07:25,09:50,那覇,羽田
2026-09-16,RAC871,OKA,UEO,07:45,08:15,那覇,久米島
2026-09-16,RAC861,OKA,MMD,08:00,09:00,那覇,南大東
2026-09-16,RAC801,OKA,MMY,08:00,08:50,那覇,宮古
2026-09-16,JTA605,OKA,ISG,09:35,10:30,那覇,新石垣
2026-09-16,JAL902,OKA,HND,09:55,12:25,那覇,羽田
2026-09-16,RAC873,OKA,UEO,09:55,10:25,那覇,久米島
2026-09-16,JTA052,OKA,FUK,10:25,12:10,那覇,福岡
2026-09-16,JTA557,OKA,MMY,10:40,11:30,那覇,宮古
2026-09-16,JAL904,OKA,HND,10:50,13:25,那覇,羽田
2026-09-16,JTA036,OKA,KMQ,11:10,13:25,那覇,小松
2026-09-16,JTA004,OKA,KIX,11:10,13:10,那覇,関西国際
2026-09-16,RAC841,OKA,KTD,11:20,12:20,那覇,北大東
2026-09-16,JAL906,OKA,HND,11:40,14:15,那覇,羽田
2026-09-16,JTA042,OKA,NGO,11:55,14:05,那覇,中部国際
2026-09-16,JAL2084,OKA,ITM,11:55,13:55,那覇,伊丹
2026-09-16,JTA559,OKA,MMY,11:55,12:45,那覇,宮古
2026-09-16,JAL908,OKA,HND,12:15,14:50,那覇,羽田
2026-09-16,JTA609,OKA,ISG,12:15,13:15,那覇,新石垣
2026-09-16,RAC877,OKA,UEO,12:20,12:50,那覇,久米島
2026-09-16,JAL910,OKA,HND,13:15,15:50,那覇,羽田
2026-09-16,RAC815,OKA,RNJ,13:15,13:55,那覇,与論
2026-09-16,JTA054,OKA,FUK,13:20,15:05,那覇,福岡
2026-09-16,JTA211,OKA,UEO,13:45,14:20,那覇,久米島
2026-09-16,JAL3867,OKA,ASJ,13:55,14:55,那覇,奄美
2026-09-16,JAL912,OKA,HND,14:00,16:35,那覇,羽田
2026-09-16,RAC863,OKA,MMD,14:25,15:25,那覇,南大東
2026-09-16,JTA563,OKA,MMY,14:30,15:25,那覇,宮古
2026-09-16,JAL3715,OKA,OKE,14:35,15:25,那覇,沖永良部
2026-09-16,JTA617,OKA,ISG,14:45,15:45,那覇,新石垣
2026-09-16,JAL988,OKA,HND,14:55,17:35,那覇,羽田
2026-09-16,RAC727,OKA,OGN,14:55,16:10,那覇,与那国
2026-09-16,JTA058,OKA,FUK,15:00,16:45,那覇,福岡
2026-09-16,JTA565,OKA,MMY,15:25,16:15,那覇,宮古
2026-09-16,JAL914,OKA,HND,15:40,18:15,那覇,羽田
2026-09-16,RAC879,OKA,UEO,15:40,16:15,那覇,久米島
2026-09-16,JTA044,OKA,NGO,15:45,17:55,那覇,中部国際
2026-09-16,JTA571,OKA,MMY,16:25,17:15,那覇,宮古
2026-09-16,JTA621,OKA,ISG,17:00,18:00,那覇,新石垣
2026-09-16,RAC881,OKA,UEO,17:25,17:55,那覇,久米島
2026-09-16,JTA008,OKA,KIX,17:40,19:40,那覇,関西国際
2026-09-16,JAL916,OKA,HND,17:45,20:15,那覇,羽田
2026-09-16,JAL2088,OKA,ITM,17:55,19:55,那覇,伊丹
2026-09-16,JTA573,OKA,MMY,17:55,18:45,那覇,宮古
2026-09-16,JTA625,OKA,ISG,18:10,19:10,那覇,新石垣
2026-09-16,JTA016,OKA,OKJ,18:30,20:20,那覇,岡山
2026-09-16,JTA060,OKA,FUK,18:30,20:10,那覇,福岡
2026-09-16,JAL918,OKA,HND,18:50,21:20,那覇,羽田
2026-09-16,JAL920,OKA,HND,19:30,22:00,那覇,羽田
2026-09-16,JTA062,OKA,FUK,19:40,21:25,那覇,福岡
2026-09-16,JTA046,OKA,NGO,19:45,21:55,那覇,中部国際
2026-09-16,JAL922,OKA,HND,20:30,23:00,那覇,羽田
2026-09-16,JAL2741,OKD,HKD,07:35,08:15,丘珠,函館
2026-09-16,JAL2761,OKD,KUH,08:00,08:45,丘珠,釧路
2026-09-16,JAL2743,OKD,HKD,08:20,09:00,丘珠,函館
2026-09-16,JAL2721,OKD,MMB,09:05,09:50,丘珠,女満別
2026-09-16,JAL4371,OKD,MMJ,09:30,11:05,丘珠,松本
2026-09-16,JAL2731,OKD,SHB,09:55,10:45,丘珠,根室中標津
2026-09-16,JAL2745,OKD,HKD,10:35,11:15,丘珠,函館
2026-09-16,JAL2823,OKD,AXT,10:45,11:55,丘珠,秋田
2026-09-16,JAL4452,OKD,NKM,11:10,12:55,丘珠,名古屋
2026-09-16,JAL2763,OKD,KUH,11:40,12:25,丘珠,釧路
2026-09-16,JAL2749,OKD,HKD,12:45,13:25,丘珠,函館
2026-09-16,JAL2765,OKD,KUH,14:10,14:55,丘珠,釧路
2026-09-16,JAL2751,OKD,HKD,14:45,15:25,丘珠,函館
2026-09-16,JAL2787,OKD,RIS,15:00,15:55,丘珠,利尻
2026-09-16,JAL2737,OKD,SHB,15:10,16:00,丘珠,根室中標津
2026-09-16,JAL4456,OKD,NKM,15:40,17:25,丘珠,名古屋
2026-09-16,JAL2767,OKD,KUH,16:45,17:30,丘珠,釧路
2026-09-16,JAL2825,OKD,AXT,17:05,18:15,丘珠,秋田
2026-09-16,JAL2727,OKD,MMB,17:55,18:40,丘珠,女満別
2026-09-16,JAL2755,OKD,HKD,18:05,18:45,丘珠,函館
2026-09-16,JAL4332,OKD,FSZ,18:15,20:05,丘珠,静岡
2026-09-16,JAL4458,OKD,NKM,19:00,20:45,丘珠,名古屋
2026-09-16,JAL2759,OKD,HKD,19:20,20:00,丘珠,函館
2026-09-16,JAL3800,OKE,KOJ,09:15,10:35,沖永良部,鹿児島
2026-09-16,JAL3716,OKE,OKA,12:55,13:45,沖永良部,那覇
2026-09-16,JAL3710,OKE,TKN,15:55,16:20,沖永良部,徳之島
2026-09-16,JAL3808,OKE,KOJ,16:50,18:10,沖永良部,鹿児島
2026-09-16,JAL3434,OKI,IZO,10:00,10:30,隠岐,出雲
2026-09-16,JAL2332,OKI,ITM,15:05,15:50,隠岐,伊丹
2026-09-16,JAL232,OKJ,HND,07:05,08:25,岡山,羽田
2026-09-16,JTA013,OKJ,OKA,08:30,10:30,岡山,那覇
2026-09-16,JAL234,OKJ,HND,10:15,11:30,岡山,羽田
2026-09-16,JAL236,OKJ,HND,12:20,13:40,岡山,羽田
2026-09-16,JAL240,OKJ,HND,17:30,18:55,岡山,羽田
2026-09-16,JAL242,OKJ,HND,19:25,20:40,岡山,羽田
2026-09-16,JAL2788,RIS,OKD,16:25,17:15,利尻,丘珠
2026-09-16,JAL3866,RNJ,OKA,12:30,13:15,与論,那覇
2026-09-16,JAL3826,RNJ,KOJ,13:15,14:45,与論,鹿児島
2026-09-16,RAC816,RNJ,OKA,14:25,15:00,与論,那覇
2026-09-16,JAL2200,SDJ,ITM,07:35,08:55,仙台,伊丹
2026-09-16,JAL2901,SDJ,CTS,07:50,09:00,仙台,新千歳
2026-09-16,JAL2903,SDJ,CTS,09:10,10:25,仙台,新千歳
2026-09-16,JAL2202,SDJ,ITM,09:15,10:30,仙台,伊丹
2026-09-16,JAL4528,SDJ,FUK,11:15,13:20,仙台,福岡
2026-09-16,JAL2204,SDJ,ITM,11:20,12:35,仙台,伊丹
2026-09-16,JAL2206,SDJ,ITM,12:40,13:55,仙台,伊丹
2026-09-16,JAL2905,SDJ,CTS,12:45,13:55,仙台,新千歳
2026-09-16,JAL2210,SDJ,ITM,15:35,16:50,仙台,伊丹
2026-09-16,JAL2212,SDJ,ITM,16:10,17:25,仙台,伊丹
2026-09-16,JAL2907,SDJ,CTS,17:15,18:25,仙台,新千歳
2026-09-16,JAL4530,SDJ,FUK,17:45,19:50,仙台,福岡
2026-09-16,JAL2216,SDJ,ITM,19:00,20:25,仙台,伊丹
2026-09-16,JAL2909,SDJ,CTS,20:30,21:40,仙台,新千歳
2026-09-16,JAL2732,SHB,OKD,11:15,12:10,根室中標津,丘珠
2026-09-16,JAL2738,SHB,OKD,16:30,17:25,根室中標津,丘珠
2026-09-16,SKY542,SHI,OKA,11:50,12:40,下地島,那覇
2026-09-16,SKY546,SHI,OKA,13:50,14:40,下地島,那覇
2026-09-16,SKY164,SHI,UKB,15:25,17:35,下地島,神戸
2026-09-16,SKY564,SHI,FUK,16:00,18:00,下地島,福岡
2026-09-16,SKY618,SHI,HND,17:10,19:50,下地島,羽田
2026-09-16,JAL212,SHM,HND,09:30,10:40,南紀白浜,羽田
2026-09-16,JAL214,SHM,HND,13:45,15:00,南紀白浜,羽田
2026-09-16,JAL218,SHM,HND,18:25,19:40,南紀白浜,羽田
2026-09-16,JAL474,TAK,HND,07:05,08:25,高松,羽田
2026-09-16,JAL476,TAK,HND,09:45,11:00,高松,羽田
2026-09-16,JAL478,TAK,HND,11:45,13:05,高松,羽田
2026-09-16,JAL480,TAK,HND,13:10,14:30,高松,羽田
2026-09-16,JAL482,TAK,HND,15:15,16:40,高松,羽田
2026-09-16,JAL484,TAK,HND,17:20,18:45,高松,羽田
2026-09-16,JAL486,TAK,HND,20:40,21:55,高松,羽田
2026-09-16,JAL2324,TJH,ITM,10:10,10:45,但馬,伊丹
2026-09-16,JAL2326,TJH,ITM,18:00,18:40,但馬,伊丹
2026-09-16,JAL3842,TKN,ASJ,09:40,10:10,徳之島,奄美
2026-09-16,JAL3792,TKN,KOJ,10:25,11:20,徳之島,鹿児島
2026-09-16,JAL3711,TKN,OKE,12:00,12:25,徳之島,沖永良部
2026-09-16,JAL3794,TKN,KOJ,14:55,16:15,徳之島,鹿児島
2026-09-16,JAL3844,TKN,ASJ,16:50,17:20,徳之島,奄美
2026-09-16,JAL3796,TKN,KOJ,17:40,18:35,徳之島,鹿児島
2026-09-16,JAL3798,TKN,KOJ,19:00,20:15,徳之島,鹿児島
2026-09-16,JAL452,TKS,HND,07:05,08:20,徳島,羽田
2026-09-16,JAL454,TKS,HND,08:55,10:15,徳島,羽田
2026-09-16,JAL3564,TKS,FUK,11:30,12:35,徳島,福岡
2026-09-16,JAL456,TKS,HND,12:20,13:40,徳島,羽田
2026-09-16,JAL460,TKS,HND,14:45,16:10,徳島,羽田
2026-09-16,JAL462,TKS,HND,17:40,19:05,徳島,羽田
2026-09-16,JAL3568,TKS,FUK,20:05,21:10,徳島,福岡
2026-09-16,JAL464,TKS,HND,20:35,21:55,徳島,羽田
2026-09-16,JAL3760,TNE,KOJ,09:20,09:55,種子島,鹿児島
2026-09-16,JAL3764,TNE,KOJ,12:10,12:45,種子島,鹿児島
2026-09-16,JAL3772,TNE,KOJ,18:00,18:35,種子島,鹿児島
2026-09-16,RAC892,TRA,MMY,10:20,10:45,多良間,宮古
2026-09-16,RAC898,TRA,MMY,16:50,17:15,多良間,宮古
2026-09-16,JAL4052,TSJ,NGS,08:35,09:15,対馬,長崎
2026-09-16,JAL4080,TSJ,FUK,08:50,09:25,対馬,福岡
2026-09-16,JAL4082,TSJ,FUK,11:00,11:35,対馬,福岡
2026-09-16,JAL4054,TSJ,NGS,12:05,12:45,対馬,長崎
2026-09-16,JAL4062,TSJ,NGS,20:05,20:45,対馬,長崎
2026-09-16,JAL290,UBJ,HND,07:40,09:20,山口宇部,羽田
2026-09-16,JAL292,UBJ,HND,10:20,12:00,山口宇部,羽田
2026-09-16,JAL294,UBJ,HND,15:00,16:45,山口宇部,羽田
2026-09-16,JAL296,UBJ,HND,19:00,20:40,山口宇部,羽田
2026-09-16,RAC872,UEO,OKA,08:45,09:20,久米島,那覇
2026-09-16,RAC874,UEO,OKA,10:55,11:30,久米島,那覇
2026-09-16,RAC878,UEO,OKA,13:20,13:55,久米島,那覇
2026-09-16,JTA212,UEO,OKA,15:00,15:40,久米島,那覇
2026-09-16,RAC880,UEO,OKA,16:45,17:20,久米島,那覇
2026-09-16,RAC882,UEO,OKA,18:25,19:00,久米島,那覇
2026-09-16,JAL4363,UKB,MMJ,11:40,12:40,神戸,松本
2026-09-17,JAL552,AKJ,HND,09:50,11:35,旭川,羽田
2026-09-17,JAL554,AKJ,HND,13:40,15:25,旭川,羽田
2026-09-17,JAL556,AKJ,HND,16:25,18:15,旭川,羽田
2026-09-17,JAL558,AKJ,HND,19:55,21:40,旭川,羽田
2026-09-17,JAL140,AOJ,HND,07:35,08:55,青森,羽田
2026-09-17,JAL142,AOJ,HND,08:35,09:55,青森,羽田
2026-09-17,JAL2150,AOJ,ITM,09:50,11:20,青森,伊丹
2026-09-17,JAL4422,AOJ,NKM,10:15,11:40,青森,名古屋
2026-09-17,JAL2804,AOJ,CTS,11:00,11:45,青森,新千歳
2026-09-17,JAL144,AOJ,HND,12:00,13:20,青森,羽田
2026-09-17,JAL4424,AOJ,NKM,13:25,14:50,青森,名古屋
2026-09-17,JAL2154,AOJ,ITM,14:00,15:30,青森,伊丹
2026-09-17,JAL2806,AOJ,CTS,15:00,15:45,青森,新千歳
2026-09-17,JAL146,AOJ,HND,15:20,16:40,青森,羽田
2026-09-17,JAL148,AOJ,HND,17:55,19:15,青森,羽田
2026-09-17,JAL2158,AOJ,ITM,18:45,20:30,青森,伊丹
2026-09-17,JAL4428,AOJ,NKM,19:50,21:15,青森,名古屋
2026-09-17,JAL2810,AOJ,CTS,20:15,21:00,青森,新千歳
2026-09-17,JAL150,AOJ,HND,20:45,22:05,青森,羽田
2026-09-17,JAL3722,ASJ,KOJ,08:45,09:35,奄美,鹿児島
2026-09-17,JAL3831,ASJ,KKX,09:25,09:45,奄美,喜界
2026-09-17,JAL3841,ASJ,TKN,10:55,11:25,奄美,徳之島
2026-09-17,JAL3861,ASJ,RNJ,11:15,12:00,奄美,与論
2026-09-17,JAL3726,ASJ,KOJ,11:45,12:35,奄美,鹿児島
2026-09-17,JAL2464,ASJ,ITM,12:05,13:35,奄美,伊丹
2026-09-17,JAL3728,ASJ,KOJ,13:20,14:15,奄美,鹿児島
2026-09-17,JAL658,ASJ,HND,14:20,16:30,奄美,羽田
2026-09-17,JAL3730,ASJ,KOJ,14:35,15:30,奄美,鹿児島
2026-09-17,JAL3837,ASJ,KKX,15:40,16:00,奄美,喜界
2026-09-17,JAL3734,ASJ,KOJ,17:25,18:30,奄美,鹿児島
2026-09-17,JAL3843,ASJ,TKN,18:00,18:30,奄美,徳之島
2026-09-17,JAL3684,ASJ,FUK,18:20,19:40,奄美,福岡
2026-09-17,JAL3738,ASJ,KOJ,19:00,20:05,奄美,鹿児島
2026-09-17,JAL3890,AXJ,FUK,07:40,08:20,天草,福岡
2026-09-17,JAL3872,AXJ,KMJ,09:55,10:15,天草,熊本
2026-09-17,JAL3894,AXJ,FUK,15:45,16:25,天草,福岡
2026-09-17,JAL3898,AXJ,FUK,18:00,18:40,天草,福岡
2026-09-17,JAL162,AXT,HND,08:45,09:55,秋田,羽田
2026-09-17,JAL2172,AXT,ITM,09:45,11:10,秋田,伊丹
2026-09-17,JAL164,AXT,HND,12:10,13:20,秋田,羽田
2026-09-17,JAL2824,AXT,OKD,12:25,13:30,秋田,丘珠
2026-09-17,JAL2174,AXT,ITM,14:10,15:35,秋田,伊丹
2026-09-17,JAL166,AXT,HND,17:00,18:10,秋田,羽田
2026-09-17,JAL2176,AXT,ITM,18:15,19:40,秋田,伊丹
2026-09-17,JAL2826,AXT,OKD,18:45,19:50,秋田,丘珠
2026-09-17,JAL168,AXT,HND,20:50,22:00,秋田,羽田
2026-09-17,JAL2900,CTS,SDJ,07:35,08:40,新千歳,仙台
2026-09-17,JAL590,CTS,HND,07:35,09:10,新千歳,羽田
2026-09-17,JAL2713,CTS,MMB,07:40,08:25,新千歳,女満別
2026-09-17,JAL500,CTS,HND,07:40,09:20,新千歳,羽田
2026-09-17,JAL502,CTS,HND,08:50,10:25,新千歳,羽田
2026-09-17,JAL2000,CTS,ITM,09:00,10:50,新千歳,伊丹
2026-09-17,JAL2803,CTS,AOJ,09:40,10:25,新千歳,青森
2026-09-17,JAL504,CTS,HND,09:45,11:25,新千歳,羽田
2026-09-17,JAL3106,CTS,NGO,10:10,11:55,新千歳,中部国際
2026-09-17,JAL2831,CTS,HNA,10:15,11:10,新千歳,花巻
2026-09-17,JAL3510,CTS,FUK,10:30,12:55,新千歳,福岡
2026-09-17,JAL4483,CTS,KIJ,10:40,12:00,新千歳,新潟
2026-09-17,JAL506,CTS,HND,10:50,12:30,新千歳,羽田
2026-09-17,JAL2902,CTS,SDJ,11:00,12:10,新千歳,仙台
2026-09-17,JAL508,CTS,HND,11:25,13:05,新千歳,羽田
2026-09-17,JAL2504,CTS,KIX,11:50,14:05,新千歳,関西国際
2026-09-17,JAL2004,CTS,ITM,12:05,14:00,新千歳,伊丹
2026-09-17,JAL2715,CTS,MMB,12:30,13:15,新千歳,女満別
2026-09-17,JAL510,CTS,HND,12:45,14:30,新千歳,羽田
2026-09-17,JAL3512,CTS,FUK,13:30,15:55,新千歳,福岡
2026-09-17,JAL4324,CTS,FSZ,13:35,15:30,新千歳,静岡
2026-09-17,JAL2805,CTS,AOJ,13:40,14:25,新千歳,青森
2026-09-17,JAL512,CTS,HND,14:00,15:40,新千歳,羽田
2026-09-17,JAL4485,CTS,KIJ,14:05,15:25,新千歳,新潟
2026-09-17,JAL4491,CTS,GAJ,14:35,15:50,新千歳,山形
2026-09-17,JAL2904,CTS,SDJ,14:35,15:40,新千歳,仙台
2026-09-17,JAL3406,CTS,HIJ,15:00,17:05,新千歳,広島
2026-09-17,JAL3114,CTS,NGO,15:05,16:50,新千歳,中部国際
2026-09-17,JAL2008,CTS,ITM,15:05,17:00,新千歳,伊丹
2026-09-17,JAL514,CTS,HND,15:10,16:55,新千歳,羽田
2026-09-17,JAL4353,CTS,MMJ,15:40,17:15,新千歳,松本
2026-09-17,JAL2010,CTS,ITM,15:55,17:45,新千歳,伊丹
2026-09-17,JAL516,CTS,HND,16:05,17:45,新千歳,羽田
2026-09-17,JAL2719,CTS,MMB,16:10,16:50,新千歳,女満別
2026-09-17,JAL2839,CTS,HNA,16:30,17:25,新千歳,花巻
2026-09-17,JAL518,CTS,HND,17:00,18:45,新千歳,羽田
2026-09-17,JAL520,CTS,HND,17:15,18:55,新千歳,羽田
2026-09-17,JAL2016,CTS,ITM,17:45,19:40,新千歳,伊丹
2026-09-17,JAL2506,CTS,KIX,17:55,20:10,新千歳,関西国際
2026-09-17,JAL522,CTS,HND,18:00,19:45,新千歳,羽田
2026-09-17,JAL4472,CTS,FUK,18:05,20:55,新千歳,福岡
2026-09-17,JAL2809,CTS,AOJ,18:45,19:30,新千歳,青森
2026-09-17,JAL2906,CTS,SDJ,18:55,20:00,新千歳,仙台
2026-09-17,JAL524,CTS,HND,19:15,20:55,新千歳,羽田
2026-09-17,JAL2910,CTS,SDJ,19:45,20:50,新千歳,仙台
2026-09-17,JAL3118,CTS,NGO,19:55,21:40,新千歳,中部国際
2026-09-17,JAL526,CTS,HND,20:15,21:55,新千歳,羽田
2026-09-17,JAL528,CTS,HND,21:10,22:55,新千歳,羽田
2026-09-17,JAL530,CTS,HND,21:20,23:05,新千歳,羽田
2026-09-17,JAL4312,FSZ,FUK,08:10,09:50,静岡,福岡
2026-09-17,JAL4331,FSZ,OKD,08:55,10:40,静岡,丘珠
2026-09-17,JAL4323,FSZ,CTS,12:10,14:00,静岡,新千歳
2026-09-17,JAL4305,FSZ,KOJ,12:40,14:15,静岡,鹿児島
2026-09-17,JAL4314,FSZ,FUK,16:15,18:00,静岡,福岡
2026-09-17,JAL4316,FSZ,FUK,17:00,18:45,静岡,福岡
2026-09-17,JAL4094,FUJ,FUK,10:50,11:35,五島福江,福岡
2026-09-17,JAL4074,FUJ,NGS,13:40,14:10,五島福江,長崎
2026-09-17,JAL4098,FUJ,FUK,14:20,15:05,五島福江,福岡
2026-09-17,JAL4078,FUJ,NGS,17:00,17:30,五島福江,長崎
2026-09-17,JAL4096,FUJ,FUK,17:55,18:40,五島福江,福岡
2026-09-17,JAL300,FUK,HND,07:00,08:45,福岡,羽田
2026-09-17,JAL3681,FUK,ASJ,07:05,08:15,福岡,奄美
2026-09-17,JAL3591,FUK,MYJ,07:10,07:55,福岡,松山
2026-09-17,JAL3551,FUK,IZO,07:15,08:25,福岡,出雲
2026-09-17,JAL3623,FUK,KMI,07:15,08:00,福岡,宮崎
2026-09-17,JTA051,FUK,OKA,07:15,08:50,福岡,那覇
2026-09-17,JAL302,FUK,HND,07:20,09:05,福岡,羽田
2026-09-17,JAL4471,FUK,CTS,07:45,10:05,福岡,新千歳
2026-09-17,JAL4079,FUK,TSJ,07:45,08:20,福岡,対馬
2026-09-17,JAL2050,FUK,ITM,07:50,08:55,福岡,伊丹
2026-09-17,JAL4341,FUK,MMJ,08:00,09:30,福岡,松本
2026-09-17,JAL304,FUK,HND,08:05,09:50,福岡,羽田
2026-09-17,JAL3891,FUK,AXJ,08:50,09:25,福岡,天草
2026-09-17,JAL4529,FUK,SDJ,08:55,10:45,福岡,仙台
2026-09-17,JAL3581,FUK,KCZ,09:00,09:55,福岡,高知
2026-09-17,JAL306,FUK,HND,09:10,10:55,福岡,羽田
2026-09-17,JTA053,FUK,OKA,09:30,11:15,福岡,那覇
2026-09-17,JAL3625,FUK,KMI,09:45,10:35,福岡,宮崎
2026-09-17,JAL3563,FUK,TKS,09:55,10:55,福岡,徳島
2026-09-17,JAL4313,FUK,FSZ,09:55,11:25,福岡,静岡
2026-09-17,JAL4081,FUK,TSJ,09:55,10:30,福岡,対馬
2026-09-17,JAL308,FUK,HND,10:00,11:45,福岡,羽田
2026-09-17,JAL4315,FUK,FSZ,10:25,11:55,福岡,静岡
2026-09-17,JAL310,FUK,HND,11:00,12:50,福岡,羽田
2026-09-17,JAL3627,FUK,KMI,11:40,12:30,福岡,宮崎
2026-09-17,JAL3513,FUK,CTS,11:50,14:10,福岡,新千歳
2026-09-17,JAL312,FUK,HND,11:55,13:40,福岡,羽田
2026-09-17,JAL3595,FUK,MYJ,11:55,12:40,福岡,松山
2026-09-17,JAL4095,FUK,FUJ,12:10,13:00,福岡,五島福江
2026-09-17,JAL3629,FUK,KMI,12:40,13:25,福岡,宮崎
2026-09-17,JAL314,FUK,HND,12:50,14:40,福岡,羽田
2026-09-17,JAL3653,FUK,KOJ,12:50,13:40,福岡,鹿児島
2026-09-17,JAL4525,FUK,HNA,12:55,14:50,福岡,花巻
2026-09-17,JTA057,FUK,OKA,12:55,14:40,福岡,那覇
2026-09-17,JAL3601,FUK,MYJ,13:30,14:15,福岡,松山
2026-09-17,JAL3673,FUK,KUM,13:50,15:00,福岡,屋久島
2026-09-17,JAL4345,FUK,MMJ,13:55,15:25,福岡,松本
2026-09-17,JAL316,FUK,HND,14:00,15:50,福岡,羽田
2026-09-17,JAL3515,FUK,CTS,14:15,16:30,福岡,新千歳
2026-09-17,JAL318,FUK,HND,14:30,16:25,福岡,羽田
2026-09-17,JAL3633,FUK,KMI,14:30,15:20,福岡,宮崎
2026-09-17,JAL4390,FUK,NKM,14:55,16:15,福岡,名古屋
2026-09-17,JAL2056,FUK,ITM,15:00,16:15,福岡,伊丹
2026-09-17,JAL4531,FUK,SDJ,15:25,17:15,福岡,仙台
2026-09-17,JAL3635,FUK,KMI,15:25,16:10,福岡,宮崎
2026-09-17,JAL4099,FUK,FUJ,15:40,16:30,福岡,五島福江
2026-09-17,JAL2058,FUK,ITM,15:50,17:00,福岡,伊丹
2026-09-17,JTA061,FUK,OKA,15:55,17:35,福岡,那覇
2026-09-17,JAL320,FUK,HND,16:00,17:50,福岡,羽田
2026-09-17,JAL3587,FUK,KCZ,16:10,17:00,福岡,高知
2026-09-17,JAL322,FUK,HND,16:30,18:20,福岡,羽田
2026-09-17,JAL4477,FUK,KIJ,16:35,18:15,福岡,新潟
2026-09-17,JAL4097,FUK,FUJ,16:40,17:25,福岡,五島福江
2026-09-17,JAL3895,FUK,AXJ,16:55,17:30,福岡,天草
2026-09-17,JAL324,FUK,HND,17:05,18:55,福岡,羽田
2026-09-17,JTA063,FUK,OKA,17:25,19:05,福岡,那覇
2026-09-17,JAL3555,FUK,IZO,17:35,18:45,福岡,出雲
2026-09-17,JAL3607,FUK,MYJ,17:40,18:25,福岡,松山
2026-09-17,JAL326,FUK,HND,18:15,20:05,福岡,羽田
2026-09-17,JAL3567,FUK,TKS,18:20,19:20,福岡,徳島
2026-09-17,JAL4317,FUK,FSZ,18:50,20:20,福岡,静岡
2026-09-17,JAL2060,FUK,ITM,19:00,20:20,福岡,伊丹
2026-09-17,JAL328,FUK,HND,19:10,20:55,福岡,羽田
2026-09-17,JAL3899,FUK,AXJ,19:10,19:45,福岡,天草
2026-09-17,JAL4392,FUK,NKM,19:15,20:35,福岡,名古屋
2026-09-17,JAL3639,FUK,KMI,19:15,20:00,福岡,宮崎
2026-09-17,JAL330,FUK,HND,20:00,21:45,福岡,羽田
2026-09-17,JAL4394,FUK,NKM,20:00,21:20,福岡,名古屋
2026-09-17,JTA065,FUK,OKA,20:55,22:30,福岡,那覇
2026-09-17,JAL332,FUK,HND,21:00,22:45,福岡,羽田
2026-09-17,JAL2234,GAJ,ITM,08:50,10:10,山形,伊丹
2026-09-17,JAL174,GAJ,HND,09:50,10:55,山形,羽田
2026-09-17,JAL4442,GAJ,NKM,10:40,11:50,山形,名古屋
2026-09-17,JAL4490,GAJ,CTS,13:55,15:05,山形,新千歳
2026-09-17,JAL2236,GAJ,ITM,14:50,16:10,山形,伊丹
2026-09-17,JAL4446,GAJ,NKM,16:20,17:30,山形,名古屋
2026-09-17,JAL2238,GAJ,ITM,18:05,19:20,山形,伊丹
2026-09-17,JAL178,GAJ,HND,19:10,20:15,山形,羽田
2026-09-17,JAL252,HIJ,HND,07:35,09:00,広島,羽田
2026-09-17,JAL254,HIJ,HND,09:25,10:50,広島,羽田
2026-09-17,JAL3403,HIJ,CTS,10:50,12:45,広島,新千歳
2026-09-17,JAL256,HIJ,HND,12:10,13:35,広島,羽田
2026-09-17,JAL258,HIJ,HND,13:45,15:10,広島,羽田
2026-09-17,JAL262,HIJ,HND,16:25,17:55,広島,羽田
2026-09-17,JAL264,HIJ,HND,18:10,19:40,広島,羽田
2026-09-17,JAL266,HIJ,HND,20:35,22:00,広島,羽田
2026-09-17,JAL2740,HKD,OKD,07:50,08:30,函館,丘珠
2026-09-17,JAL2742,HKD,OKD,08:45,09:25,函館,丘珠
2026-09-17,JAL2744,HKD,OKD,09:30,10:10,函館,丘珠
2026-09-17,JAL584,HKD,HND,09:40,11:10,函館,羽田
2026-09-17,JAL2791,HKD,OIR,11:45,12:15,函館,奥尻
2026-09-17,JAL2124,HKD,ITM,13:10,14:50,函館,伊丹
2026-09-17,JAL2748,HKD,OKD,13:45,14:25,函館,丘珠
2026-09-17,JAL2750,HKD,OKD,14:00,14:40,函館,丘珠
2026-09-17,JAL586,HKD,HND,15:00,16:25,函館,羽田
2026-09-17,JAL2752,HKD,OKD,15:55,16:35,函館,丘珠
2026-09-17,JAL2756,HKD,OKD,19:15,19:55,函館,丘珠
2026-09-17,JAL588,HKD,HND,19:30,21:00,函館,羽田
2026-09-17,JAL4412,HNA,NKM,09:10,10:25,花巻,名古屋
2026-09-17,JAL2180,HNA,ITM,09:20,10:45,花巻,伊丹
2026-09-17,JAL2830,HNA,CTS,11:40,12:35,花巻,新千歳
2026-09-17,JAL2182,HNA,ITM,13:30,14:55,花巻,伊丹
2026-09-17,JAL4524,HNA,FUK,13:55,16:05,花巻,福岡
2026-09-17,JAL4416,HNA,NKM,15:20,16:35,花巻,名古屋
2026-09-17,JAL2186,HNA,ITM,15:25,16:50,花巻,伊丹
2026-09-17,JAL4418,HNA,NKM,17:40,18:55,花巻,名古屋
2026-09-17,JAL2838,HNA,CTS,17:55,18:55,花巻,新千歳
2026-09-17,JAL2190,HNA,ITM,18:40,20:15,花巻,伊丹
2026-09-17,JAL623,HND,KMJ,06:20,08:00,羽田,熊本
2026-09-17,JAL303,HND,FUK,06:25,08:10,羽田,福岡
2026-09-17,JAL641,HND,KOJ,06:25,08:05,羽田,鹿児島
2026-09-17,JAL101,HND,ITM,06:30,07:35,羽田,伊丹
2026-09-17,JAL901,HND,OKA,06:30,09:00,羽田,那覇
2026-09-17,JAL501,HND,CTS,06:35,08:05,羽田,新千歳
2026-09-17,JAL141,HND,AOJ,06:45,07:55,羽田,青森
2026-09-17,JAL431,HND,MYJ,06:50,08:15,羽田,松山
2026-09-17,JAL161,HND,AXT,07:00,08:05,羽田,秋田
2026-09-17,JAL453,HND,TKS,07:00,08:10,羽田,徳島
2026-09-17,JAL565,HND,MMB,07:05,08:45,羽田,女満別
2026-09-17,JAL305,HND,FUK,07:05,08:50,羽田,福岡
2026-09-17,JAL971,HND,ISG,07:05,09:55,羽田,新石垣
2026-09-17,JAL183,HND,KMQ,07:10,08:10,羽田,小松
2026-09-17,JAL277,HND,IZO,07:10,08:30,羽田,出雲
2026-09-17,JAL503,HND,CTS,07:15,08:45,羽田,新千歳
2026-09-17,JAL175,HND,GAJ,07:20,08:15,羽田,山形
2026-09-17,JAL221,HND,KIX,07:20,08:35,羽田,関西国際
2026-09-17,JAL903,HND,OKA,07:20,09:50,羽田,那覇
2026-09-17,JAL253,HND,HIJ,07:25,08:40,羽田,広島
2026-09-17,JAL585,HND,HKD,07:30,08:50,羽田,函館
2026-09-17,JAL103,HND,ITM,07:30,08:35,羽田,伊丹
2026-09-17,JAL491,HND,KCZ,07:30,08:50,羽田,高知
2026-09-17,JAL605,HND,NGS,07:30,09:15,羽田,長崎
2026-09-17,JAL551,HND,AKJ,07:35,09:10,羽田,旭川
2026-09-17,JAL541,HND,KUH,07:45,09:20,羽田,釧路
2026-09-17,JAL573,HND,OBO,07:45,09:15,羽田,帯広
2026-09-17,JAL213,HND,SHM,07:45,08:55,羽田,南紀白浜
2026-09-17,JAL475,HND,TAK,07:50,09:05,羽田,高松
2026-09-17,JAL291,HND,UBJ,08:00,09:40,羽田,山口宇部
2026-09-17,JAL307,HND,FUK,08:00,09:45,羽田,福岡
2026-09-17,JAL661,HND,OIT,08:00,09:35,羽田,大分
2026-09-17,JAL625,HND,KMJ,08:00,09:45,羽田,熊本
2026-09-17,JAL153,HND,MSJ,08:05,09:20,羽田,三沢
2026-09-17,JAL687,HND,KMI,08:05,09:45,羽田,宮崎
2026-09-17,JAL643,HND,KOJ,08:05,09:50,羽田,鹿児島
2026-09-17,JAL905,HND,OKA,08:05,10:40,羽田,那覇
2026-09-17,JAL201,HND,NGO,08:15,09:10,羽田,中部国際
2026-09-17,JAL231,HND,OKJ,08:15,09:30,羽田,岡山
2026-09-17,JAL373,HND,KKJ,08:15,09:50,羽田,北九州
2026-09-17,JAL505,HND,CTS,08:20,09:55,羽田,新千歳
2026-09-17,JAL107,HND,ITM,08:30,09:35,羽田,伊丹
2026-09-17,JAL907,HND,OKA,08:40,11:15,羽田,那覇
2026-09-17,JAL507,HND,CTS,08:50,10:25,羽田,新千歳
2026-09-17,JAL255,HND,HIJ,08:50,10:10,羽田,広島
2026-09-17,JAL309,HND,FUK,09:05,10:55,羽田,福岡
2026-09-17,JAL433,HND,MYJ,09:15,10:40,羽田,松山
2026-09-17,JAL493,HND,KCZ,09:15,10:35,羽田,高知
2026-09-17,JAL311,HND,FUK,09:15,11:05,羽田,福岡
2026-09-17,JAL185,HND,KMQ,09:30,10:35,羽田,小松
2026-09-17,JAL111,HND,ITM,09:35,10:40,羽田,伊丹
2026-09-17,JAL663,HND,OIT,09:35,11:10,羽田,大分
2026-09-17,JAL909,HND,OKA,09:40,12:15,羽田,那覇
2026-09-17,JAL509,HND,CTS,09:45,11:20,羽田,新千歳
2026-09-17,JAL279,HND,IZO,09:50,11:15,羽田,出雲
2026-09-17,JAL477,HND,TAK,09:50,11:05,羽田,高松
2026-09-17,JAL689,HND,KMI,09:55,11:35,羽田,宮崎
2026-09-17,JAL143,HND,AOJ,10:00,11:20,羽田,青森
2026-09-17,JAL313,HND,FUK,10:00,11:45,羽田,福岡
2026-09-17,JAL627,HND,KMJ,10:00,11:45,羽田,熊本
2026-09-17,JAL607,HND,NGS,10:05,11:55,羽田,長崎
2026-09-17,JAL645,HND,KOJ,10:05,11:50,羽田,鹿児島
2026-09-17,JAL257,HND,HIJ,10:10,11:30,羽田,広島
2026-09-17,JAL511,HND,CTS,10:15,11:50,羽田,新千歳
2026-09-17,JAL233,HND,OKJ,10:20,11:40,羽田,岡山
2026-09-17,JAL455,HND,TKS,10:25,11:40,羽田,徳島
2026-09-17,JAL163,HND,AXT,10:30,11:35,羽田,秋田
2026-09-17,JAL113,HND,ITM,10:30,11:35,羽田,伊丹
2026-09-17,JAL913,HND,OKA,10:35,13:10,羽田,那覇
2026-09-17,JAL933,HND,MMY,10:40,13:25,羽田,宮古
2026-09-17,JAL155,HND,MSJ,10:45,12:05,羽田,三沢
2026-09-17,JAL575,HND,OBO,11:00,12:35,羽田,帯広
2026-09-17,JAL315,HND,FUK,11:00,12:50,羽田,福岡
2026-09-17,JAL479,HND,TAK,11:05,12:25,羽田,高松
2026-09-17,JAL553,HND,AKJ,11:10,12:50,羽田,旭川
2026-09-17,JAL513,HND,CTS,11:25,13:05,羽田,新千歳
2026-09-17,JAL629,HND,KMJ,11:25,13:10,羽田,熊本
2026-09-17,JAL659,HND,ASJ,11:25,13:35,羽田,奄美
2026-09-17,JAL115,HND,ITM,11:30,12:35,羽田,伊丹
2026-09-17,JAL215,HND,SHM,11:30,12:40,羽田,南紀白浜
2026-09-17,JAL987,HND,OKA,11:30,14:05,羽田,那覇
2026-09-17,JAL259,HND,HIJ,11:40,13:05,羽田,広島
2026-09-17,JAL691,HND,KMI,11:40,13:25,羽田,宮崎
2026-09-17,JAL317,HND,FUK,11:55,13:45,羽田,福岡
2026-09-17,JAL915,HND,OKA,11:55,14:30,羽田,那覇
2026-09-17,JAL647,HND,KOJ,12:00,13:45,羽田,鹿児島
2026-09-17,JAL665,HND,OIT,12:05,13:40,羽田,大分
2026-09-17,JAL435,HND,MYJ,12:10,13:35,羽田,松山
2026-09-17,JAL543,HND,KUH,12:15,13:50,羽田,釧路
2026-09-17,JAL567,HND,MMB,12:25,14:10,羽田,女満別
2026-09-17,JAL117,HND,ITM,12:30,13:35,羽田,伊丹
2026-09-17,JAL609,HND,NGS,12:30,14:20,羽田,長崎
2026-09-17,JAL225,HND,KIX,12:35,14:00,羽田,関西国際
2026-09-17,JAL515,HND,CTS,12:40,14:15,羽田,新千歳
2026-09-17,JAL459,HND,TKS,12:40,14:00,羽田,徳島
2026-09-17,JAL293,HND,UBJ,12:45,14:20,羽田,山口宇部
2026-09-17,JAL587,HND,HKD,12:50,14:10,羽田,函館
2026-09-17,JAL631,HND,KMJ,12:50,14:35,羽田,熊本
2026-09-17,JAL319,HND,FUK,12:55,14:40,羽田,福岡
2026-09-17,JAL481,HND,TAK,13:00,14:15,羽田,高松
2026-09-17,JAL187,HND,KMQ,13:05,14:10,羽田,小松
2026-09-17,JAL145,HND,AOJ,13:15,14:30,羽田,青森
2026-09-17,JAL517,HND,CTS,13:30,15:05,羽田,新千歳
2026-09-17,JAL119,HND,ITM,13:30,14:35,羽田,伊丹
2026-09-17,JAL611,HND,NGS,13:30,15:20,羽田,長崎
2026-09-17,JAL375,HND,KKJ,13:40,15:15,羽田,北九州
2026-09-17,JAL321,HND,FUK,13:45,15:30,羽田,福岡
2026-09-17,JAL577,HND,OBO,13:50,15:25,羽田,帯広
2026-09-17,JAL917,HND,OKA,13:55,16:25,羽田,那覇
2026-09-17,JAL555,HND,AKJ,14:05,15:40,羽田,旭川
2026-09-17,JAL495,HND,KCZ,14:05,15:25,羽田,高知
2026-09-17,JAL263,HND,HIJ,14:15,15:40,羽田,広島
2026-09-17,JAL649,HND,KOJ,14:15,15:55,羽田,鹿児島
2026-09-17,JAL693,HND,KMI,14:20,16:00,羽田,宮崎
2026-09-17,JAL519,HND,CTS,14:25,16:00,羽田,新千歳
2026-09-17,JAL237,HND,OKJ,14:30,15:45,羽田,岡山
2026-09-17,JAL121,HND,ITM,14:35,15:40,羽田,伊丹
2026-09-17,JAL633,HND,KMJ,14:40,16:20,羽田,熊本
2026-09-17,JAL165,HND,AXT,14:50,15:55,羽田,秋田
2026-09-17,JAL973,HND,ISG,14:50,17:40,羽田,新石垣
2026-09-17,JAL157,HND,MSJ,14:55,16:10,羽田,三沢
2026-09-17,JAL125,HND,ITM,14:55,16:00,羽田,伊丹
2026-09-17,JAL283,HND,IZO,14:55,16:15,羽田,出雲
2026-09-17,JAL667,HND,OIT,15:05,16:40,羽田,大分
2026-09-17,JAL483,HND,TAK,15:10,16:30,羽田,高松
2026-09-17,JAL919,HND,OKA,15:10,17:40,羽田,那覇
2026-09-17,JAL521,HND,CTS,15:25,17:00,羽田,新千歳
2026-09-17,JAL323,HND,FUK,15:25,17:15,羽田,福岡
2026-09-17,JAL437,HND,MYJ,15:30,16:55,羽田,松山
2026-09-17,JAL461,HND,TKS,15:40,16:55,羽田,徳島
2026-09-17,JAL325,HND,FUK,15:55,17:50,羽田,福岡
2026-09-17,JAL921,HND,OKA,15:55,18:25,羽田,那覇
2026-09-17,JAL147,HND,AOJ,16:00,17:10,羽田,青森
2026-09-17,JAL695,HND,KMI,16:25,18:00,羽田,宮崎
2026-09-17,JAL127,HND,ITM,16:30,17:35,羽田,伊丹
2026-09-17,JAL219,HND,SHM,16:30,17:40,羽田,南紀白浜
2026-09-17,JAL651,HND,KOJ,16:30,18:10,羽田,鹿児島
2026-09-17,JAL523,HND,CTS,16:40,18:20,羽田,新千歳
2026-09-17,JAL669,HND,OIT,16:40,18:15,羽田,大分
2026-09-17,JAL295,HND,UBJ,16:45,18:20,羽田,山口宇部
2026-09-17,JAL189,HND,KMQ,16:50,17:55,羽田,小松
2026-09-17,JAL285,HND,IZO,16:55,18:25,羽田,出雲
2026-09-17,JAL439,HND,MYJ,16:55,18:20,羽田,松山
2026-09-17,JAL497,HND,KCZ,16:55,18:15,羽田,高知
2026-09-17,JAL923,HND,OKA,16:55,19:30,羽田,那覇
2026-09-17,JAL327,HND,FUK,17:00,19:00,羽田,福岡
2026-09-17,JAL159,HND,MSJ,17:05,18:30,羽田,三沢
2026-09-17,JAL589,HND,HKD,17:10,18:35,羽田,函館
2026-09-17,JAL569,HND,MMB,17:15,19:10,羽田,女満別
2026-09-17,JAL545,HND,KUH,17:15,19:05,羽田,釧路
2026-09-17,JAL557,HND,AKJ,17:30,19:15,羽田,旭川
2026-09-17,JAL179,HND,GAJ,17:30,18:35,羽田,山形
2026-09-17,JAL239,HND,OKJ,17:30,18:45,羽田,岡山
2026-09-17,JAL525,HND,CTS,17:35,19:15,羽田,新千歳
2026-09-17,JAL579,HND,OBO,17:35,19:20,羽田,帯広
2026-09-17,JAL131,HND,ITM,17:35,18:40,羽田,伊丹
2026-09-17,JAL637,HND,KMJ,17:35,19:20,羽田,熊本
2026-09-17,JAL613,HND,NGS,17:45,19:40,羽田,長崎
2026-09-17,JAL329,HND,FUK,17:55,19:50,羽田,福岡
2026-09-17,JAL653,HND,KOJ,17:55,19:40,羽田,鹿児島
2026-09-17,JAL133,HND,ITM,18:00,19:10,羽田,伊丹
2026-09-17,JAL287,HND,IZO,18:15,19:45,羽田,出雲
2026-09-17,JAL265,HND,HIJ,18:20,19:45,羽田,広島
2026-09-17,JAL463,HND,TKS,18:20,19:35,羽田,徳島
2026-09-17,JAL377,HND,KKJ,18:25,20:00,羽田,北九州
2026-09-17,JAL527,HND,CTS,18:40,20:15,羽田,新千歳
2026-09-17,JAL149,HND,AOJ,18:40,19:55,羽田,青森
2026-09-17,JAL137,HND,ITM,18:40,19:50,羽田,伊丹
2026-09-17,JAL485,HND,TAK,18:40,19:55,羽田,高松
2026-09-17,JAL191,HND,KMQ,18:45,19:50,羽田,小松
2026-09-17,JAL331,HND,FUK,18:45,20:35,羽田,福岡
2026-09-17,JAL499,HND,KCZ,18:55,20:15,羽田,高知
2026-09-17,JAL697,HND,KMI,18:55,20:35,羽田,宮崎
2026-09-17,JAL297,HND,UBJ,19:00,20:35,羽田,山口宇部
2026-09-17,JAL167,HND,AXT,19:10,20:15,羽田,秋田
2026-09-17,JAL139,HND,ITM,19:10,20:30,羽田,伊丹
2026-09-17,JAL639,HND,KMJ,19:10,20:55,羽田,熊本
2026-09-17,JAL333,HND,FUK,19:15,21:05,羽田,福岡
2026-09-17,JAL655,HND,KOJ,19:25,21:05,羽田,鹿児島
2026-09-17,JAL615,HND,NGS,19:30,21:20,羽田,長崎
2026-09-17,JAL335,HND,FUK,19:35,21:30,羽田,福岡
2026-09-17,JAL241,HND,OKJ,19:40,20:55,羽田,岡山
2026-09-17,JAL443,HND,MYJ,19:45,21:10,羽田,松山
2026-09-17,JAL465,HND,TKS,19:45,20:55,羽田,徳島
2026-09-17,JAL151,HND,AOJ,19:50,21:05,羽田,青森
2026-09-17,JAL529,HND,CTS,19:55,21:30,羽田,新千歳
2026-09-17,JAL209,HND,NGO,19:55,20:55,羽田,中部国際
2026-09-17,JAL267,HND,HIJ,19:55,21:20,羽田,広島
2026-09-17,JAL925,HND,OKA,20:05,22:30,羽田,那覇
2026-09-17,JAL487,HND,TAK,20:15,21:30,羽田,高松
2026-09-17,JAL671,HND,OIT,20:15,21:45,羽田,大分
2026-09-17,JAL599,HND,CTS,20:30,22:05,羽田,新千歳
2026-09-17,JAL193,HND,KMQ,20:40,21:40,羽田,小松
2026-09-17,JAL229,HND,KIX,20:40,21:55,羽田,関西国際
2026-09-17,JAL531,HND,CTS,20:45,22:20,羽田,新千歳
2026-09-17,JAL4042,IKI,NGS,09:55,10:25,壱岐,長崎
2026-09-17,JAL4044,IKI,NGS,17:50,18:20,壱岐,長崎
2026-09-17,JTA600,ISG,OKA,08:55,10:00,新石垣,那覇
2026-09-17,RAC741,ISG,OGN,09:55,10:25,新石垣,与那国
2026-09-17,JAL972,ISG,HND,11:10,14:05,新石垣,羽田
2026-09-17,JTA608,ISG,OKA,11:15,12:20,新石垣,那覇
2026-09-17,RAC743,ISG,OGN,12:35,13:05,新石垣,与那国
2026-09-17,JTA612,ISG,OKA,13:00,14:05,新石垣,那覇
2026-09-17,JTA614,ISG,OKA,14:00,15:00,新石垣,那覇
2026-09-17,RAC834,ISG,MMY,14:45,15:15,新石垣,宮古
2026-09-17,JTA622,ISG,OKA,16:25,17:25,新石垣,那覇
2026-09-17,RAC747,ISG,OGN,17:50,18:20,新石垣,与那国
2026-09-17,JTA626,ISG,OKA,18:40,19:45,新石垣,那覇
2026-09-17,RAC838,ISG,MMY,19:00,19:30,新石垣,宮古
2026-09-17,JAL974,ISG,HND,19:15,22:10,新石垣,羽田
2026-09-17,JTA086,ISG,KIX,19:50,22:15,新石垣,関西国際
2026-09-17,JAL102,ITM,HND,07:05,08:15,伊丹,羽田
2026-09-17,JAL2371,ITM,NGS,07:05,08:15,伊丹,長崎
2026-09-17,JAL2401,ITM,KOJ,07:05,08:15,伊丹,鹿児島
2026-09-17,JAL2241,ITM,KIJ,07:10,08:15,伊丹,新潟
2026-09-17,JAL2345,ITM,IZO,07:10,08:00,伊丹,出雲
2026-09-17,JAL2431,ITM,KMI,07:10,08:15,伊丹,宮崎
2026-09-17,JAL2051,ITM,FUK,07:15,08:25,伊丹,福岡
2026-09-17,JAL2361,ITM,OIT,07:15,08:15,伊丹,大分
2026-09-17,JAL2201,ITM,SDJ,07:20,08:35,伊丹,仙台
2026-09-17,JAL2181,ITM,HNA,07:25,08:50,伊丹,花巻
2026-09-17,JAL104,ITM,HND,07:25,08:40,伊丹,羽田
2026-09-17,JAL2383,ITM,KMJ,07:30,08:40,伊丹,熊本
2026-09-17,JAL2001,ITM,CTS,07:40,09:30,伊丹,新千歳
2026-09-17,JAL2151,ITM,AOJ,07:45,09:15,伊丹,青森
2026-09-17,JAL2171,ITM,AXT,07:55,09:10,伊丹,秋田
2026-09-17,JAL2233,ITM,GAJ,08:00,09:15,伊丹,山形
2026-09-17,JAL2081,ITM,OKA,08:20,10:25,伊丹,那覇
2026-09-17,JAL106,ITM,HND,08:25,09:35,伊丹,羽田
2026-09-17,JAL2323,ITM,TJH,09:00,09:40,伊丹,但馬
2026-09-17,JAL2161,ITM,MSJ,09:15,10:45,伊丹,三沢
2026-09-17,JAL110,ITM,HND,09:20,10:35,伊丹,羽田
2026-09-17,JAL2405,ITM,KOJ,09:20,10:30,伊丹,鹿児島
2026-09-17,JAL2203,ITM,SDJ,09:30,10:45,伊丹,仙台
2026-09-17,JAL2301,ITM,MYJ,09:30,10:15,伊丹,松山
2026-09-17,JAL2465,ITM,ASJ,09:35,11:10,伊丹,奄美
2026-09-17,JAL2053,ITM,FUK,09:50,11:00,伊丹,福岡
2026-09-17,JAL2365,ITM,OIT,10:10,11:05,伊丹,大分
2026-09-17,JAL2351,ITM,IZO,10:20,11:10,伊丹,出雲
2026-09-17,JAL2385,ITM,KMJ,10:20,11:25,伊丹,熊本
2026-09-17,JAL112,ITM,HND,10:25,11:35,伊丹,羽田
2026-09-17,JAL2243,ITM,KIJ,10:35,11:35,伊丹,新潟
2026-09-17,JAL2433,ITM,KMI,10:35,11:35,伊丹,宮崎
2026-09-17,JAL2123,ITM,HKD,11:00,12:35,伊丹,函館
2026-09-17,JAL2205,ITM,SDJ,11:00,12:15,伊丹,仙台
2026-09-17,JAL2407,ITM,KOJ,11:05,12:15,伊丹,鹿児島
2026-09-17,JAL2373,ITM,NGS,11:20,12:30,伊丹,長崎
2026-09-17,JAL114,ITM,HND,11:25,12:40,伊丹,羽田
2026-09-17,JAL2451,ITM,KUM,11:25,13:10,伊丹,屋久島
2026-09-17,JAL2005,ITM,CTS,11:45,13:35,伊丹,新千歳
2026-09-17,JAL2183,ITM,HNA,11:45,13:00,伊丹,花巻
2026-09-17,JAL2153,ITM,AOJ,12:00,13:25,伊丹,青森
2026-09-17,JAL2173,ITM,AXT,12:20,13:35,伊丹,秋田
2026-09-17,JAL116,ITM,HND,12:25,13:40,伊丹,羽田
2026-09-17,JAL2007,ITM,CTS,12:45,14:30,伊丹,新千歳
2026-09-17,JAL3881,ITM,KMJ,12:50,14:20,伊丹,熊本
2026-09-17,JAL2375,ITM,NGS,13:00,14:15,伊丹,長崎
2026-09-17,JAL2235,ITM,GAJ,13:10,14:20,伊丹,山形
2026-09-17,JAL2057,ITM,FUK,13:10,14:20,伊丹,福岡
2026-09-17,JAL118,ITM,HND,13:25,14:40,伊丹,羽田
2026-09-17,JAL2185,ITM,HNA,13:35,14:55,伊丹,花巻
2026-09-17,JAL2331,ITM,OKI,13:45,14:35,伊丹,隠岐
2026-09-17,JAL2207,ITM,SDJ,13:50,15:00,伊丹,仙台
2026-09-17,JAL2387,ITM,KMJ,13:50,14:55,伊丹,熊本
2026-09-17,JAL120,ITM,HND,14:20,15:35,伊丹,羽田
2026-09-17,JAL2247,ITM,KIJ,14:30,15:30,伊丹,新潟
2026-09-17,JAL3006,ITM,NRT,14:35,16:00,伊丹,成田
2026-09-17,JAL2355,ITM,IZO,14:35,15:25,伊丹,出雲
2026-09-17,JAL2087,ITM,OKA,14:50,16:50,伊丹,那覇
2026-09-17,JAL2009,ITM,CTS,15:15,17:00,伊丹,新千歳
2026-09-17,JAL2409,ITM,KOJ,15:15,16:20,伊丹,鹿児島
2026-09-17,JAL2209,ITM,SDJ,15:30,16:45,伊丹,仙台
2026-09-17,JAL124,ITM,HND,15:35,17:00,伊丹,羽田
2026-09-17,JAL2163,ITM,MSJ,15:40,17:10,伊丹,三沢
2026-09-17,JAL2411,ITM,KOJ,16:15,17:25,伊丹,鹿児島
2026-09-17,JAL2237,ITM,GAJ,16:25,17:35,伊丹,山形
2026-09-17,JAL2179,ITM,AXT,16:30,17:45,伊丹,秋田
2026-09-17,JAL126,ITM,HND,16:30,17:50,伊丹,羽田
2026-09-17,JAL2309,ITM,MYJ,16:30,17:15,伊丹,松山
2026-09-17,JAL2439,ITM,KMI,16:30,17:35,伊丹,宮崎
2026-09-17,JAL2187,ITM,HNA,16:45,18:10,伊丹,花巻
2026-09-17,JAL2157,ITM,AOJ,16:50,18:15,伊丹,青森
2026-09-17,JAL128,ITM,HND,16:50,18:10,伊丹,羽田
2026-09-17,JAL2325,ITM,TJH,16:55,17:30,伊丹,但馬
2026-09-17,JAL2213,ITM,SDJ,17:10,18:25,伊丹,仙台
2026-09-17,JAL2377,ITM,NGS,17:20,18:35,伊丹,長崎
2026-09-17,JAL2389,ITM,KMJ,17:25,18:30,伊丹,熊本
2026-09-17,JAL2415,ITM,KOJ,17:25,18:35,伊丹,鹿児島
2026-09-17,JAL2443,ITM,KMI,17:30,18:35,伊丹,宮崎
2026-09-17,JAL2251,ITM,KIJ,17:35,18:40,伊丹,新潟
2026-09-17,JAL2367,ITM,OIT,17:40,18:35,伊丹,大分
2026-09-17,JAL2357,ITM,IZO,18:05,18:55,伊丹,出雲
2026-09-17,JAL130,ITM,HND,18:25,19:40,伊丹,羽田
2026-09-17,JAL2019,ITM,CTS,18:40,20:25,伊丹,新千歳
2026-09-17,JAL134,ITM,HND,19:35,20:50,伊丹,羽田
2026-09-17,JAL2217,ITM,SDJ,19:50,21:05,伊丹,仙台
2026-09-17,JAL2061,ITM,FUK,19:55,21:10,伊丹,福岡
2026-09-17,JAL2445,ITM,KMI,19:55,21:00,伊丹,宮崎
2026-09-17,JAL138,ITM,HND,20:05,21:20,伊丹,羽田
2026-09-17,JAL2419,ITM,KOJ,20:05,21:15,伊丹,鹿児島
2026-09-17,JAL276,IZO,HND,07:35,09:00,出雲,羽田
2026-09-17,JAL2344,IZO,ITM,08:30,09:15,出雲,伊丹
2026-09-17,JAL4462,IZO,NKM,08:45,09:45,出雲,名古屋
2026-09-17,JAL3433,IZO,OKI,09:00,09:30,出雲,隠岐
2026-09-17,JAL278,IZO,HND,09:15,10:35,出雲,羽田
2026-09-17,JAL3550,IZO,FUK,11:00,12:10,出雲,福岡
2026-09-17,JAL2346,IZO,ITM,11:40,12:25,出雲,伊丹
2026-09-17,JAL280,IZO,HND,11:55,13:20,出雲,羽田
2026-09-17,JAL2356,IZO,ITM,16:00,16:45,出雲,伊丹
2026-09-17,JAL284,IZO,HND,17:15,18:50,出雲,羽田
2026-09-17,JAL4468,IZO,NKM,18:35,19:35,出雲,名古屋
2026-09-17,JAL286,IZO,HND,19:10,20:35,出雲,羽田
2026-09-17,JAL3554,IZO,FUK,19:15,20:25,出雲,福岡
2026-09-17,JAL2358,IZO,ITM,19:30,20:20,出雲,伊丹
2026-09-17,JAL490,KCZ,HND,07:10,08:30,高知,羽田
2026-09-17,JAL4512,KCZ,NGO,09:15,10:15,高知,中部国際
2026-09-17,JAL492,KCZ,HND,09:35,11:00,高知,羽田
2026-09-17,JAL3582,KCZ,FUK,10:25,11:25,高知,福岡
2026-09-17,JAL494,KCZ,HND,11:15,12:40,高知,羽田
2026-09-17,JAL496,KCZ,HND,16:15,17:45,高知,羽田
2026-09-17,JAL3588,KCZ,FUK,17:30,18:25,高知,福岡
2026-09-17,JAL498,KCZ,HND,19:00,20:25,高知,羽田
2026-09-17,JAL4378,KCZ,NKM,19:50,20:50,高知,名古屋
2026-09-17,JAL2240,KIJ,ITM,08:45,09:50,新潟,伊丹
2026-09-17,JAL4484,KIJ,CTS,11:45,13:00,新潟,新千歳
2026-09-17,JAL2244,KIJ,ITM,12:10,13:15,新潟,伊丹
2026-09-17,JAL4476,KIJ,FUK,12:30,14:20,新潟,福岡
2026-09-17,JAL2246,KIJ,ITM,16:00,17:05,新潟,伊丹
2026-09-17,JAL4486,KIJ,CTS,16:15,17:30,新潟,新千歳
2026-09-17,JAL4436,KIJ,NKM,18:45,19:45,新潟,名古屋
2026-09-17,JAL2250,KIJ,ITM,19:10,20:30,新潟,伊丹
2026-09-17,JAL220,KIX,HND,06:40,07:50,関西国際,羽田
2026-09-17,JTA121,KIX,MMY,07:40,09:55,関西国際,宮古
2026-09-17,JTA001,KIX,OKA,08:20,10:25,関西国際,那覇
2026-09-17,JAL2501,KIX,CTS,09:15,11:10,関西国際,新千歳
2026-09-17,JTA083,KIX,ISG,09:50,12:20,関西国際,新石垣
2026-09-17,JTA005,KIX,OKA,14:05,16:10,関西国際,那覇
2026-09-17,JAL224,KIX,HND,14:45,16:05,関西国際,羽田
2026-09-17,JAL2505,KIX,CTS,15:10,17:05,関西国際,新千歳
2026-09-17,JTA009,KIX,OKA,20:25,22:30,関西国際,那覇
2026-09-17,JAL228,KIX,HND,21:10,22:30,関西国際,羽田
2026-09-17,JAL374,KKJ,HND,10:35,12:10,北九州,羽田
2026-09-17,JAL376,KKJ,HND,15:55,17:40,北九州,羽田
2026-09-17,JAL378,KKJ,HND,20:45,22:20,北九州,羽田
2026-09-17,JAL3780,KKX,KOJ,09:20,10:25,喜界,鹿児島
2026-09-17,JAL3830,KKX,ASJ,10:15,10:35,喜界,奄美
2026-09-17,JAL3786,KKX,KOJ,15:15,16:20,喜界,鹿児島
2026-09-17,JAL3836,KKX,ASJ,16:30,16:50,喜界,奄美
2026-09-17,JAL688,KMI,HND,07:35,09:20,宮崎,羽田
2026-09-17,JAL2430,KMI,ITM,07:35,08:40,宮崎,伊丹
2026-09-17,JAL3624,KMI,FUK,08:30,09:20,宮崎,福岡
2026-09-17,JAL2432,KMI,ITM,08:45,09:50,宮崎,伊丹
2026-09-17,JAL690,KMI,HND,10:30,12:10,宮崎,羽田
2026-09-17,JAL3626,KMI,FUK,11:05,11:55,宮崎,福岡
2026-09-17,JAL692,KMI,HND,12:10,13:55,宮崎,羽田
2026-09-17,JAL2434,KMI,ITM,12:10,13:15,宮崎,伊丹
2026-09-17,JAL3628,KMI,FUK,13:00,13:55,宮崎,福岡
2026-09-17,JAL694,KMI,HND,14:00,15:45,宮崎,羽田
2026-09-17,JAL3630,KMI,FUK,14:00,14:55,宮崎,福岡
2026-09-17,JAL3634,KMI,FUK,15:50,16:40,宮崎,福岡
2026-09-17,JAL696,KMI,HND,16:50,18:35,宮崎,羽田
2026-09-17,JAL3636,KMI,FUK,16:50,17:45,宮崎,福岡
2026-09-17,JAL2440,KMI,ITM,18:05,19:20,宮崎,伊丹
2026-09-17,JAL698,KMI,HND,18:45,20:30,宮崎,羽田
2026-09-17,JAL2444,KMI,ITM,19:05,20:20,宮崎,伊丹
2026-09-17,JAL3642,KMI,FUK,20:35,21:30,宮崎,福岡
2026-09-17,JAL622,KMJ,HND,07:35,09:20,熊本,羽田
2026-09-17,JAL624,KMJ,HND,08:40,10:20,熊本,羽田
2026-09-17,JAL2382,KMJ,ITM,09:15,10:20,熊本,伊丹
2026-09-17,JAL4400,KMJ,NKM,09:45,11:05,熊本,名古屋
2026-09-17,JAL626,KMJ,HND,10:20,12:05,熊本,羽田
2026-09-17,JAL3880,KMJ,ITM,10:45,12:10,熊本,伊丹
2026-09-17,JAL2386,KMJ,ITM,12:00,13:05,熊本,伊丹
2026-09-17,JAL628,KMJ,HND,12:25,14:10,熊本,羽田
2026-09-17,JAL4534,KMJ,NGO,12:40,14:00,熊本,中部国際
2026-09-17,JAL630,KMJ,HND,13:50,15:35,熊本,羽田
2026-09-17,JAL3873,KMJ,AXJ,14:50,15:15,熊本,天草
2026-09-17,JAL632,KMJ,HND,15:20,17:10,熊本,羽田
2026-09-17,JAL2388,KMJ,ITM,15:30,16:35,熊本,伊丹
2026-09-17,JAL4536,KMJ,NGO,16:30,17:50,熊本,中部国際
2026-09-17,JAL634,KMJ,HND,17:20,19:05,熊本,羽田
2026-09-17,JAL2392,KMJ,ITM,19:00,20:20,熊本,伊丹
2026-09-17,JAL4408,KMJ,NKM,20:00,21:20,熊本,名古屋
2026-09-17,JAL638,KMJ,HND,20:05,21:45,熊本,羽田
2026-09-17,JAL182,KMQ,HND,07:35,08:50,小松,羽田
2026-09-17,JAL184,KMQ,HND,08:50,10:00,小松,羽田
2026-09-17,JAL186,KMQ,HND,11:15,12:25,小松,羽田
2026-09-17,JTA037,KMQ,OKA,14:05,16:25,小松,那覇
2026-09-17,JAL188,KMQ,HND,14:50,16:10,小松,羽田
2026-09-17,JAL190,KMQ,HND,18:40,19:55,小松,羽田
2026-09-17,JAL192,KMQ,HND,20:30,21:40,小松,羽田
2026-09-17,JAL3801,KOJ,OKE,07:20,08:45,鹿児島,沖永良部
2026-09-17,JAL640,KOJ,HND,07:30,09:15,鹿児島,羽田
2026-09-17,JAL2400,KOJ,ITM,07:35,08:45,鹿児島,伊丹
2026-09-17,JAL3783,KOJ,KKX,07:35,08:50,鹿児島,喜界
2026-09-17,JAL3721,KOJ,ASJ,07:40,08:55,鹿児島,奄美
2026-09-17,JAL3791,KOJ,TKN,07:50,09:10,鹿児島,徳之島
2026-09-17,JAL3761,KOJ,TNE,08:10,08:50,鹿児島,種子島
2026-09-17,JAL3741,KOJ,KUM,08:40,09:20,鹿児島,屋久島
2026-09-17,JAL642,KOJ,HND,08:50,10:35,鹿児島,羽田
2026-09-17,JAL2402,KOJ,ITM,08:50,10:00,鹿児島,伊丹
2026-09-17,JAL3793,KOJ,TKN,08:55,09:55,鹿児島,徳之島
2026-09-17,JAL3727,KOJ,ASJ,10:15,11:10,鹿児島,奄美
2026-09-17,JAL3743,KOJ,KUM,10:30,11:10,鹿児島,屋久島
2026-09-17,JAL644,KOJ,HND,10:55,12:40,鹿児島,羽田
2026-09-17,JAL2406,KOJ,ITM,11:00,12:10,鹿児島,伊丹
2026-09-17,JAL3763,KOJ,TNE,11:00,11:40,鹿児島,種子島
2026-09-17,JAL3825,KOJ,RNJ,11:10,12:45,鹿児島,与論
2026-09-17,JAL3729,KOJ,ASJ,11:55,12:50,鹿児島,奄美
2026-09-17,JAL3654,KOJ,FUK,12:05,13:05,鹿児島,福岡
2026-09-17,JAL646,KOJ,HND,12:50,14:35,鹿児島,羽田
2026-09-17,JAL2408,KOJ,ITM,12:50,14:00,鹿児島,伊丹
2026-09-17,JAL3795,KOJ,TKN,13:00,14:25,鹿児島,徳之島
2026-09-17,JAL3731,KOJ,ASJ,13:10,14:05,鹿児島,奄美
2026-09-17,JAL3745,KOJ,KUM,13:25,14:05,鹿児島,屋久島
2026-09-17,JAL3785,KOJ,KKX,13:30,14:45,鹿児島,喜界
2026-09-17,JAL648,KOJ,HND,14:35,16:30,鹿児島,羽田
2026-09-17,JAL2410,KOJ,ITM,14:45,15:55,鹿児島,伊丹
2026-09-17,JAL3809,KOJ,OKE,14:55,16:20,鹿児島,沖永良部
2026-09-17,JAL4306,KOJ,FSZ,15:00,16:30,鹿児島,静岡
2026-09-17,JAL3753,KOJ,KUM,15:25,16:05,鹿児島,屋久島
2026-09-17,JAL3797,KOJ,TKN,16:05,17:05,鹿児島,徳之島
2026-09-17,JAL650,KOJ,HND,16:45,18:35,鹿児島,羽田
2026-09-17,JAL3777,KOJ,TNE,16:50,17:30,鹿児島,種子島
2026-09-17,JAL3735,KOJ,ASJ,16:55,17:50,鹿児島,奄美
2026-09-17,JAL3737,KOJ,ASJ,17:15,18:30,鹿児島,奄美
2026-09-17,JAL3759,KOJ,KUM,17:50,18:30,鹿児島,屋久島
2026-09-17,JAL2412,KOJ,ITM,18:05,19:15,鹿児島,伊丹
2026-09-17,JAL3687,KOJ,MYJ,18:50,19:50,鹿児島,松山
2026-09-17,JAL652,KOJ,HND,19:05,20:50,鹿児島,羽田
2026-09-17,JAL2414,KOJ,ITM,19:10,20:30,鹿児島,伊丹
2026-09-17,JAL654,KOJ,HND,20:35,22:25,鹿児島,羽田
2026-09-17,RAC842,KTD,OKA,12:50,13:55,北大東,那覇
2026-09-17,JAL2762,KUH,OKD,09:15,10:05,釧路,丘珠
2026-09-17,JAL540,KUH,HND,10:00,11:45,釧路,羽田
2026-09-17,JAL2764,KUH,OKD,12:55,13:45,釧路,丘珠
2026-09-17,JAL542,KUH,HND,14:50,16:35,釧路,羽田
2026-09-17,JAL2766,KUH,OKD,15:25,16:15,釧路,丘珠
2026-09-17,JAL2768,KUH,OKD,18:00,18:50,釧路,丘珠
2026-09-17,JAL544,KUH,HND,19:50,21:35,釧路,羽田
2026-09-17,JAL3740,KUM,KOJ,09:55,10:30,屋久島,鹿児島
2026-09-17,JAL3744,KUM,KOJ,11:45,12:20,屋久島,鹿児島
2026-09-17,JAL3746,KUM,KOJ,13:40,14:15,屋久島,鹿児島
2026-09-17,JAL2450,KUM,ITM,14:35,16:15,屋久島,伊丹
2026-09-17,JAL3676,KUM,FUK,15:30,16:45,屋久島,福岡
2026-09-17,JAL3750,KUM,KOJ,16:35,17:10,屋久島,鹿児島
2026-09-17,JAL3756,KUM,KOJ,19:00,19:35,屋久島,鹿児島
2026-09-17,JAL2710,MMB,CTS,08:55,09:40,女満別,新千歳
2026-09-17,JAL562,MMB,HND,09:25,11:20,女満別,羽田
2026-09-17,JAL2722,MMB,OKD,10:20,11:10,女満別,丘珠
2026-09-17,JAL2714,MMB,CTS,13:55,14:45,女満別,新千歳
2026-09-17,JAL564,MMB,HND,15:00,16:55,女満別,羽田
2026-09-17,JAL2718,MMB,CTS,17:25,18:10,女満別,新千歳
2026-09-17,JAL2728,MMB,OKD,19:10,20:00,女満別,丘珠
2026-09-17,JAL566,MMB,HND,19:50,21:45,女満別,羽田
2026-09-17,RAC862,MMD,OKA,09:30,10:35,南大東,那覇
2026-09-17,RAC864,MMD,OKA,15:55,16:55,南大東,那覇
2026-09-17,JAL4362,MMJ,UKB,10:00,11:00,松本,神戸
2026-09-17,JAL4352,MMJ,CTS,11:35,13:15,松本,新千歳
2026-09-17,JAL4344,MMJ,FUK,13:10,14:50,松本,福岡
2026-09-17,JAL4372,MMJ,OKD,16:10,17:40,松本,丘珠
2026-09-17,JAL4348,MMJ,FUK,17:45,19:25,松本,福岡
2026-09-17,JTA552,MMY,OKA,08:50,09:45,宮古,那覇
2026-09-17,RAC891,MMY,TRA,09:20,09:45,宮古,多良間
2026-09-17,JTA556,MMY,OKA,10:40,11:35,宮古,那覇
2026-09-17,RAC831,MMY,ISG,11:30,12:00,宮古,新石垣
2026-09-17,JTA558,MMY,OKA,12:10,13:05,宮古,那覇
2026-09-17,JTA560,MMY,OKA,13:25,14:20,宮古,那覇
2026-09-17,JAL934,MMY,HND,14:25,17:15,宮古,羽田
2026-09-17,RAC897,MMY,TRA,15:50,16:15,宮古,多良間
2026-09-17,JTA562,MMY,OKA,16:05,17:00,宮古,那覇
2026-09-17,JTA564,MMY,OKA,16:55,17:50,宮古,那覇
2026-09-17,RAC839,MMY,ISG,17:45,18:15,宮古,新石垣
2026-09-17,JTA572,MMY,OKA,17:55,18:50,宮古,那覇
2026-09-17,JTA128,MMY,KIX,19:25,21:40,宮古,関西国際
2026-09-17,RAC804,MMY,OKA,20:00,20:55,宮古,那覇
2026-09-17,JAL152,MSJ,HND,10:00,11:25,三沢,羽田
2026-09-17,JAL2162,MSJ,ITM,11:20,13:00,三沢,伊丹
2026-09-17,JAL154,MSJ,HND,12:50,14:15,三沢,羽田
2026-09-17,JAL156,MSJ,HND,16:50,18:15,三沢,羽田
2026-09-17,JAL2166,MSJ,ITM,17:45,19:25,三沢,伊丹
2026-09-17,JAL158,MSJ,HND,19:10,20:35,三沢,羽田
2026-09-17,JAL430,MYJ,HND,07:10,08:40,松山,羽田
2026-09-17,JAL3592,MYJ,FUK,08:25,09:15,松山,福岡
2026-09-17,JAL432,MYJ,HND,09:10,10:40,松山,羽田
2026-09-17,JAL2300,MYJ,ITM,10:45,11:35,松山,伊丹
2026-09-17,JAL434,MYJ,HND,11:25,12:55,松山,羽田
2026-09-17,JAL3596,MYJ,FUK,13:30,14:15,松山,福岡
2026-09-17,JAL436,MYJ,HND,14:20,15:55,松山,羽田
2026-09-17,JAL3602,MYJ,FUK,14:45,15:35,松山,福岡
2026-09-17,JAL438,MYJ,HND,17:35,19:10,松山,羽田
2026-09-17,JAL3608,MYJ,FUK,17:45,18:40,松山,福岡
2026-09-17,JAL440,MYJ,HND,19:00,20:35,松山,羽田
2026-09-17,JAL2310,MYJ,ITM,19:00,20:00,松山,伊丹
2026-09-17,JAL3686,MYJ,KOJ,20:20,21:20,松山,鹿児島
2026-09-17,JAL202,NGO,HND,07:40,08:40,中部国際,羽田
2026-09-17,JAL3101,NGO,CTS,08:05,09:50,中部国際,新千歳
2026-09-17,JAL3082,NGO,NRT,08:20,09:30,中部国際,成田
2026-09-17,JTA045,NGO,OKA,08:30,10:45,中部国際,那覇
2026-09-17,JAL4535,NGO,KMJ,10:45,12:10,中部国際,熊本
2026-09-17,JAL3107,NGO,CTS,12:40,14:20,中部国際,新千歳
2026-09-17,JAL3084,NGO,NRT,14:35,15:50,中部国際,成田
2026-09-17,JAL4537,NGO,KMJ,14:35,16:00,中部国際,熊本
2026-09-17,JTA047,NGO,OKA,14:55,17:10,中部国際,那覇
2026-09-17,JAL3117,NGO,CTS,17:30,19:10,中部国際,新千歳
2026-09-17,JAL4517,NGO,KCZ,18:20,19:20,中部国際,高知
2026-09-17,JTA049,NGO,OKA,18:50,21:00,中部国際,那覇
2026-09-17,JAL208,NGO,HND,20:55,22:00,中部国際,羽田
2026-09-17,JAL606,NGS,HND,07:25,09:10,長崎,羽田
2026-09-17,JAL4051,NGS,TSJ,07:30,08:05,長崎,対馬
2026-09-17,JAL2372,NGS,ITM,08:50,10:00,長崎,伊丹
2026-09-17,JAL4041,NGS,IKI,08:55,09:25,長崎,壱岐
2026-09-17,JAL4073,NGS,FUJ,09:50,10:20,長崎,五島福江
2026-09-17,JAL608,NGS,HND,10:00,11:45,長崎,羽田
2026-09-17,JAL4053,NGS,TSJ,11:00,11:35,長崎,対馬
2026-09-17,JAL610,NGS,HND,12:35,14:25,長崎,羽田
2026-09-17,JAL2374,NGS,ITM,13:00,14:10,長崎,伊丹
2026-09-17,JAL4075,NGS,FUJ,13:20,13:50,長崎,五島福江
2026-09-17,JAL2376,NGS,ITM,14:45,15:55,長崎,伊丹
2026-09-17,JAL612,NGS,HND,15:05,17:00,長崎,羽田
2026-09-17,JAL614,NGS,HND,16:05,18:00,長崎,羽田
2026-09-17,JAL4043,NGS,IKI,16:50,17:20,長崎,壱岐
2026-09-17,JAL4061,NGS,TSJ,19:00,19:35,長崎,対馬
2026-09-17,JAL2378,NGS,ITM,19:10,20:25,長崎,伊丹
2026-09-17,JAL616,NGS,HND,20:25,22:10,長崎,羽田
2026-09-17,JAL4381,NKM,FUK,07:00,08:25,名古屋,福岡
2026-09-17,JAL4461,NKM,IZO,07:15,08:15,名古屋,出雲
2026-09-17,JAL4451,NKM,OKD,07:20,09:00,名古屋,丘珠
2026-09-17,JAL4411,NKM,HNA,07:30,08:40,名古屋,花巻
2026-09-17,JAL4377,NKM,KCZ,07:45,08:45,名古屋,高知
2026-09-17,JAL4401,NKM,KMJ,07:50,09:15,名古屋,熊本
2026-09-17,JAL4383,NKM,FUK,08:00,09:25,名古屋,福岡
2026-09-17,JAL4421,NKM,AOJ,08:25,09:45,名古屋,青森
2026-09-17,JAL4441,NKM,GAJ,09:05,10:10,名古屋,山形
2026-09-17,JAL4433,NKM,KIJ,10:20,11:15,名古屋,新潟
2026-09-17,JAL4385,NKM,FUK,10:55,12:20,名古屋,福岡
2026-09-17,JAL4423,NKM,AOJ,11:35,12:55,名古屋,青森
2026-09-17,JAL4413,NKM,HNA,12:15,13:25,名古屋,花巻
2026-09-17,JAL4443,NKM,GAJ,12:20,13:25,名古屋,山形
2026-09-17,JAL4455,NKM,OKD,13:30,15:10,名古屋,丘珠
2026-09-17,JAL4417,NKM,HNA,16:00,17:10,名古屋,花巻
2026-09-17,JAL4457,NKM,OKD,16:50,18:30,名古屋,丘珠
2026-09-17,JAL4467,NKM,IZO,17:05,18:05,名古屋,出雲
2026-09-17,JAL4427,NKM,AOJ,18:00,19:20,名古屋,青森
2026-09-17,JAL4409,NKM,KMJ,18:05,19:30,名古屋,熊本
2026-09-17,JAL3083,NRT,NGO,10:30,11:40,成田,中部国際
2026-09-17,JAL3009,NRT,ITM,18:25,19:50,成田,伊丹
2026-09-17,JAL3087,NRT,NGO,18:55,20:10,成田,中部国際
2026-09-17,JAL570,OBO,HND,09:55,11:40,帯広,羽田
2026-09-17,JAL572,OBO,HND,13:10,14:55,帯広,羽田
2026-09-17,JAL574,OBO,HND,16:15,18:00,帯広,羽田
2026-09-17,JAL576,OBO,HND,20:00,21:40,帯広,羽田
2026-09-17,RAC742,OGN,ISG,08:55,09:25,与那国,新石垣
2026-09-17,RAC724,OGN,OKA,11:15,12:35,与那国,那覇
2026-09-17,RAC744,OGN,ISG,13:35,14:05,与那国,新石垣
2026-09-17,RAC746,OGN,ISG,16:50,17:20,与那国,新石垣
2026-09-17,RAC728,OGN,OKA,18:50,20:10,与那国,那覇
2026-09-17,JAL2792,OIR,HKD,12:45,13:15,奥尻,函館
2026-09-17,JAL662,OIT,HND,07:35,09:10,大分,羽田
2026-09-17,JAL2362,OIT,ITM,08:45,09:40,大分,伊丹
2026-09-17,JAL664,OIT,HND,10:25,11:55,大分,羽田
2026-09-17,JAL2364,OIT,ITM,11:35,12:35,大分,伊丹
2026-09-17,JAL668,OIT,HND,11:50,13:30,大分,羽田
2026-09-17,JAL670,OIT,HND,14:25,16:05,大分,羽田
2026-09-17,JAL672,OIT,HND,17:20,19:00,大分,羽田
2026-09-17,JAL674,OIT,HND,19:05,20:40,大分,羽田
2026-09-17,JAL2366,OIT,ITM,19:10,20:15,大分,伊丹
2026-09-17,JTA002,OKA,KIX,07:10,09:05,那覇,関西国際
2026-09-17,JTA050,OKA,FUK,07:10,08:50,那覇,福岡
2026-09-17,JTA551,OKA,MMY,07:15,08:10,那覇,宮古
2026-09-17,JTA601,OKA,ISG,07:15,08:15,那覇,新石垣
2026-09-17,RAC721,OKA,OGN,07:15,08:25,那覇,与那国
2026-09-17,JAL900,OKA,HND,07:25,09:50,那覇,羽田
2026-09-17,RAC871,OKA,UEO,07:45,08:15,那覇,久米島
2026-09-17,RAC861,OKA,MMD,08:00,09:00,那覇,南大東
2026-09-17,RAC801,OKA,MMY,08:00,08:50,那覇,宮古
2026-09-17,JTA605,OKA,ISG,09:35,10:30,那覇,新石垣
2026-09-17,JAL902,OKA,HND,09:55,12:25,那覇,羽田
2026-09-17,RAC873,OKA,UEO,09:55,10:25,那覇,久米島
2026-09-17,JTA052,OKA,FUK,10:25,12:10,那覇,福岡
2026-09-17,JTA557,OKA,MMY,10:40,11:30,那覇,宮古
2026-09-17,JAL904,OKA,HND,10:50,13:25,那覇,羽田
2026-09-17,JTA036,OKA,KMQ,11:10,13:25,那覇,小松
2026-09-17,JTA004,OKA,KIX,11:10,13:10,那覇,関西国際
2026-09-17,RAC841,OKA,KTD,11:20,12:20,那覇,北大東
2026-09-17,JAL906,OKA,HND,11:40,14:15,那覇,羽田
2026-09-17,JTA042,OKA,NGO,11:55,14:05,那覇,中部国際
2026-09-17,JAL2084,OKA,ITM,11:55,13:55,那覇,伊丹
2026-09-17,JTA559,OKA,MMY,11:55,12:45,那覇,宮古
2026-09-17,JAL908,OKA,HND,12:15,14:50,那覇,羽田
2026-09-17,JTA609,OKA,ISG,12:15,13:15,那覇,新石垣
2026-09-17,RAC877,OKA,UEO,12:20,12:50,那覇,久米島
2026-09-17,JAL910,OKA,HND,13:15,15:50,那覇,羽田
2026-09-17,RAC815,OKA,RNJ,13:15,13:55,那覇,与論
2026-09-17,JTA054,OKA,FUK,13:20,15:05,那覇,福岡
2026-09-17,JTA211,OKA,UEO,13:45,14:20,那覇,久米島
2026-09-17,JAL3867,OKA,ASJ,13:55,14:55,那覇,奄美
2026-09-17,JAL912,OKA,HND,14:00,16:35,那覇,羽田
2026-09-17,RAC863,OKA,MMD,14:25,15:25,那覇,南大東
2026-09-17,JTA563,OKA,MMY,14:30,15:25,那覇,宮古
2026-09-17,JAL3715,OKA,OKE,14:35,15:25,那覇,沖永良部
2026-09-17,JTA617,OKA,ISG,14:45,15:45,那覇,新石垣
2026-09-17,JAL988,OKA,HND,14:55,17:35,那覇,羽田
2026-09-17,RAC727,OKA,OGN,14:55,16:10,那覇,与那国
2026-09-17,JTA058,OKA,FUK,15:00,16:45,那覇,福岡
2026-09-17,JTA565,OKA,MMY,15:25,16:15,那覇,宮古
2026-09-17,JAL914,OKA,HND,15:40,18:15,那覇,羽田
2026-09-17,RAC879,OKA,UEO,15:40,16:15,那覇,久米島
2026-09-17,JTA044,OKA,NGO,15:45,17:55,那覇,中部国際
2026-09-17,JTA571,OKA,MMY,16:25,17:15,那覇,宮古
2026-09-17,JTA621,OKA,ISG,17:00,18:00,那覇,新石垣
2026-09-17,RAC881,OKA,UEO,17:25,17:55,那覇,久米島
2026-09-17,JTA008,OKA,KIX,17:40,19:40,那覇,関西国際
2026-09-17,JAL916,OKA,HND,17:45,20:15,那覇,羽田
2026-09-17,JAL2088,OKA,ITM,17:55,19:55,那覇,伊丹
2026-09-17,JTA573,OKA,MMY,17:55,18:45,那覇,宮古
2026-09-17,JTA625,OKA,ISG,18:10,19:10,那覇,新石垣
2026-09-17,JTA016,OKA,OKJ,18:30,20:20,那覇,岡山
2026-09-17,JTA060,OKA,FUK,18:30,20:10,那覇,福岡
2026-09-17,JAL918,OKA,HND,18:50,21:20,那覇,羽田
2026-09-17,JAL920,OKA,HND,19:30,22:00,那覇,羽田
2026-09-17,JTA062,OKA,FUK,19:40,21:25,那覇,福岡
2026-09-17,JTA046,OKA,NGO,19:45,21:55,那覇,中部国際
2026-09-17,JAL922,OKA,HND,20:30,23:00,那覇,羽田
2026-09-17,JAL2741,OKD,HKD,07:35,08:15,丘珠,函館
2026-09-17,JAL2761,OKD,KUH,08:00,08:45,丘珠,釧路
2026-09-17,JAL2743,OKD,HKD,08:20,09:00,丘珠,函館
2026-09-17,JAL2721,OKD,MMB,09:05,09:50,丘珠,女満別
2026-09-17,JAL4371,OKD,MMJ,09:30,11:05,丘珠,松本
2026-09-17,JAL2731,OKD,SHB,09:55,10:45,丘珠,根室中標津
2026-09-17,JAL2745,OKD,HKD,10:35,11:15,丘珠,函館
2026-09-17,JAL2823,OKD,AXT,10:45,11:55,丘珠,秋田
2026-09-17,JAL4452,OKD,NKM,11:10,12:55,丘珠,名古屋
2026-09-17,JAL2763,OKD,KUH,11:40,12:25,丘珠,釧路
2026-09-17,JAL2749,OKD,HKD,12:45,13:25,丘珠,函館
2026-09-17,JAL2765,OKD,KUH,14:10,14:55,丘珠,釧路
2026-09-17,JAL2751,OKD,HKD,14:45,15:25,丘珠,函館
2026-09-17,JAL2787,OKD,RIS,15:00,15:55,丘珠,利尻
2026-09-17,JAL2737,OKD,SHB,15:10,16:00,丘珠,根室中標津
2026-09-17,JAL4456,OKD,NKM,15:40,17:25,丘珠,名古屋
2026-09-17,JAL2767,OKD,KUH,16:45,17:30,丘珠,釧路
2026-09-17,JAL2825,OKD,AXT,17:05,18:15,丘珠,秋田
2026-09-17,JAL2727,OKD,MMB,17:55,18:40,丘珠,女満別
2026-09-17,JAL2755,OKD,HKD,18:05,18:45,丘珠,函館
2026-09-17,JAL4332,OKD,FSZ,18:15,20:05,丘珠,静岡
2026-09-17,JAL4458,OKD,NKM,19:00,20:45,丘珠,名古屋
2026-09-17,JAL2759,OKD,HKD,19:20,20:00,丘珠,函館
2026-09-17,JAL3800,OKE,KOJ,09:15,10:35,沖永良部,鹿児島
2026-09-17,JAL3716,OKE,OKA,12:55,13:45,沖永良部,那覇
2026-09-17,JAL3710,OKE,TKN,15:55,16:20,沖永良部,徳之島
2026-09-17,JAL3808,OKE,KOJ,16:50,18:10,沖永良部,鹿児島
2026-09-17,JAL3434,OKI,IZO,10:00,10:30,隠岐,出雲
2026-09-17,JAL2332,OKI,ITM,15:05,15:50,隠岐,伊丹
2026-09-17,JAL232,OKJ,HND,07:05,08:25,岡山,羽田
2026-09-17,JTA013,OKJ,OKA,08:30,10:30,岡山,那覇
2026-09-17,JAL234,OKJ,HND,10:15,11:30,岡山,羽田
2026-09-17,JAL236,OKJ,HND,12:20,13:40,岡山,羽田
2026-09-17,JAL240,OKJ,HND,17:30,18:55,岡山,羽田
2026-09-17,JAL242,OKJ,HND,19:25,20:40,岡山,羽田
2026-09-17,JAL2788,RIS,OKD,16:25,17:15,利尻,丘珠
2026-09-17,JAL3866,RNJ,OKA,12:30,13:15,与論,那覇
2026-09-17,JAL3826,RNJ,KOJ,13:15,14:45,与論,鹿児島
2026-09-17,RAC816,RNJ,OKA,14:25,15:00,与論,那覇
2026-09-17,JAL2200,SDJ,ITM,07:35,08:55,仙台,伊丹
2026-09-17,JAL2901,SDJ,CTS,07:50,09:00,仙台,新千歳
2026-09-17,JAL2903,SDJ,CTS,09:10,10:25,仙台,新千歳
2026-09-17,JAL2202,SDJ,ITM,09:15,10:30,仙台,伊丹
2026-09-17,JAL4528,SDJ,FUK,11:15,13:20,仙台,福岡
2026-09-17,JAL2204,SDJ,ITM,11:20,12:35,仙台,伊丹
2026-09-17,JAL2206,SDJ,ITM,12:40,13:55,仙台,伊丹
2026-09-17,JAL2905,SDJ,CTS,12:45,13:55,仙台,新千歳
2026-09-17,JAL2210,SDJ,ITM,15:35,16:50,仙台,伊丹
2026-09-17,JAL2212,SDJ,ITM,16:10,17:25,仙台,伊丹
2026-09-17,JAL2907,SDJ,CTS,17:15,18:25,仙台,新千歳
2026-09-17,JAL4530,SDJ,FUK,17:45,19:50,仙台,福岡
2026-09-17,JAL2216,SDJ,ITM,19:00,20:25,仙台,伊丹
2026-09-17,JAL2909,SDJ,CTS,20:30,21:40,仙台,新千歳
2026-09-17,JAL2732,SHB,OKD,11:15,12:10,根室中標津,丘珠
2026-09-17,JAL2738,SHB,OKD,16:30,17:25,根室中標津,丘珠
2026-09-17,SKY542,SHI,OKA,11:50,12:40,下地島,那覇
2026-09-17,SKY546,SHI,OKA,13:50,14:40,下地島,那覇
2026-09-17,SKY164,SHI,UKB,15:25,17:35,下地島,神戸
2026-09-17,SKY564,SHI,FUK,16:00,18:00,下地島,福岡
2026-09-17,SKY618,SHI,HND,17:10,19:50,下地島,羽田
2026-09-17,JAL212,SHM,HND,09:30,10:40,南紀白浜,羽田
2026-09-17,JAL214,SHM,HND,13:45,15:00,南紀白浜,羽田
2026-09-17,JAL218,SHM,HND,18:25,19:40,南紀白浜,羽田
2026-09-17,JAL474,TAK,HND,07:05,08:25,高松,羽田
2026-09-17,JAL476,TAK,HND,09:45,11:00,高松,羽田
2026-09-17,JAL478,TAK,HND,11:45,13:05,高松,羽田
2026-09-17,JAL480,TAK,HND,13:10,14:30,高松,羽田
2026-09-17,JAL482,TAK,HND,15:15,16:40,高松,羽田
2026-09-17,JAL484,TAK,HND,17:20,18:45,高松,羽田
2026-09-17,JAL486,TAK,HND,20:40,21:55,高松,羽田
2026-09-17,JAL2324,TJH,ITM,10:10,10:45,但馬,伊丹
2026-09-17,JAL2326,TJH,ITM,18:00,18:40,但馬,伊丹
2026-09-17,JAL3842,TKN,ASJ,09:40,10:10,徳之島,奄美
2026-09-17,JAL3792,TKN,KOJ,10:25,11:20,徳之島,鹿児島
2026-09-17,JAL3711,TKN,OKE,12:00,12:25,徳之島,沖永良部
2026-09-17,JAL3794,TKN,KOJ,14:55,16:15,徳之島,鹿児島
2026-09-17,JAL3844,TKN,ASJ,16:50,17:20,徳之島,奄美
2026-09-17,JAL3796,TKN,KOJ,17:40,18:35,徳之島,鹿児島
2026-09-17,JAL3798,TKN,KOJ,19:00,20:15,徳之島,鹿児島
2026-09-17,JAL452,TKS,HND,07:05,08:20,徳島,羽田
2026-09-17,JAL454,TKS,HND,08:55,10:15,徳島,羽田
2026-09-17,JAL3564,TKS,FUK,11:30,12:35,徳島,福岡
2026-09-17,JAL456,TKS,HND,12:20,13:40,徳島,羽田
2026-09-17,JAL460,TKS,HND,14:45,16:10,徳島,羽田
2026-09-17,JAL462,TKS,HND,17:40,19:05,徳島,羽田
2026-09-17,JAL3568,TKS,FUK,20:05,21:10,徳島,福岡
2026-09-17,JAL464,TKS,HND,20:35,21:55,徳島,羽田
2026-09-17,JAL3760,TNE,KOJ,09:20,09:55,種子島,鹿児島
2026-09-17,JAL3764,TNE,KOJ,12:10,12:45,種子島,鹿児島
2026-09-17,JAL3772,TNE,KOJ,18:00,18:35,種子島,鹿児島
2026-09-17,RAC892,TRA,MMY,10:20,10:45,多良間,宮古
2026-09-17,RAC898,TRA,MMY,16:50,17:15,多良間,宮古
2026-09-17,JAL4052,TSJ,NGS,08:35,09:15,対馬,長崎
2026-09-17,JAL4080,TSJ,FUK,08:50,09:25,対馬,福岡
2026-09-17,JAL4082,TSJ,FUK,11:00,11:35,対馬,福岡
2026-09-17,JAL4054,TSJ,NGS,12:05,12:45,対馬,長崎
2026-09-17,JAL4062,TSJ,NGS,20:05,20:45,対馬,長崎
2026-09-17,JAL290,UBJ,HND,07:40,09:20,山口宇部,羽田
2026-09-17,JAL292,UBJ,HND,10:20,12:00,山口宇部,羽田
2026-09-17,JAL294,UBJ,HND,15:00,16:45,山口宇部,羽田
2026-09-17,JAL296,UBJ,HND,19:00,20:40,山口宇部,羽田
2026-09-17,RAC872,UEO,OKA,08:45,09:20,久米島,那覇
2026-09-17,RAC874,UEO,OKA,10:55,11:30,久米島,那覇
2026-09-17,RAC878,UEO,OKA,13:20,13:55,久米島,那覇
2026-09-17,JTA212,UEO,OKA,15:00,15:40,久米島,那覇
2026-09-17,RAC880,UEO,OKA,16:45,17:20,久米島,那覇
2026-09-17,RAC882,UEO,OKA,18:25,19:00,久米島,那覇
2026-09-17,JAL4363,UKB,MMJ,11:40,12:40,神戸,松本
2026-09-18,JAL552,AKJ,HND,09:50,11:35,旭川,羽田
2026-09-18,JAL554,AKJ,HND,13:40,15:25,旭川,羽田
2026-09-18,JAL556,AKJ,HND,16:25,18:15,旭川,羽田
2026-09-18,JAL558,AKJ,HND,19:55,21:40,旭川,羽田
2026-09-18,JAL140,AOJ,HND,07:35,08:55,青森,羽田
2026-09-18,JAL142,AOJ,HND,08:35,09:55,青森,羽田
2026-09-18,JAL2150,AOJ,ITM,09:50,11:20,青森,伊丹
2026-09-18,JAL4422,AOJ,NKM,10:15,11:40,青森,名古屋
2026-09-18,JAL2804,AOJ,CTS,11:00,11:45,青森,新千歳
2026-09-18,JAL144,AOJ,HND,12:00,13:20,青森,羽田
2026-09-18,JAL4424,AOJ,NKM,13:25,14:50,青森,名古屋
2026-09-18,JAL2154,AOJ,ITM,14:00,15:30,青森,伊丹
2026-09-18,JAL2806,AOJ,CTS,15:00,15:45,青森,新千歳
2026-09-18,JAL146,AOJ,HND,15:20,16:40,青森,羽田
2026-09-18,JAL148,AOJ,HND,17:55,19:15,青森,羽田
2026-09-18,JAL2158,AOJ,ITM,18:45,20:30,青森,伊丹
2026-09-18,JAL4428,AOJ,NKM,19:50,21:15,青森,名古屋
2026-09-18,JAL2810,AOJ,CTS,20:15,21:00,青森,新千歳
2026-09-18,JAL150,AOJ,HND,20:45,22:05,青森,羽田
2026-09-18,JAL3722,ASJ,KOJ,08:45,09:35,奄美,鹿児島
2026-09-18,JAL3831,ASJ,KKX,09:25,09:45,奄美,喜界
2026-09-18,JAL3841,ASJ,TKN,10:55,11:25,奄美,徳之島
2026-09-18,JAL3861,ASJ,RNJ,11:15,12:00,奄美,与論
2026-09-18,JAL3726,ASJ,KOJ,11:45,12:35,奄美,鹿児島
2026-09-18,JAL2464,ASJ,ITM,12:05,13:35,奄美,伊丹
2026-09-18,JAL3728,ASJ,KOJ,13:20,14:15,奄美,鹿児島
2026-09-18,JAL658,ASJ,HND,14:20,16:30,奄美,羽田
2026-09-18,JAL3730,ASJ,KOJ,14:35,15:30,奄美,鹿児島
2026-09-18,JAL3837,ASJ,KKX,15:40,16:00,奄美,喜界
2026-09-18,JAL3734,ASJ,KOJ,17:25,18:30,奄美,鹿児島
2026-09-18,JAL3843,ASJ,TKN,18:00,18:30,奄美,徳之島
2026-09-18,JAL3684,ASJ,FUK,18:20,19:40,奄美,福岡
2026-09-18,JAL3738,ASJ,KOJ,19:00,20:05,奄美,鹿児島
2026-09-18,JAL3890,AXJ,FUK,07:40,08:20,天草,福岡
2026-09-18,JAL3872,AXJ,KMJ,09:55,10:15,天草,熊本
2026-09-18,JAL3894,AXJ,FUK,15:45,16:25,天草,福岡
2026-09-18,JAL3898,AXJ,FUK,18:00,18:40,天草,福岡
2026-09-18,JAL162,AXT,HND,08:45,09:55,秋田,羽田
2026-09-18,JAL2172,AXT,ITM,09:45,11:10,秋田,伊丹
2026-09-18,JAL164,AXT,HND,12:10,13:20,秋田,羽田
2026-09-18,JAL2824,AXT,OKD,12:25,13:30,秋田,丘珠
2026-09-18,JAL2174,AXT,ITM,14:10,15:35,秋田,伊丹
2026-09-18,JAL166,AXT,HND,17:00,18:10,秋田,羽田
2026-09-18,JAL2176,AXT,ITM,18:15,19:40,秋田,伊丹
2026-09-18,JAL2826,AXT,OKD,18:45,19:50,秋田,丘珠
2026-09-18,JAL168,AXT,HND,20:50,22:00,秋田,羽田
2026-09-18,JAL2900,CTS,SDJ,07:35,08:40,新千歳,仙台
2026-09-18,JAL590,CTS,HND,07:35,09:10,新千歳,羽田
2026-09-18,JAL2713,CTS,MMB,07:40,08:25,新千歳,女満別
2026-09-18,JAL500,CTS,HND,07:40,09:20,新千歳,羽田
2026-09-18,JAL502,CTS,HND,08:50,10:25,新千歳,羽田
2026-09-18,JAL2000,CTS,ITM,09:00,10:50,新千歳,伊丹
2026-09-18,JAL2803,CTS,AOJ,09:40,10:25,新千歳,青森
2026-09-18,JAL504,CTS,HND,09:45,11:25,新千歳,羽田
2026-09-18,JAL3106,CTS,NGO,10:10,11:55,新千歳,中部国際
2026-09-18,JAL2831,CTS,HNA,10:15,11:10,新千歳,花巻
2026-09-18,JAL3510,CTS,FUK,10:30,12:55,新千歳,福岡
2026-09-18,JAL4483,CTS,KIJ,10:40,12:00,新千歳,新潟
2026-09-18,JAL506,CTS,HND,10:50,12:30,新千歳,羽田
2026-09-18,JAL2902,CTS,SDJ,11:00,12:10,新千歳,仙台
2026-09-18,JAL508,CTS,HND,11:25,13:05,新千歳,羽田
2026-09-18,JAL2504,CTS,KIX,11:50,14:05,新千歳,関西国際
2026-09-18,JAL2004,CTS,ITM,12:05,14:00,新千歳,伊丹
2026-09-18,JAL2715,CTS,MMB,12:30,13:15,新千歳,女満別
2026-09-18,JAL510,CTS,HND,12:45,14:30,新千歳,羽田
2026-09-18,JAL3512,CTS,FUK,13:30,15:55,新千歳,福岡
2026-09-18,JAL4324,CTS,FSZ,13:35,15:30,新千歳,静岡
2026-09-18,JAL2805,CTS,AOJ,13:40,14:25,新千歳,青森
2026-09-18,JAL512,CTS,HND,14:00,15:40,新千歳,羽田
2026-09-18,JAL4485,CTS,KIJ,14:05,15:25,新千歳,新潟
2026-09-18,JAL4491,CTS,GAJ,14:35,15:50,新千歳,山形
2026-09-18,JAL2904,CTS,SDJ,14:35,15:40,新千歳,仙台
2026-09-18,JAL3406,CTS,HIJ,15:00,17:05,新千歳,広島
2026-09-18,JAL3114,CTS,NGO,15:05,16:50,新千歳,中部国際
2026-09-18,JAL2008,CTS,ITM,15:05,17:00,新千歳,伊丹
2026-09-18,JAL514,CTS,HND,15:10,16:55,新千歳,羽田
2026-09-18,JAL4353,CTS,MMJ,15:40,17:15,新千歳,松本
2026-09-18,JAL2010,CTS,ITM,15:55,17:45,新千歳,伊丹
2026-09-18,JAL516,CTS,HND,16:05,17:45,新千歳,羽田
2026-09-18,JAL2719,CTS,MMB,16:10,16:50,新千歳,女満別
2026-09-18,JAL2839,CTS,HNA,16:30,17:25,新千歳,花巻
2026-09-18,JAL518,CTS,HND,17:00,18:45,新千歳,羽田
2026-09-18,JAL520,CTS,HND,17:15,18:55,新千歳,羽田
2026-09-18,JAL2016,CTS,ITM,17:45,19:40,新千歳,伊丹
2026-09-18,JAL2506,CTS,KIX,17:55,20:10,新千歳,関西国際
2026-09-18,JAL522,CTS,HND,18:00,19:45,新千歳,羽田
2026-09-18,JAL4472,CTS,FUK,18:05,20:55,新千歳,福岡
2026-09-18,JAL2809,CTS,AOJ,18:45,19:30,新千歳,青森
2026-09-18,JAL2906,CTS,SDJ,18:55,20:00,新千歳,仙台
2026-09-18,JAL524,CTS,HND,19:15,20:55,新千歳,羽田
2026-09-18,JAL2910,CTS,SDJ,19:45,20:50,新千歳,仙台
2026-09-18,JAL3118,CTS,NGO,19:55,21:40,新千歳,中部国際
2026-09-18,JAL526,CTS,HND,20:15,21:55,新千歳,羽田
2026-09-18,JAL528,CTS,HND,21:10,22:55,新千歳,羽田
2026-09-18,JAL530,CTS,HND,21:20,23:05,新千歳,羽田
2026-09-18,JAL4312,FSZ,FUK,08:10,09:50,静岡,福岡
2026-09-18,JAL4331,FSZ,OKD,08:55,10:40,静岡,丘珠
2026-09-18,JAL4323,FSZ,CTS,12:10,14:00,静岡,新千歳
2026-09-18,JAL4305,FSZ,KOJ,12:40,14:15,静岡,鹿児島
2026-09-18,JAL4314,FSZ,FUK,16:15,18:00,静岡,福岡
2026-09-18,JAL4316,FSZ,FUK,17:00,18:45,静岡,福岡
2026-09-18,JAL4094,FUJ,FUK,10:50,11:35,五島福江,福岡
2026-09-18,JAL4074,FUJ,NGS,13:40,14:10,五島福江,長崎
2026-09-18,JAL4098,FUJ,FUK,14:20,15:05,五島福江,福岡
2026-09-18,JAL4076,FUJ,NGS,15:45,16:15,五島福江,長崎
2026-09-18,JAL4078,FUJ,NGS,17:00,17:30,五島福江,長崎
2026-09-18,JAL4096,FUJ,FUK,17:55,18:40,五島福江,福岡
2026-09-18,JAL300,FUK,HND,07:00,08:45,福岡,羽田
2026-09-18,JAL3681,FUK,ASJ,07:05,08:15,福岡,奄美
2026-09-18,JAL3591,FUK,MYJ,07:10,07:55,福岡,松山
2026-09-18,JAL3551,FUK,IZO,07:15,08:25,福岡,出雲
2026-09-18,JAL3623,FUK,KMI,07:15,08:00,福岡,宮崎
2026-09-18,JTA051,FUK,OKA,07:15,08:50,福岡,那覇
2026-09-18,JAL302,FUK,HND,07:20,09:05,福岡,羽田
2026-09-18,JAL4471,FUK,CTS,07:45,10:05,福岡,新千歳
2026-09-18,JAL4079,FUK,TSJ,07:45,08:20,福岡,対馬
2026-09-18,JAL2050,FUK,ITM,07:50,08:55,福岡,伊丹
2026-09-18,JAL4341,FUK,MMJ,08:00,09:30,福岡,松本
2026-09-18,JAL304,FUK,HND,08:05,09:50,福岡,羽田
2026-09-18,JAL3891,FUK,AXJ,08:50,09:25,福岡,天草
2026-09-18,JAL4529,FUK,SDJ,08:55,10:45,福岡,仙台
2026-09-18,JAL3581,FUK,KCZ,09:00,09:55,福岡,高知
2026-09-18,JAL306,FUK,HND,09:10,10:55,福岡,羽田
2026-09-18,JTA053,FUK,OKA,09:30,11:15,福岡,那覇
2026-09-18,JAL3625,FUK,KMI,09:45,10:35,福岡,宮崎
2026-09-18,JAL3563,FUK,TKS,09:55,10:55,福岡,徳島
2026-09-18,JAL4313,FUK,FSZ,09:55,11:25,福岡,静岡
2026-09-18,JAL4081,FUK,TSJ,09:55,10:30,福岡,対馬
2026-09-18,JAL308,FUK,HND,10:00,11:45,福岡,羽田
2026-09-18,JAL4315,FUK,FSZ,10:25,11:55,福岡,静岡
2026-09-18,JAL310,FUK,HND,11:00,12:50,福岡,羽田
2026-09-18,JAL3627,FUK,KMI,11:40,12:30,福岡,宮崎
2026-09-18,JAL3513,FUK,CTS,11:50,14:10,福岡,新千歳
2026-09-18,JAL312,FUK,HND,11:55,13:40,福岡,羽田
2026-09-18,JAL3595,FUK,MYJ,11:55,12:40,福岡,松山
2026-09-18,JAL4095,FUK,FUJ,12:10,13:00,福岡,五島福江
2026-09-18,JAL3629,FUK,KMI,12:40,13:25,福岡,宮崎
2026-09-18,JAL314,FUK,HND,12:50,14:40,福岡,羽田
2026-09-18,JAL3653,FUK,KOJ,12:50,13:40,福岡,鹿児島
2026-09-18,JAL4525,FUK,HNA,12:55,14:50,福岡,花巻
2026-09-18,JTA057,FUK,OKA,12:55,14:40,福岡,那覇
2026-09-18,JAL3601,FUK,MYJ,13:30,14:15,福岡,松山
2026-09-18,JAL3673,FUK,KUM,13:50,15:00,福岡,屋久島
2026-09-18,JAL4345,FUK,MMJ,13:55,15:25,福岡,松本
2026-09-18,JAL316,FUK,HND,14:00,15:50,福岡,羽田
2026-09-18,JAL3515,FUK,CTS,14:15,16:30,福岡,新千歳
2026-09-18,JAL318,FUK,HND,14:30,16:25,福岡,羽田
2026-09-18,JAL3633,FUK,KMI,14:30,15:20,福岡,宮崎
2026-09-18,JAL4390,FUK,NKM,14:55,16:15,福岡,名古屋
2026-09-18,JAL2056,FUK,ITM,15:00,16:15,福岡,伊丹
2026-09-18,JAL4531,FUK,SDJ,15:25,17:15,福岡,仙台
2026-09-18,JAL3635,FUK,KMI,15:25,16:10,福岡,宮崎
2026-09-18,JAL4099,FUK,FUJ,15:40,16:30,福岡,五島福江
2026-09-18,JAL2058,FUK,ITM,15:50,17:00,福岡,伊丹
2026-09-18,JTA061,FUK,OKA,15:55,17:35,福岡,那覇
2026-09-18,JAL320,FUK,HND,16:00,17:50,福岡,羽田
2026-09-18,JAL3587,FUK,KCZ,16:10,17:00,福岡,高知
2026-09-18,JAL322,FUK,HND,16:30,18:20,福岡,羽田
2026-09-18,JAL4477,FUK,KIJ,16:35,18:15,福岡,新潟
2026-09-18,JAL4097,FUK,FUJ,16:40,17:25,福岡,五島福江
2026-09-18,JAL3895,FUK,AXJ,16:55,17:30,福岡,天草
2026-09-18,JAL324,FUK,HND,17:05,18:55,福岡,羽田
2026-09-18,JTA063,FUK,OKA,17:25,19:05,福岡,那覇
2026-09-18,JAL3555,FUK,IZO,17:35,18:45,福岡,出雲
2026-09-18,JAL3607,FUK,MYJ,17:40,18:25,福岡,松山
2026-09-18,JAL326,FUK,HND,18:15,20:05,福岡,羽田
2026-09-18,JAL3567,FUK,TKS,18:20,19:20,福岡,徳島
2026-09-18,JAL4317,FUK,FSZ,18:50,20:20,福岡,静岡
2026-09-18,JAL2060,FUK,ITM,19:00,20:20,福岡,伊丹
2026-09-18,JAL328,FUK,HND,19:10,20:55,福岡,羽田
2026-09-18,JAL3899,FUK,AXJ,19:10,19:45,福岡,天草
2026-09-18,JAL4392,FUK,NKM,19:15,20:35,福岡,名古屋
2026-09-18,JAL3639,FUK,KMI,19:15,20:00,福岡,宮崎
2026-09-18,JAL330,FUK,HND,20:00,21:45,福岡,羽田
2026-09-18,JAL4394,FUK,NKM,20:00,21:20,福岡,名古屋
2026-09-18,JTA065,FUK,OKA,20:55,22:30,福岡,那覇
2026-09-18,JAL332,FUK,HND,21:00,22:45,福岡,羽田
2026-09-18,JAL2234,GAJ,ITM,08:50,10:10,山形,伊丹
2026-09-18,JAL174,GAJ,HND,09:50,10:55,山形,羽田
2026-09-18,JAL4442,GAJ,NKM,10:40,11:50,山形,名古屋
2026-09-18,JAL4490,GAJ,CTS,13:55,15:05,山形,新千歳
2026-09-18,JAL2236,GAJ,ITM,14:50,16:10,山形,伊丹
2026-09-18,JAL4446,GAJ,NKM,16:20,17:30,山形,名古屋
2026-09-18,JAL2238,GAJ,ITM,18:05,19:20,山形,伊丹
2026-09-18,JAL178,GAJ,HND,19:10,20:15,山形,羽田
2026-09-18,JAL252,HIJ,HND,07:35,09:00,広島,羽田
2026-09-18,JAL254,HIJ,HND,09:25,10:50,広島,羽田
2026-09-18,JAL3403,HIJ,CTS,10:50,12:45,広島,新千歳
2026-09-18,JAL256,HIJ,HND,12:10,13:35,広島,羽田
2026-09-18,JAL258,HIJ,HND,13:45,15:10,広島,羽田
2026-09-18,JAL262,HIJ,HND,16:25,17:55,広島,羽田
2026-09-18,JAL264,HIJ,HND,18:10,19:40,広島,羽田
2026-09-18,JAL266,HIJ,HND,20:35,22:00,広島,羽田
2026-09-18,JAL2740,HKD,OKD,07:50,08:30,函館,丘珠
2026-09-18,JAL2742,HKD,OKD,08:45,09:25,函館,丘珠
2026-09-18,JAL584,HKD,HND,09:40,11:10,函館,羽田
2026-09-18,JAL2124,HKD,ITM,13:10,14:50,函館,伊丹
2026-09-18,JAL2750,HKD,OKD,14:00,14:40,函館,丘珠
2026-09-18,JAL586,HKD,HND,15:00,16:25,函館,羽田
2026-09-18,JAL2752,HKD,OKD,15:55,16:35,函館,丘珠
2026-09-18,JAL2756,HKD,OKD,19:15,19:55,函館,丘珠
2026-09-18,JAL588,HKD,HND,19:30,21:00,函館,羽田
2026-09-18,JAL4412,HNA,NKM,09:10,10:25,花巻,名古屋
2026-09-18,JAL2180,HNA,ITM,09:20,10:45,花巻,伊丹
2026-09-18,JAL2830,HNA,CTS,11:40,12:35,花巻,新千歳
2026-09-18,JAL2182,HNA,ITM,13:30,14:55,花巻,伊丹
2026-09-18,JAL4524,HNA,FUK,13:55,16:05,花巻,福岡
2026-09-18,JAL4416,HNA,NKM,15:20,16:35,花巻,名古屋
2026-09-18,JAL2186,HNA,ITM,15:25,16:50,花巻,伊丹
2026-09-18,JAL4418,HNA,NKM,17:40,18:55,花巻,名古屋
2026-09-18,JAL2838,HNA,CTS,17:55,18:55,花巻,新千歳
2026-09-18,JAL2190,HNA,ITM,18:40,20:15,花巻,伊丹
2026-09-18,JAL623,HND,KMJ,06:20,08:00,羽田,熊本
2026-09-18,JAL303,HND,FUK,06:25,08:10,羽田,福岡
2026-09-18,JAL641,HND,KOJ,06:25,08:05,羽田,鹿児島
2026-09-18,JAL101,HND,ITM,06:30,07:35,羽田,伊丹
2026-09-18,JAL901,HND,OKA,06:30,09:00,羽田,那覇
2026-09-18,JAL501,HND,CTS,06:35,08:05,羽田,新千歳
2026-09-18,JAL141,HND,AOJ,06:45,07:55,羽田,青森
2026-09-18,JAL431,HND,MYJ,06:50,08:15,羽田,松山
2026-09-18,JAL161,HND,AXT,07:00,08:05,羽田,秋田
2026-09-18,JAL453,HND,TKS,07:00,08:10,羽田,徳島
2026-09-18,JAL565,HND,MMB,07:05,08:45,羽田,女満別
2026-09-18,JAL305,HND,FUK,07:05,08:50,羽田,福岡
2026-09-18,JAL971,HND,ISG,07:05,09:55,羽田,新石垣
2026-09-18,JAL183,HND,KMQ,07:10,08:10,羽田,小松
2026-09-18,JAL277,HND,IZO,07:10,08:30,羽田,出雲
2026-09-18,JAL503,HND,CTS,07:15,08:45,羽田,新千歳
2026-09-18,JAL175,HND,GAJ,07:20,08:15,羽田,山形
2026-09-18,JAL221,HND,KIX,07:20,08:35,羽田,関西国際
2026-09-18,JAL903,HND,OKA,07:20,09:50,羽田,那覇
2026-09-18,JAL253,HND,HIJ,07:25,08:40,羽田,広島
2026-09-18,JAL585,HND,HKD,07:30,08:50,羽田,函館
2026-09-18,JAL103,HND,ITM,07:30,08:35,羽田,伊丹
2026-09-18,JAL491,HND,KCZ,07:30,08:50,羽田,高知
2026-09-18,JAL605,HND,NGS,07:30,09:15,羽田,長崎
2026-09-18,JAL551,HND,AKJ,07:35,09:10,羽田,旭川
2026-09-18,JAL541,HND,KUH,07:45,09:20,羽田,釧路
2026-09-18,JAL573,HND,OBO,07:45,09:15,羽田,帯広
2026-09-18,JAL213,HND,SHM,07:45,08:55,羽田,南紀白浜
2026-09-18,JAL475,HND,TAK,07:50,09:05,羽田,高松
2026-09-18,JAL291,HND,UBJ,08:00,09:40,羽田,山口宇部
2026-09-18,JAL307,HND,FUK,08:00,09:45,羽田,福岡
2026-09-18,JAL661,HND,OIT,08:00,09:35,羽田,大分
2026-09-18,JAL625,HND,KMJ,08:00,09:45,羽田,熊本
2026-09-18,JAL153,HND,MSJ,08:05,09:20,羽田,三沢
2026-09-18,JAL687,HND,KMI,08:05,09:45,羽田,宮崎
2026-09-18,JAL643,HND,KOJ,08:05,09:50,羽田,鹿児島
2026-09-18,JAL905,HND,OKA,08:05,10:40,羽田,那覇
2026-09-18,JAL201,HND,NGO,08:15,09:10,羽田,中部国際
2026-09-18,JAL231,HND,OKJ,08:15,09:30,羽田,岡山
2026-09-18,JAL373,HND,KKJ,08:15,09:50,羽田,北九州
2026-09-18,JAL505,HND,CTS,08:20,09:55,羽田,新千歳
2026-09-18,JAL107,HND,ITM,08:30,09:35,羽田,伊丹
2026-09-18,JAL907,HND,OKA,08:40,11:15,羽田,那覇
2026-09-18,JAL507,HND,CTS,08:50,10:25,羽田,新千歳
2026-09-18,JAL255,HND,HIJ,08:50,10:10,羽田,広島
2026-09-18,JAL309,HND,FUK,09:05,10:55,羽田,福岡
2026-09-18,JAL433,HND,MYJ,09:15,10:40,羽田,松山
2026-09-18,JAL493,HND,KCZ,09:15,10:35,羽田,高知
2026-09-18,JAL311,HND,FUK,09:15,11:05,羽田,福岡
2026-09-18,JAL185,HND,KMQ,09:30,10:35,羽田,小松
2026-09-18,JAL111,HND,ITM,09:35,10:40,羽田,伊丹
2026-09-18,JAL663,HND,OIT,09:35,11:10,羽田,大分
2026-09-18,JAL909,HND,OKA,09:40,12:15,羽田,那覇
2026-09-18,JAL509,HND,CTS,09:45,11:20,羽田,新千歳
2026-09-18,JAL279,HND,IZO,09:50,11:15,羽田,出雲
2026-09-18,JAL477,HND,TAK,09:50,11:05,羽田,高松
2026-09-18,JAL689,HND,KMI,09:55,11:35,羽田,宮崎
2026-09-18,JAL143,HND,AOJ,10:00,11:20,羽田,青森
2026-09-18,JAL313,HND,FUK,10:00,11:45,羽田,福岡
2026-09-18,JAL627,HND,KMJ,10:00,11:45,羽田,熊本
2026-09-18,JAL607,HND,NGS,10:05,11:55,羽田,長崎
2026-09-18,JAL645,HND,KOJ,10:05,11:50,羽田,鹿児島
2026-09-18,JAL257,HND,HIJ,10:10,11:30,羽田,広島
2026-09-18,JAL511,HND,CTS,10:15,11:50,羽田,新千歳
2026-09-18,JAL233,HND,OKJ,10:20,11:40,羽田,岡山
2026-09-18,JAL455,HND,TKS,10:25,11:40,羽田,徳島
2026-09-18,JAL163,HND,AXT,10:30,11:35,羽田,秋田
2026-09-18,JAL113,HND,ITM,10:30,11:35,羽田,伊丹
2026-09-18,JAL913,HND,OKA,10:35,13:10,羽田,那覇
2026-09-18,JAL933,HND,MMY,10:40,13:25,羽田,宮古
2026-09-18,JAL155,HND,MSJ,10:45,12:05,羽田,三沢
2026-09-18,JAL575,HND,OBO,11:00,12:35,羽田,帯広
2026-09-18,JAL315,HND,FUK,11:00,12:50,羽田,福岡
2026-09-18,JAL479,HND,TAK,11:05,12:25,羽田,高松
2026-09-18,JAL553,HND,AKJ,11:10,12:50,羽田,旭川
2026-09-18,JAL513,HND,CTS,11:25,13:05,羽田,新千歳
2026-09-18,JAL629,HND,KMJ,11:25,13:10,羽田,熊本
2026-09-18,JAL659,HND,ASJ,11:25,13:35,羽田,奄美
2026-09-18,JAL115,HND,ITM,11:30,12:35,羽田,伊丹
2026-09-18,JAL215,HND,SHM,11:30,12:40,羽田,南紀白浜
2026-09-18,JAL987,HND,OKA,11:30,14:05,羽田,那覇
2026-09-18,JAL259,HND,HIJ,11:40,13:05,羽田,広島
2026-09-18,JAL691,HND,KMI,11:40,13:25,羽田,宮崎
2026-09-18,JAL317,HND,FUK,11:55,13:45,羽田,福岡
2026-09-18,JAL915,HND,OKA,11:55,14:30,羽田,那覇
2026-09-18,JAL647,HND,KOJ,12:00,13:45,羽田,鹿児島
2026-09-18,JAL665,HND,OIT,12:05,13:40,羽田,大分
2026-09-18,JAL435,HND,MYJ,12:10,13:35,羽田,松山
2026-09-18,JAL543,HND,KUH,12:15,13:50,羽田,釧路
2026-09-18,JAL567,HND,MMB,12:25,14:10,羽田,女満別
2026-09-18,JAL117,HND,ITM,12:30,13:35,羽田,伊丹
2026-09-18,JAL609,HND,NGS,12:30,14:20,羽田,長崎
2026-09-18,JAL225,HND,KIX,12:35,14:00,羽田,関西国際
2026-09-18,JAL515,HND,CTS,12:40,14:15,羽田,新千歳
2026-09-18,JAL459,HND,TKS,12:40,14:00,羽田,徳島
2026-09-18,JAL293,HND,UBJ,12:45,14:20,羽田,山口宇部
2026-09-18,JAL587,HND,HKD,12:50,14:10,羽田,函館
2026-09-18,JAL631,HND,KMJ,12:50,14:35,羽田,熊本
2026-09-18,JAL319,HND,FUK,12:55,14:40,羽田,福岡
2026-09-18,JAL481,HND,TAK,13:00,14:15,羽田,高松
2026-09-18,JAL187,HND,KMQ,13:05,14:10,羽田,小松
2026-09-18,JAL145,HND,AOJ,13:15,14:30,羽田,青森
2026-09-18,JAL517,HND,CTS,13:30,15:05,羽田,新千歳
2026-09-18,JAL119,HND,ITM,13:30,14:35,羽田,伊丹
2026-09-18,JAL611,HND,NGS,13:30,15:20,羽田,長崎
2026-09-18,JAL375,HND,KKJ,13:40,15:15,羽田,北九州
2026-09-18,JAL321,HND,FUK,13:45,15:30,羽田,福岡
2026-09-18,JAL577,HND,OBO,13:50,15:25,羽田,帯広
2026-09-18,JAL917,HND,OKA,13:55,16:25,羽田,那覇
2026-09-18,JAL555,HND,AKJ,14:05,15:40,羽田,旭川
2026-09-18,JAL495,HND,KCZ,14:05,15:25,羽田,高知
2026-09-18,JAL263,HND,HIJ,14:15,15:40,羽田,広島
2026-09-18,JAL649,HND,KOJ,14:15,15:55,羽田,鹿児島
2026-09-18,JAL693,HND,KMI,14:20,16:00,羽田,宮崎
2026-09-18,JAL519,HND,CTS,14:25,16:00,羽田,新千歳
2026-09-18,JAL237,HND,OKJ,14:30,15:45,羽田,岡山
2026-09-18,JAL121,HND,ITM,14:35,15:40,羽田,伊丹
2026-09-18,JAL633,HND,KMJ,14:40,16:20,羽田,熊本
2026-09-18,JAL165,HND,AXT,14:50,15:55,羽田,秋田
2026-09-18,JAL973,HND,ISG,14:50,17:40,羽田,新石垣
2026-09-18,JAL157,HND,MSJ,14:55,16:10,羽田,三沢
2026-09-18,JAL125,HND,ITM,14:55,16:00,羽田,伊丹
2026-09-18,JAL283,HND,IZO,14:55,16:15,羽田,出雲
2026-09-18,JAL667,HND,OIT,15:05,16:40,羽田,大分
2026-09-18,JAL483,HND,TAK,15:10,16:30,羽田,高松
2026-09-18,JAL919,HND,OKA,15:10,17:40,羽田,那覇
2026-09-18,JAL521,HND,CTS,15:25,17:00,羽田,新千歳
2026-09-18,JAL323,HND,FUK,15:25,17:15,羽田,福岡
2026-09-18,JAL437,HND,MYJ,15:30,16:55,羽田,松山
2026-09-18,JAL461,HND,TKS,15:40,16:55,羽田,徳島
2026-09-18,JAL325,HND,FUK,15:55,17:50,羽田,福岡
2026-09-18,JAL921,HND,OKA,15:55,18:25,羽田,那覇
2026-09-18,JAL147,HND,AOJ,16:00,17:10,羽田,青森
2026-09-18,JAL997,HND,OKA,16:10,18:40,羽田,那覇
2026-09-18,JAL695,HND,KMI,16:25,18:00,羽田,宮崎
2026-09-18,JAL127,HND,ITM,16:30,17:35,羽田,伊丹
2026-09-18,JAL219,HND,SHM,16:30,17:40,羽田,南紀白浜
2026-09-18,JAL651,HND,KOJ,16:30,18:10,羽田,鹿児島
2026-09-18,JAL523,HND,CTS,16:40,18:20,羽田,新千歳
2026-09-18,JAL669,HND,OIT,16:40,18:15,羽田,大分
2026-09-18,JAL295,HND,UBJ,16:45,18:20,羽田,山口宇部
2026-09-18,JAL189,HND,KMQ,16:50,17:55,羽田,小松
2026-09-18,JAL285,HND,IZO,16:55,18:25,羽田,出雲
2026-09-18,JAL439,HND,MYJ,16:55,18:20,羽田,松山
2026-09-18,JAL497,HND,KCZ,16:55,18:15,羽田,高知
2026-09-18,JAL923,HND,OKA,16:55,19:30,羽田,那覇
2026-09-18,JAL327,HND,FUK,17:00,19:00,羽田,福岡
2026-09-18,JAL159,HND,MSJ,17:05,18:30,羽田,三沢
2026-09-18,JAL589,HND,HKD,17:10,18:35,羽田,函館
2026-09-18,JAL569,HND,MMB,17:15,19:10,羽田,女満別
2026-09-18,JAL545,HND,KUH,17:15,19:05,羽田,釧路
2026-09-18,JAL557,HND,AKJ,17:30,19:15,羽田,旭川
2026-09-18,JAL179,HND,GAJ,17:30,18:35,羽田,山形
2026-09-18,JAL239,HND,OKJ,17:30,18:45,羽田,岡山
2026-09-18,JAL525,HND,CTS,17:35,19:15,羽田,新千歳
2026-09-18,JAL579,HND,OBO,17:35,19:20,羽田,帯広
2026-09-18,JAL131,HND,ITM,17:35,18:40,羽田,伊丹
2026-09-18,JAL637,HND,KMJ,17:35,19:20,羽田,熊本
2026-09-18,JAL613,HND,NGS,17:45,19:40,羽田,長崎
2026-09-18,JAL329,HND,FUK,17:55,19:50,羽田,福岡
2026-09-18,JAL653,HND,KOJ,17:55,19:40,羽田,鹿児島
2026-09-18,JAL133,HND,ITM,18:00,19:10,羽田,伊丹
2026-09-18,JAL287,HND,IZO,18:15,19:45,羽田,出雲
2026-09-18,JAL265,HND,HIJ,18:20,19:45,羽田,広島
2026-09-18,JAL463,HND,TKS,18:20,19:35,羽田,徳島
2026-09-18,JAL377,HND,KKJ,18:25,20:00,羽田,北九州
2026-09-18,JAL527,HND,CTS,18:40,20:15,羽田,新千歳
2026-09-18,JAL149,HND,AOJ,18:40,19:55,羽田,青森
2026-09-18,JAL137,HND,ITM,18:40,19:50,羽田,伊丹
2026-09-18,JAL485,HND,TAK,18:40,19:55,羽田,高松
2026-09-18,JAL191,HND,KMQ,18:45,19:50,羽田,小松
2026-09-18,JAL331,HND,FUK,18:45,20:35,羽田,福岡
2026-09-18,JAL499,HND,KCZ,18:55,20:15,羽田,高知
2026-09-18,JAL697,HND,KMI,18:55,20:35,羽田,宮崎
2026-09-18,JAL297,HND,UBJ,19:00,20:35,羽田,山口宇部
2026-09-18,JAL167,HND,AXT,19:10,20:15,羽田,秋田
2026-09-18,JAL139,HND,ITM,19:10,20:30,羽田,伊丹
2026-09-18,JAL639,HND,KMJ,19:10,20:55,羽田,熊本
2026-09-18,JAL333,HND,FUK,19:15,21:05,羽田,福岡
2026-09-18,JAL655,HND,KOJ,19:25,21:05,羽田,鹿児島
2026-09-18,JAL615,HND,NGS,19:30,21:20,羽田,長崎
2026-09-18,JAL335,HND,FUK,19:35,21:30,羽田,福岡
2026-09-18,JAL241,HND,OKJ,19:40,20:55,羽田,岡山
2026-09-18,JAL443,HND,MYJ,19:45,21:10,羽田,松山
2026-09-18,JAL465,HND,TKS,19:45,20:55,羽田,徳島
2026-09-18,JAL151,HND,AOJ,19:50,21:05,羽田,青森
2026-09-18,JAL529,HND,CTS,19:55,21:30,羽田,新千歳
2026-09-18,JAL209,HND,NGO,19:55,20:55,羽田,中部国際
2026-09-18,JAL267,HND,HIJ,19:55,21:20,羽田,広島
2026-09-18,JAL925,HND,OKA,20:05,22:30,羽田,那覇
2026-09-18,JAL487,HND,TAK,20:15,21:30,羽田,高松
2026-09-18,JAL671,HND,OIT,20:15,21:45,羽田,大分
2026-09-18,JAL599,HND,CTS,20:30,22:05,羽田,新千歳
2026-09-18,JAL193,HND,KMQ,20:40,21:40,羽田,小松
2026-09-18,JAL229,HND,KIX,20:40,21:55,羽田,関西国際
2026-09-18,JAL531,HND,CTS,20:45,22:20,羽田,新千歳
2026-09-18,JAL4042,IKI,NGS,09:55,10:25,壱岐,長崎
2026-09-18,JAL4044,IKI,NGS,17:50,18:20,壱岐,長崎
2026-09-18,JTA600,ISG,OKA,08:55,10:00,新石垣,那覇
2026-09-18,RAC741,ISG,OGN,09:55,10:25,新石垣,与那国
2026-09-18,JAL972,ISG,HND,11:10,14:05,新石垣,羽田
2026-09-18,JTA608,ISG,OKA,11:15,12:20,新石垣,那覇
2026-09-18,RAC743,ISG,OGN,12:35,13:05,新石垣,与那国
2026-09-18,JTA612,ISG,OKA,13:00,14:05,新石垣,那覇
2026-09-18,JTA614,ISG,OKA,14:00,15:00,新石垣,那覇
2026-09-18,RAC834,ISG,MMY,14:45,15:15,新石垣,宮古
2026-09-18,JTA622,ISG,OKA,16:25,17:25,新石垣,那覇
2026-09-18,RAC747,ISG,OGN,17:50,18:20,新石垣,与那国
2026-09-18,JTA626,ISG,OKA,18:40,19:45,新石垣,那覇
2026-09-18,RAC838,ISG,MMY,19:00,19:30,新石垣,宮古
2026-09-18,JAL974,ISG,HND,19:15,22:10,新石垣,羽田
2026-09-18,JTA086,ISG,KIX,19:50,22:15,新石垣,関西国際
2026-09-18,JAL102,ITM,HND,07:05,08:15,伊丹,羽田
2026-09-18,JAL2371,ITM,NGS,07:05,08:15,伊丹,長崎
2026-09-18,JAL2401,ITM,KOJ,07:05,08:15,伊丹,鹿児島
2026-09-18,JAL2241,ITM,KIJ,07:10,08:15,伊丹,新潟
2026-09-18,JAL2345,ITM,IZO,07:10,08:00,伊丹,出雲
2026-09-18,JAL2431,ITM,KMI,07:10,08:15,伊丹,宮崎
2026-09-18,JAL2051,ITM,FUK,07:15,08:25,伊丹,福岡
2026-09-18,JAL2361,ITM,OIT,07:15,08:15,伊丹,大分
2026-09-18,JAL2201,ITM,SDJ,07:20,08:35,伊丹,仙台
2026-09-18,JAL2181,ITM,HNA,07:25,08:50,伊丹,花巻
2026-09-18,JAL104,ITM,HND,07:25,08:40,伊丹,羽田
2026-09-18,JAL2383,ITM,KMJ,07:30,08:40,伊丹,熊本
2026-09-18,JAL2001,ITM,CTS,07:40,09:30,伊丹,新千歳
2026-09-18,JAL2151,ITM,AOJ,07:45,09:15,伊丹,青森
2026-09-18,JAL2171,ITM,AXT,07:55,09:10,伊丹,秋田
2026-09-18,JAL2233,ITM,GAJ,08:00,09:15,伊丹,山形
2026-09-18,JAL2081,ITM,OKA,08:20,10:25,伊丹,那覇
2026-09-18,JAL106,ITM,HND,08:25,09:35,伊丹,羽田
2026-09-18,JAL2323,ITM,TJH,09:00,09:40,伊丹,但馬
2026-09-18,JAL2161,ITM,MSJ,09:15,10:45,伊丹,三沢
2026-09-18,JAL110,ITM,HND,09:20,10:35,伊丹,羽田
2026-09-18,JAL2405,ITM,KOJ,09:20,10:30,伊丹,鹿児島
2026-09-18,JAL2203,ITM,SDJ,09:30,10:45,伊丹,仙台
2026-09-18,JAL2301,ITM,MYJ,09:30,10:15,伊丹,松山
2026-09-18,JAL2465,ITM,ASJ,09:35,11:10,伊丹,奄美
2026-09-18,JAL2053,ITM,FUK,09:50,11:00,伊丹,福岡
2026-09-18,JAL2365,ITM,OIT,10:10,11:05,伊丹,大分
2026-09-18,JAL2351,ITM,IZO,10:20,11:10,伊丹,出雲
2026-09-18,JAL2385,ITM,KMJ,10:20,11:25,伊丹,熊本
2026-09-18,JAL112,ITM,HND,10:25,11:35,伊丹,羽田
2026-09-18,JAL2243,ITM,KIJ,10:35,11:35,伊丹,新潟
2026-09-18,JAL2433,ITM,KMI,10:35,11:35,伊丹,宮崎
2026-09-18,JAL2123,ITM,HKD,11:00,12:35,伊丹,函館
2026-09-18,JAL2205,ITM,SDJ,11:00,12:15,伊丹,仙台
2026-09-18,JAL2407,ITM,KOJ,11:05,12:15,伊丹,鹿児島
2026-09-18,JAL2373,ITM,NGS,11:20,12:30,伊丹,長崎
2026-09-18,JAL114,ITM,HND,11:25,12:40,伊丹,羽田
2026-09-18,JAL2451,ITM,KUM,11:25,13:10,伊丹,屋久島
2026-09-18,JAL2005,ITM,CTS,11:45,13:35,伊丹,新千歳
2026-09-18,JAL2183,ITM,HNA,11:45,13:00,伊丹,花巻
2026-09-18,JAL2153,ITM,AOJ,12:00,13:25,伊丹,青森
2026-09-18,JAL2173,ITM,AXT,12:20,13:35,伊丹,秋田
2026-09-18,JAL116,ITM,HND,12:25,13:40,伊丹,羽田
2026-09-18,JAL2007,ITM,CTS,12:45,14:30,伊丹,新千歳
2026-09-18,JAL3881,ITM,KMJ,12:50,14:20,伊丹,熊本
2026-09-18,JAL2375,ITM,NGS,13:00,14:15,伊丹,長崎
2026-09-18,JAL2235,ITM,GAJ,13:10,14:20,伊丹,山形
2026-09-18,JAL2057,ITM,FUK,13:10,14:20,伊丹,福岡
2026-09-18,JAL118,ITM,HND,13:25,14:40,伊丹,羽田
2026-09-18,JAL2185,ITM,HNA,13:35,14:55,伊丹,花巻
2026-09-18,JAL2331,ITM,OKI,13:45,14:35,伊丹,隠岐
2026-09-18,JAL2207,ITM,SDJ,13:50,15:00,伊丹,仙台
2026-09-18,JAL2387,ITM,KMJ,13:50,14:55,伊丹,熊本
2026-09-18,JAL120,ITM,HND,14:20,15:35,伊丹,羽田
2026-09-18,JAL2247,ITM,KIJ,14:30,15:30,伊丹,新潟
2026-09-18,JAL3006,ITM,NRT,14:35,16:00,伊丹,成田
2026-09-18,JAL2355,ITM,IZO,14:35,15:25,伊丹,出雲
2026-09-18,JAL2087,ITM,OKA,14:50,16:50,伊丹,那覇
2026-09-18,JAL2009,ITM,CTS,15:15,17:00,伊丹,新千歳
2026-09-18,JAL2409,ITM,KOJ,15:15,16:20,伊丹,鹿児島
2026-09-18,JAL2209,ITM,SDJ,15:30,16:45,伊丹,仙台
2026-09-18,JAL124,ITM,HND,15:35,17:00,伊丹,羽田
2026-09-18,JAL2163,ITM,MSJ,15:40,17:10,伊丹,三沢
2026-09-18,JAL2411,ITM,KOJ,16:15,17:25,伊丹,鹿児島
2026-09-18,JAL2237,ITM,GAJ,16:25,17:35,伊丹,山形
2026-09-18,JAL2179,ITM,AXT,16:30,17:45,伊丹,秋田
2026-09-18,JAL126,ITM,HND,16:30,17:50,伊丹,羽田
2026-09-18,JAL2309,ITM,MYJ,16:30,17:15,伊丹,松山
2026-09-18,JAL2439,ITM,KMI,16:30,17:35,伊丹,宮崎
2026-09-18,JAL2187,ITM,HNA,16:45,18:10,伊丹,花巻
2026-09-18,JAL2157,ITM,AOJ,16:50,18:15,伊丹,青森
2026-09-18,JAL128,ITM,HND,16:50,18:10,伊丹,羽田
2026-09-18,JAL2325,ITM,TJH,16:55,17:30,伊丹,但馬
2026-09-18,JAL2213,ITM,SDJ,17:10,18:25,伊丹,仙台
2026-09-18,JAL2377,ITM,NGS,17:20,18:35,伊丹,長崎
2026-09-18,JAL2389,ITM,KMJ,17:25,18:30,伊丹,熊本
2026-09-18,JAL2415,ITM,KOJ,17:25,18:35,伊丹,鹿児島
2026-09-18,JAL2443,ITM,KMI,17:30,18:35,伊丹,宮崎
2026-09-18,JAL2251,ITM,KIJ,17:35,18:40,伊丹,新潟
2026-09-18,JAL2367,ITM,OIT,17:40,18:35,伊丹,大分
2026-09-18,JAL2357,ITM,IZO,18:05,18:55,伊丹,出雲
2026-09-18,JAL130,ITM,HND,18:25,19:40,伊丹,羽田
2026-09-18,JAL2019,ITM,CTS,18:40,20:25,伊丹,新千歳
2026-09-18,JAL134,ITM,HND,19:35,20:50,伊丹,羽田
2026-09-18,JAL2217,ITM,SDJ,19:50,21:05,伊丹,仙台
2026-09-18,JAL2061,ITM,FUK,19:55,21:10,伊丹,福岡
2026-09-18,JAL2445,ITM,KMI,19:55,21:00,伊丹,宮崎
2026-09-18,JAL138,ITM,HND,20:05,21:20,伊丹,羽田
2026-09-18,JAL2419,ITM,KOJ,20:05,21:15,伊丹,鹿児島
2026-09-18,JAL276,IZO,HND,07:35,09:00,出雲,羽田
2026-09-18,JAL2344,IZO,ITM,08:30,09:15,出雲,伊丹
2026-09-18,JAL4462,IZO,NKM,08:45,09:45,出雲,名古屋
2026-09-18,JAL3433,IZO,OKI,09:00,09:30,出雲,隠岐
2026-09-18,JAL278,IZO,HND,09:15,10:35,出雲,羽田
2026-09-18,JAL3550,IZO,FUK,11:00,12:10,出雲,福岡
2026-09-18,JAL2346,IZO,ITM,11:40,12:25,出雲,伊丹
2026-09-18,JAL280,IZO,HND,11:55,13:20,出雲,羽田
2026-09-18,JAL4464,IZO,NKM,12:30,13:30,出雲,名古屋
2026-09-18,JAL2356,IZO,ITM,16:00,16:45,出雲,伊丹
2026-09-18,JAL284,IZO,HND,17:15,18:50,出雲,羽田
2026-09-18,JAL4468,IZO,NKM,18:35,19:35,出雲,名古屋
2026-09-18,JAL286,IZO,HND,19:10,20:35,出雲,羽田
2026-09-18,JAL3554,IZO,FUK,19:15,20:25,出雲,福岡
2026-09-18,JAL2358,IZO,ITM,19:30,20:20,出雲,伊丹
2026-09-18,JAL490,KCZ,HND,07:10,08:30,高知,羽田
2026-09-18,JAL4512,KCZ,NGO,09:15,10:15,高知,中部国際
2026-09-18,JAL492,KCZ,HND,09:35,11:00,高知,羽田
2026-09-18,JAL3582,KCZ,FUK,10:25,11:25,高知,福岡
2026-09-18,JAL494,KCZ,HND,11:15,12:40,高知,羽田
2026-09-18,JAL4376,KCZ,NKM,15:55,16:55,高知,名古屋
2026-09-18,JAL496,KCZ,HND,16:15,17:45,高知,羽田
2026-09-18,JAL3588,KCZ,FUK,17:30,18:25,高知,福岡
2026-09-18,JAL498,KCZ,HND,19:00,20:25,高知,羽田
2026-09-18,JAL4378,KCZ,NKM,19:50,20:50,高知,名古屋
2026-09-18,JAL2240,KIJ,ITM,08:45,09:50,新潟,伊丹
2026-09-18,JAL4484,KIJ,CTS,11:45,13:00,新潟,新千歳
2026-09-18,JAL2244,KIJ,ITM,12:10,13:15,新潟,伊丹
2026-09-18,JAL4476,KIJ,FUK,12:30,14:20,新潟,福岡
2026-09-18,JAL2246,KIJ,ITM,16:00,17:05,新潟,伊丹
2026-09-18,JAL4486,KIJ,CTS,16:15,17:30,新潟,新千歳
2026-09-18,JAL4436,KIJ,NKM,18:45,19:45,新潟,名古屋
2026-09-18,JAL2250,KIJ,ITM,19:10,20:30,新潟,伊丹
2026-09-18,JAL220,KIX,HND,06:40,07:50,関西国際,羽田
2026-09-18,JTA121,KIX,MMY,07:40,09:55,関西国際,宮古
2026-09-18,JTA001,KIX,OKA,08:20,10:25,関西国際,那覇
2026-09-18,JAL2501,KIX,CTS,09:15,11:10,関西国際,新千歳
2026-09-18,JTA083,KIX,ISG,09:50,12:20,関西国際,新石垣
2026-09-18,JTA005,KIX,OKA,14:05,16:10,関西国際,那覇
2026-09-18,JAL224,KIX,HND,14:45,16:05,関西国際,羽田
2026-09-18,JAL2505,KIX,CTS,15:10,17:05,関西国際,新千歳
2026-09-18,JTA009,KIX,OKA,20:25,22:30,関西国際,那覇
2026-09-18,JAL228,KIX,HND,21:10,22:30,関西国際,羽田
2026-09-18,JAL374,KKJ,HND,10:35,12:10,北九州,羽田
2026-09-18,JAL376,KKJ,HND,15:55,17:40,北九州,羽田
2026-09-18,JAL378,KKJ,HND,20:45,22:20,北九州,羽田
2026-09-18,JAL3780,KKX,KOJ,09:20,10:25,喜界,鹿児島
2026-09-18,JAL3830,KKX,ASJ,10:15,10:35,喜界,奄美
2026-09-18,JAL3786,KKX,KOJ,15:15,16:20,喜界,鹿児島
2026-09-18,JAL3836,KKX,ASJ,16:30,16:50,喜界,奄美
2026-09-18,JAL688,KMI,HND,07:35,09:20,宮崎,羽田
2026-09-18,JAL2430,KMI,ITM,07:35,08:40,宮崎,伊丹
2026-09-18,JAL3624,KMI,FUK,08:30,09:20,宮崎,福岡
2026-09-18,JAL2432,KMI,ITM,08:45,09:50,宮崎,伊丹
2026-09-18,JAL690,KMI,HND,10:30,12:10,宮崎,羽田
2026-09-18,JAL3626,KMI,FUK,11:05,11:55,宮崎,福岡
2026-09-18,JAL692,KMI,HND,12:10,13:55,宮崎,羽田
2026-09-18,JAL2434,KMI,ITM,12:10,13:15,宮崎,伊丹
2026-09-18,JAL3628,KMI,FUK,13:00,13:55,宮崎,福岡
2026-09-18,JAL694,KMI,HND,14:00,15:45,宮崎,羽田
2026-09-18,JAL3630,KMI,FUK,14:00,14:55,宮崎,福岡
2026-09-18,JAL3634,KMI,FUK,15:50,16:40,宮崎,福岡
2026-09-18,JAL696,KMI,HND,16:50,18:35,宮崎,羽田
2026-09-18,JAL3636,KMI,FUK,16:50,17:45,宮崎,福岡
2026-09-18,JAL2440,KMI,ITM,18:05,19:20,宮崎,伊丹
2026-09-18,JAL698,KMI,HND,18:45,20:30,宮崎,羽田
2026-09-18,JAL2444,KMI,ITM,19:05,20:20,宮崎,伊丹
2026-09-18,JAL3642,KMI,FUK,20:35,21:30,宮崎,福岡
2026-09-18,JAL622,KMJ,HND,07:35,09:20,熊本,羽田
2026-09-18,JAL624,KMJ,HND,08:40,10:20,熊本,羽田
2026-09-18,JAL2382,KMJ,ITM,09:15,10:20,熊本,伊丹
2026-09-18,JAL4400,KMJ,NKM,09:45,11:05,熊本,名古屋
2026-09-18,JAL626,KMJ,HND,10:20,12:05,熊本,羽田
2026-09-18,JAL3880,KMJ,ITM,10:45,12:10,熊本,伊丹
2026-09-18,JAL2386,KMJ,ITM,12:00,13:05,熊本,伊丹
2026-09-18,JAL628,KMJ,HND,12:25,14:10,熊本,羽田
2026-09-18,JAL4534,KMJ,NGO,12:40,14:00,熊本,中部国際
2026-09-18,JAL630,KMJ,HND,13:50,15:35,熊本,羽田
2026-09-18,JAL3873,KMJ,AXJ,14:50,15:15,熊本,天草
2026-09-18,JAL632,KMJ,HND,15:20,17:10,熊本,羽田
2026-09-18,JAL2388,KMJ,ITM,15:30,16:35,熊本,伊丹
2026-09-18,JAL4536,KMJ,NGO,16:30,17:50,熊本,中部国際
2026-09-18,JAL634,KMJ,HND,17:20,19:05,熊本,羽田
2026-09-18,JAL2392,KMJ,ITM,19:00,20:20,熊本,伊丹
2026-09-18,JAL4408,KMJ,NKM,20:00,21:20,熊本,名古屋
2026-09-18,JAL638,KMJ,HND,20:05,21:45,熊本,羽田
2026-09-18,JAL182,KMQ,HND,07:35,08:50,小松,羽田
2026-09-18,JAL184,KMQ,HND,08:50,10:00,小松,羽田
2026-09-18,JAL186,KMQ,HND,11:15,12:25,小松,羽田
2026-09-18,JTA037,KMQ,OKA,14:05,16:25,小松,那覇
2026-09-18,JAL188,KMQ,HND,14:50,16:10,小松,羽田
2026-09-18,JAL190,KMQ,HND,18:40,19:55,小松,羽田
2026-09-18,JAL192,KMQ,HND,20:30,21:40,小松,羽田
2026-09-18,JAL3801,KOJ,OKE,07:20,08:45,鹿児島,沖永良部
2026-09-18,JAL640,KOJ,HND,07:30,09:15,鹿児島,羽田
2026-09-18,JAL2400,KOJ,ITM,07:35,08:45,鹿児島,伊丹
2026-09-18,JAL3783,KOJ,KKX,07:35,08:50,鹿児島,喜界
2026-09-18,JAL3721,KOJ,ASJ,07:40,08:55,鹿児島,奄美
2026-09-18,JAL3791,KOJ,TKN,07:50,09:10,鹿児島,徳之島
2026-09-18,JAL3761,KOJ,TNE,08:10,08:50,鹿児島,種子島
2026-09-18,JAL3741,KOJ,KUM,08:40,09:20,鹿児島,屋久島
2026-09-18,JAL642,KOJ,HND,08:50,10:35,鹿児島,羽田
2026-09-18,JAL2402,KOJ,ITM,08:50,10:00,鹿児島,伊丹
2026-09-18,JAL3793,KOJ,TKN,08:55,09:55,鹿児島,徳之島
2026-09-18,JAL3727,KOJ,ASJ,10:15,11:10,鹿児島,奄美
2026-09-18,JAL3743,KOJ,KUM,10:30,11:10,鹿児島,屋久島
2026-09-18,JAL644,KOJ,HND,10:55,12:40,鹿児島,羽田
2026-09-18,JAL2406,KOJ,ITM,11:00,12:10,鹿児島,伊丹
2026-09-18,JAL3763,KOJ,TNE,11:00,11:40,鹿児島,種子島
2026-09-18,JAL3825,KOJ,RNJ,11:10,12:45,鹿児島,与論
2026-09-18,JAL3729,KOJ,ASJ,11:55,12:50,鹿児島,奄美
2026-09-18,JAL3654,KOJ,FUK,12:05,13:05,鹿児島,福岡
2026-09-18,JAL646,KOJ,HND,12:50,14:35,鹿児島,羽田
2026-09-18,JAL2408,KOJ,ITM,12:50,14:00,鹿児島,伊丹
2026-09-18,JAL3795,KOJ,TKN,13:00,14:25,鹿児島,徳之島
2026-09-18,JAL3731,KOJ,ASJ,13:10,14:05,鹿児島,奄美
2026-09-18,JAL3745,KOJ,KUM,13:25,14:05,鹿児島,屋久島
2026-09-18,JAL3785,KOJ,KKX,13:30,14:45,鹿児島,喜界
2026-09-18,JAL648,KOJ,HND,14:35,16:30,鹿児島,羽田
2026-09-18,JAL2410,KOJ,ITM,14:45,15:55,鹿児島,伊丹
2026-09-18,JAL3809,KOJ,OKE,14:55,16:20,鹿児島,沖永良部
2026-09-18,JAL4306,KOJ,FSZ,15:00,16:30,鹿児島,静岡
2026-09-18,JAL3753,KOJ,KUM,15:25,16:05,鹿児島,屋久島
2026-09-18,JAL3797,KOJ,TKN,16:05,17:05,鹿児島,徳之島
2026-09-18,JAL650,KOJ,HND,16:45,18:35,鹿児島,羽田
2026-09-18,JAL3777,KOJ,TNE,16:50,17:30,鹿児島,種子島
2026-09-18,JAL3735,KOJ,ASJ,16:55,17:50,鹿児島,奄美
2026-09-18,JAL3737,KOJ,ASJ,17:15,18:30,鹿児島,奄美
2026-09-18,JAL3759,KOJ,KUM,17:50,18:30,鹿児島,屋久島
2026-09-18,JAL2412,KOJ,ITM,18:05,19:15,鹿児島,伊丹
2026-09-18,JAL3687,KOJ,MYJ,18:50,19:50,鹿児島,松山
2026-09-18,JAL652,KOJ,HND,19:05,20:50,鹿児島,羽田
2026-09-18,JAL2414,KOJ,ITM,19:10,20:30,鹿児島,伊丹
2026-09-18,JAL654,KOJ,HND,20:35,22:25,鹿児島,羽田
2026-09-18,RAC842,KTD,OKA,12:50,13:55,北大東,那覇
2026-09-18,JAL2762,KUH,OKD,09:15,10:05,釧路,丘珠
2026-09-18,JAL540,KUH,HND,10:00,11:45,釧路,羽田
2026-09-18,JAL542,KUH,HND,14:50,16:35,釧路,羽田
2026-09-18,JAL2766,KUH,OKD,15:25,16:15,釧路,丘珠
2026-09-18,JAL2768,KUH,OKD,18:00,18:50,釧路,丘珠
2026-09-18,JAL544,KUH,HND,19:50,21:35,釧路,羽田
2026-09-18,JAL3740,KUM,KOJ,09:55,10:30,屋久島,鹿児島
2026-09-18,JAL3744,KUM,KOJ,11:45,12:20,屋久島,鹿児島
2026-09-18,JAL3746,KUM,KOJ,13:40,14:15,屋久島,鹿児島
2026-09-18,JAL2450,KUM,ITM,14:35,16:15,屋久島,伊丹
2026-09-18,JAL3676,KUM,FUK,15:30,16:45,屋久島,福岡
2026-09-18,JAL3750,KUM,KOJ,16:35,17:10,屋久島,鹿児島
2026-09-18,JAL3756,KUM,KOJ,19:00,19:35,屋久島,鹿児島
2026-09-18,JAL2710,MMB,CTS,08:55,09:40,女満別,新千歳
2026-09-18,JAL562,MMB,HND,09:25,11:20,女満別,羽田
2026-09-18,JAL2722,MMB,OKD,10:20,11:10,女満別,丘珠
2026-09-18,JAL2714,MMB,CTS,13:55,14:45,女満別,新千歳
2026-09-18,JAL564,MMB,HND,15:00,16:55,女満別,羽田
2026-09-18,JAL2718,MMB,CTS,17:25,18:10,女満別,新千歳
2026-09-18,JAL2728,MMB,OKD,19:10,20:00,女満別,丘珠
2026-09-18,JAL566,MMB,HND,19:50,21:45,女満別,羽田
2026-09-18,RAC862,MMD,OKA,09:30,10:35,南大東,那覇
2026-09-18,RAC864,MMD,OKA,15:55,16:55,南大東,那覇
2026-09-18,JAL4362,MMJ,UKB,10:00,11:00,松本,神戸
2026-09-18,JAL4352,MMJ,CTS,11:35,13:15,松本,新千歳
2026-09-18,JAL4344,MMJ,FUK,13:10,14:50,松本,福岡
2026-09-18,JAL4372,MMJ,OKD,16:10,17:40,松本,丘珠
2026-09-18,JAL4348,MMJ,FUK,17:45,19:25,松本,福岡
2026-09-18,JTA552,MMY,OKA,08:50,09:45,宮古,那覇
2026-09-18,RAC891,MMY,TRA,09:20,09:45,宮古,多良間
2026-09-18,JTA556,MMY,OKA,10:40,11:35,宮古,那覇
2026-09-18,RAC831,MMY,ISG,11:30,12:00,宮古,新石垣
2026-09-18,JTA558,MMY,OKA,12:10,13:05,宮古,那覇
2026-09-18,JTA560,MMY,OKA,13:25,14:20,宮古,那覇
2026-09-18,JAL934,MMY,HND,14:25,17:15,宮古,羽田
2026-09-18,RAC897,MMY,TRA,15:50,16:15,宮古,多良間
2026-09-18,JTA562,MMY,OKA,16:05,17:00,宮古,那覇
2026-09-18,JTA564,MMY,OKA,16:55,17:50,宮古,那覇
2026-09-18,RAC839,MMY,ISG,17:45,18:15,宮古,新石垣
2026-09-18,JTA572,MMY,OKA,17:55,18:50,宮古,那覇
2026-09-18,JTA128,MMY,KIX,19:25,21:40,宮古,関西国際
2026-09-18,RAC804,MMY,OKA,20:00,20:55,宮古,那覇
2026-09-18,JAL152,MSJ,HND,10:00,11:25,三沢,羽田
2026-09-18,JAL2162,MSJ,ITM,11:20,13:00,三沢,伊丹
2026-09-18,JAL154,MSJ,HND,12:50,14:15,三沢,羽田
2026-09-18,JAL2816,MSJ,OKD,13:10,14:05,三沢,丘珠
2026-09-18,JAL156,MSJ,HND,16:50,18:15,三沢,羽田
2026-09-18,JAL2166,MSJ,ITM,17:45,19:25,三沢,伊丹
2026-09-18,JAL158,MSJ,HND,19:10,20:35,三沢,羽田
2026-09-18,JAL430,MYJ,HND,07:10,08:40,松山,羽田
2026-09-18,JAL3592,MYJ,FUK,08:25,09:15,松山,福岡
2026-09-18,JAL432,MYJ,HND,09:10,10:40,松山,羽田
2026-09-18,JAL2300,MYJ,ITM,10:45,11:35,松山,伊丹
2026-09-18,JAL434,MYJ,HND,11:25,12:55,松山,羽田
2026-09-18,JAL3596,MYJ,FUK,13:30,14:15,松山,福岡
2026-09-18,JAL436,MYJ,HND,14:20,15:55,松山,羽田
2026-09-18,JAL3602,MYJ,FUK,14:45,15:35,松山,福岡
2026-09-18,JAL438,MYJ,HND,17:35,19:10,松山,羽田
2026-09-18,JAL3608,MYJ,FUK,17:45,18:40,松山,福岡
2026-09-18,JAL440,MYJ,HND,19:00,20:35,松山,羽田
2026-09-18,JAL2310,MYJ,ITM,19:00,20:00,松山,伊丹
2026-09-18,JAL3686,MYJ,KOJ,20:20,21:20,松山,鹿児島
2026-09-18,JAL202,NGO,HND,07:40,08:40,中部国際,羽田
2026-09-18,JAL3101,NGO,CTS,08:05,09:50,中部国際,新千歳
2026-09-18,JAL3082,NGO,NRT,08:20,09:30,中部国際,成田
2026-09-18,JTA045,NGO,OKA,08:30,10:45,中部国際,那覇
2026-09-18,JAL4535,NGO,KMJ,10:45,12:10,中部国際,熊本
2026-09-18,JAL3107,NGO,CTS,12:40,14:20,中部国際,新千歳
2026-09-18,JAL3084,NGO,NRT,14:35,15:50,中部国際,成田
2026-09-18,JAL4537,NGO,KMJ,14:35,16:00,中部国際,熊本
2026-09-18,JTA047,NGO,OKA,14:55,17:10,中部国際,那覇
2026-09-18,JAL3117,NGO,CTS,17:30,19:10,中部国際,新千歳
2026-09-18,JAL4517,NGO,KCZ,18:20,19:20,中部国際,高知
2026-09-18,JTA049,NGO,OKA,18:50,21:00,中部国際,那覇
2026-09-18,JAL208,NGO,HND,20:55,22:00,中部国際,羽田
2026-09-18,JAL606,NGS,HND,07:25,09:10,長崎,羽田
2026-09-18,JAL4051,NGS,TSJ,07:30,08:05,長崎,対馬
2026-09-18,JAL2372,NGS,ITM,08:50,10:00,長崎,伊丹
2026-09-18,JAL4041,NGS,IKI,08:55,09:25,長崎,壱岐
2026-09-18,JAL4073,NGS,FUJ,09:50,10:20,長崎,五島福江
2026-09-18,JAL608,NGS,HND,10:00,11:45,長崎,羽田
2026-09-18,JAL4053,NGS,TSJ,11:00,11:35,長崎,対馬
2026-09-18,JAL610,NGS,HND,12:35,14:25,長崎,羽田
2026-09-18,JAL2374,NGS,ITM,13:00,14:10,長崎,伊丹
2026-09-18,JAL4075,NGS,FUJ,13:20,13:50,長崎,五島福江
2026-09-18,JAL2376,NGS,ITM,14:45,15:55,長崎,伊丹
2026-09-18,JAL4077,NGS,FUJ,14:45,15:15,長崎,五島福江
2026-09-18,JAL612,NGS,HND,15:05,17:00,長崎,羽田
2026-09-18,JAL614,NGS,HND,16:05,18:00,長崎,羽田
2026-09-18,JAL4043,NGS,IKI,16:50,17:20,長崎,壱岐
2026-09-18,JAL4061,NGS,TSJ,19:00,19:35,長崎,対馬
2026-09-18,JAL2378,NGS,ITM,19:10,20:25,長崎,伊丹
2026-09-18,JAL616,NGS,HND,20:25,22:10,長崎,羽田
2026-09-18,JAL4381,NKM,FUK,07:00,08:25,名古屋,福岡
2026-09-18,JAL4461,NKM,IZO,07:15,08:15,名古屋,出雲
2026-09-18,JAL4451,NKM,OKD,07:20,09:00,名古屋,丘珠
2026-09-18,JAL4411,NKM,HNA,07:30,08:40,名古屋,花巻
2026-09-18,JAL4377,NKM,KCZ,07:45,08:45,名古屋,高知
2026-09-18,JAL4401,NKM,KMJ,07:50,09:15,名古屋,熊本
2026-09-18,JAL4383,NKM,FUK,08:00,09:25,名古屋,福岡
2026-09-18,JAL4421,NKM,AOJ,08:25,09:45,名古屋,青森
2026-09-18,JAL4441,NKM,GAJ,09:05,10:10,名古屋,山形
2026-09-18,JAL4433,NKM,KIJ,10:20,11:15,名古屋,新潟
2026-09-18,JAL4385,NKM,FUK,10:55,12:20,名古屋,福岡
2026-09-18,JAL4463,NKM,IZO,11:00,12:00,名古屋,出雲
2026-09-18,JAL4423,NKM,AOJ,11:35,12:55,名古屋,青森
2026-09-18,JAL4413,NKM,HNA,12:15,13:25,名古屋,花巻
2026-09-18,JAL4443,NKM,GAJ,12:20,13:25,名古屋,山形
2026-09-18,JAL4455,NKM,OKD,13:30,15:10,名古屋,丘珠
2026-09-18,JAL4379,NKM,KCZ,14:10,15:10,名古屋,高知
2026-09-18,JAL4417,NKM,HNA,16:00,17:10,名古屋,花巻
2026-09-18,JAL4457,NKM,OKD,16:50,18:30,名古屋,丘珠
2026-09-18,JAL4467,NKM,IZO,17:05,18:05,名古屋,出雲
2026-09-18,JAL4427,NKM,AOJ,18:00,19:20,名古屋,青森
2026-09-18,JAL4409,NKM,KMJ,18:05,19:30,名古屋,熊本
2026-09-18,JAL4393,NKM,FUK,19:35,21:00,名古屋,福岡
2026-09-18,JAL3083,NRT,NGO,10:30,11:40,成田,中部国際
2026-09-18,JAL3009,NRT,ITM,18:25,19:50,成田,伊丹
2026-09-18,JAL3087,NRT,NGO,18:55,20:10,成田,中部国際
2026-09-18,JAL570,OBO,HND,09:55,11:40,帯広,羽田
2026-09-18,JAL572,OBO,HND,13:10,14:55,帯広,羽田
2026-09-18,JAL574,OBO,HND,16:15,18:00,帯広,羽田
2026-09-18,JAL576,OBO,HND,20:00,21:40,帯広,羽田
2026-09-18,RAC742,OGN,ISG,08:55,09:25,与那国,新石垣
2026-09-18,RAC724,OGN,OKA,11:15,12:35,与那国,那覇
2026-09-18,RAC744,OGN,ISG,13:35,14:05,与那国,新石垣
2026-09-18,RAC746,OGN,ISG,16:50,17:20,与那国,新石垣
2026-09-18,RAC728,OGN,OKA,18:50,20:10,与那国,那覇
2026-09-18,JAL2796,OIR,OKD,12:45,13:35,奥尻,丘珠
2026-09-18,JAL662,OIT,HND,07:35,09:10,大分,羽田
2026-09-18,JAL2362,OIT,ITM,08:45,09:40,大分,伊丹
2026-09-18,JAL664,OIT,HND,10:25,11:55,大分,羽田
2026-09-18,JAL2364,OIT,ITM,11:35,12:35,大分,伊丹
2026-09-18,JAL668,OIT,HND,11:50,13:30,大分,羽田
2026-09-18,JAL670,OIT,HND,14:25,16:05,大分,羽田
2026-09-18,JAL672,OIT,HND,17:20,19:00,大分,羽田
2026-09-18,JAL674,OIT,HND,19:05,20:40,大分,羽田
2026-09-18,JAL2366,OIT,ITM,19:10,20:15,大分,伊丹
2026-09-18,JTA002,OKA,KIX,07:10,09:05,那覇,関西国際
2026-09-18,JTA050,OKA,FUK,07:10,08:50,那覇,福岡
2026-09-18,JTA551,OKA,MMY,07:15,08:10,那覇,宮古
2026-09-18,JTA601,OKA,ISG,07:15,08:15,那覇,新石垣
2026-09-18,RAC721,OKA,OGN,07:15,08:25,那覇,与那国
2026-09-18,JAL900,OKA,HND,07:25,09:50,那覇,羽田
2026-09-18,RAC871,OKA,UEO,07:45,08:15,那覇,久米島
2026-09-18,RAC861,OKA,MMD,08:00,09:00,那覇,南大東
2026-09-18,RAC801,OKA,MMY,08:00,08:50,那覇,宮古
2026-09-18,JTA605,OKA,ISG,09:35,10:30,那覇,新石垣
2026-09-18,JAL902,OKA,HND,09:55,12:25,那覇,羽田
2026-09-18,RAC873,OKA,UEO,09:55,10:25,那覇,久米島
2026-09-18,JTA052,OKA,FUK,10:25,12:10,那覇,福岡
2026-09-18,JTA557,OKA,MMY,10:40,11:30,那覇,宮古
2026-09-18,JAL904,OKA,HND,10:50,13:25,那覇,羽田
2026-09-18,JTA036,OKA,KMQ,11:10,13:25,那覇,小松
2026-09-18,JTA004,OKA,KIX,11:10,13:10,那覇,関西国際
2026-09-18,RAC841,OKA,KTD,11:20,12:20,那覇,北大東
2026-09-18,JAL906,OKA,HND,11:40,14:15,那覇,羽田
2026-09-18,JTA042,OKA,NGO,11:55,14:05,那覇,中部国際
2026-09-18,JAL2084,OKA,ITM,11:55,13:55,那覇,伊丹
2026-09-18,JTA559,OKA,MMY,11:55,12:45,那覇,宮古
2026-09-18,JAL908,OKA,HND,12:15,14:50,那覇,羽田
2026-09-18,JTA609,OKA,ISG,12:15,13:15,那覇,新石垣
2026-09-18,RAC877,OKA,UEO,12:20,12:50,那覇,久米島
2026-09-18,JAL910,OKA,HND,13:15,15:50,那覇,羽田
2026-09-18,RAC815,OKA,RNJ,13:15,13:55,那覇,与論
2026-09-18,JTA054,OKA,FUK,13:20,15:05,那覇,福岡
2026-09-18,JTA211,OKA,UEO,13:45,14:20,那覇,久米島
2026-09-18,JAL3867,OKA,ASJ,13:55,14:55,那覇,奄美
2026-09-18,JAL912,OKA,HND,14:00,16:35,那覇,羽田
2026-09-18,RAC863,OKA,MMD,14:25,15:25,那覇,南大東
2026-09-18,JTA563,OKA,MMY,14:30,15:25,那覇,宮古
2026-09-18,JAL3715,OKA,OKE,14:35,15:25,那覇,沖永良部
2026-09-18,JTA617,OKA,ISG,14:45,15:45,那覇,新石垣
2026-09-18,JAL988,OKA,HND,14:55,17:35,那覇,羽田
2026-09-18,RAC727,OKA,OGN,14:55,16:10,那覇,与那国
2026-09-18,JTA058,OKA,FUK,15:00,16:45,那覇,福岡
2026-09-18,JTA565,OKA,MMY,15:25,16:15,那覇,宮古
2026-09-18,JAL914,OKA,HND,15:40,18:15,那覇,羽田
2026-09-18,RAC879,OKA,UEO,15:40,16:15,那覇,久米島
2026-09-18,JTA044,OKA,NGO,15:45,17:55,那覇,中部国際
2026-09-18,JTA571,OKA,MMY,16:25,17:15,那覇,宮古
2026-09-18,JTA621,OKA,ISG,17:00,18:00,那覇,新石垣
2026-09-18,RAC881,OKA,UEO,17:25,17:55,那覇,久米島
2026-09-18,JTA008,OKA,KIX,17:40,19:40,那覇,関西国際
2026-09-18,JAL916,OKA,HND,17:45,20:15,那覇,羽田
2026-09-18,JAL2088,OKA,ITM,17:55,19:55,那覇,伊丹
2026-09-18,JTA573,OKA,MMY,17:55,18:45,那覇,宮古
2026-09-18,RAC883,OKA,UEO,18:10,18:40,那覇,久米島
2026-09-18,JTA625,OKA,ISG,18:10,19:10,那覇,新石垣
2026-09-18,JTA016,OKA,OKJ,18:30,20:20,那覇,岡山
2026-09-18,JTA060,OKA,FUK,18:30,20:10,那覇,福岡
2026-09-18,JAL918,OKA,HND,18:50,21:20,那覇,羽田
2026-09-18,JAL920,OKA,HND,19:30,22:00,那覇,羽田
2026-09-18,JTA062,OKA,FUK,19:40,21:25,那覇,福岡
2026-09-18,JTA046,OKA,NGO,19:45,21:55,那覇,中部国際
2026-09-18,JAL998,OKA,HND,20:00,22:30,那覇,羽田
2026-09-18,JAL922,OKA,HND,20:30,23:00,那覇,羽田
2026-09-18,JAL2741,OKD,HKD,07:35,08:15,丘珠,函館
2026-09-18,JAL2783,OKD,RIS,07:50,08:45,丘珠,利尻
2026-09-18,JAL2761,OKD,KUH,08:00,08:45,丘珠,釧路
2026-09-18,JAL2721,OKD,MMB,09:05,09:50,丘珠,女満別
2026-09-18,JAL4371,OKD,MMJ,09:30,11:05,丘珠,松本
2026-09-18,JAL2731,OKD,SHB,09:55,10:45,丘珠,根室中標津
2026-09-18,JAL2823,OKD,AXT,10:45,11:55,丘珠,秋田
2026-09-18,JAL4452,OKD,NKM,11:10,12:55,丘珠,名古屋
2026-09-18,JAL2795,OKD,OIR,11:25,12:15,丘珠,奥尻
2026-09-18,JAL2815,OKD,MSJ,11:40,12:40,丘珠,三沢
2026-09-18,JAL2749,OKD,HKD,12:45,13:25,丘珠,函館
2026-09-18,JAL2765,OKD,KUH,14:10,14:55,丘珠,釧路
2026-09-18,JAL2751,OKD,HKD,14:45,15:25,丘珠,函館
2026-09-18,JAL2787,OKD,RIS,15:00,15:55,丘珠,利尻
2026-09-18,JAL2737,OKD,SHB,15:10,16:00,丘珠,根室中標津
2026-09-18,JAL4456,OKD,NKM,15:40,17:25,丘珠,名古屋
2026-09-18,JAL2767,OKD,KUH,16:45,17:30,丘珠,釧路
2026-09-18,JAL2825,OKD,AXT,17:05,18:15,丘珠,秋田
2026-09-18,JAL2727,OKD,MMB,17:55,18:40,丘珠,女満別
2026-09-18,JAL2755,OKD,HKD,18:05,18:45,丘珠,函館
2026-09-18,JAL4332,OKD,FSZ,18:15,20:05,丘珠,静岡
2026-09-18,JAL4458,OKD,NKM,19:00,20:45,丘珠,名古屋
2026-09-18,JAL2759,OKD,HKD,19:20,20:00,丘珠,函館
2026-09-18,JAL3800,OKE,KOJ,09:15,10:35,沖永良部,鹿児島
2026-09-18,JAL3716,OKE,OKA,12:55,13:45,沖永良部,那覇
2026-09-18,JAL3710,OKE,TKN,15:55,16:20,沖永良部,徳之島
2026-09-18,JAL3808,OKE,KOJ,16:50,18:10,沖永良部,鹿児島
2026-09-18,JAL3434,OKI,IZO,10:00,10:30,隠岐,出雲
2026-09-18,JAL2332,OKI,ITM,15:05,15:50,隠岐,伊丹
2026-09-18,JAL232,OKJ,HND,07:05,08:25,岡山,羽田
2026-09-18,JTA013,OKJ,OKA,08:30,10:30,岡山,那覇
2026-09-18,JAL234,OKJ,HND,10:15,11:30,岡山,羽田
2026-09-18,JAL236,OKJ,HND,12:20,13:40,岡山,羽田
2026-09-18,JAL240,OKJ,HND,17:30,18:55,岡山,羽田
2026-09-18,JAL242,OKJ,HND,19:25,20:40,岡山,羽田
2026-09-18,JAL2784,RIS,OKD,09:15,10:05,利尻,丘珠
2026-09-18,JAL2788,RIS,OKD,16:25,17:15,利尻,丘珠
2026-09-18,JAL3866,RNJ,OKA,12:30,13:15,与論,那覇
2026-09-18,JAL3826,RNJ,KOJ,13:15,14:45,与論,鹿児島
2026-09-18,RAC816,RNJ,OKA,14:25,15:00,与論,那覇
2026-09-18,JAL2200,SDJ,ITM,07:35,08:55,仙台,伊丹
2026-09-18,JAL2901,SDJ,CTS,07:50,09:00,仙台,新千歳
2026-09-18,JAL2903,SDJ,CTS,09:10,10:25,仙台,新千歳
2026-09-18,JAL2202,SDJ,ITM,09:15,10:30,仙台,伊丹
2026-09-18,JAL4528,SDJ,FUK,11:15,13:20,仙台,福岡
2026-09-18,JAL2204,SDJ,ITM,11:20,12:35,仙台,伊丹
2026-09-18,JAL2206,SDJ,ITM,12:40,13:55,仙台,伊丹
2026-09-18,JAL2905,SDJ,CTS,12:45,13:55,仙台,新千歳
2026-09-18,JAL2210,SDJ,ITM,15:35,16:50,仙台,伊丹
2026-09-18,JAL2212,SDJ,ITM,16:10,17:25,仙台,伊丹
2026-09-18,JAL2907,SDJ,CTS,17:15,18:25,仙台,新千歳
2026-09-18,JAL4530,SDJ,FUK,17:45,19:50,仙台,福岡
2026-09-18,JAL2216,SDJ,ITM,19:00,20:25,仙台,伊丹
2026-09-18,JAL2909,SDJ,CTS,20:30,21:40,仙台,新千歳
2026-09-18,JAL2732,SHB,OKD,11:15,12:10,根室中標津,丘珠
2026-09-18,JAL2738,SHB,OKD,16:30,17:25,根室中標津,丘珠
2026-09-18,SKY542,SHI,OKA,11:50,12:40,下地島,那覇
2026-09-18,SKY546,SHI,OKA,13:50,14:40,下地島,那覇
2026-09-18,SKY164,SHI,UKB,15:25,17:35,下地島,神戸
2026-09-18,SKY564,SHI,FUK,16:00,18:00,下地島,福岡
2026-09-18,SKY618,SHI,HND,17:10,19:50,下地島,羽田
2026-09-18,JAL212,SHM,HND,09:30,10:40,南紀白浜,羽田
2026-09-18,JAL214,SHM,HND,13:45,15:00,南紀白浜,羽田
2026-09-18,JAL218,SHM,HND,18:25,19:40,南紀白浜,羽田
2026-09-18,JAL474,TAK,HND,07:05,08:25,高松,羽田
2026-09-18,JAL476,TAK,HND,09:45,11:00,高松,羽田
2026-09-18,JAL478,TAK,HND,11:45,13:05,高松,羽田
2026-09-18,JAL480,TAK,HND,13:10,14:30,高松,羽田
2026-09-18,JAL482,TAK,HND,15:15,16:40,高松,羽田
2026-09-18,JAL484,TAK,HND,17:20,18:45,高松,羽田
2026-09-18,JAL486,TAK,HND,20:40,21:55,高松,羽田
2026-09-18,JAL2324,TJH,ITM,10:10,10:45,但馬,伊丹
2026-09-18,JAL2326,TJH,ITM,18:00,18:40,但馬,伊丹
2026-09-18,JAL3842,TKN,ASJ,09:40,10:10,徳之島,奄美
2026-09-18,JAL3792,TKN,KOJ,10:25,11:20,徳之島,鹿児島
2026-09-18,JAL3711,TKN,OKE,12:00,12:25,徳之島,沖永良部
2026-09-18,JAL3794,TKN,KOJ,14:55,16:15,徳之島,鹿児島
2026-09-18,JAL3844,TKN,ASJ,16:50,17:20,徳之島,奄美
2026-09-18,JAL3796,TKN,KOJ,17:40,18:35,徳之島,鹿児島
2026-09-18,JAL3798,TKN,KOJ,19:00,20:15,徳之島,鹿児島
2026-09-18,JAL452,TKS,HND,07:05,08:20,徳島,羽田
2026-09-18,JAL454,TKS,HND,08:55,10:15,徳島,羽田
2026-09-18,JAL3564,TKS,FUK,11:30,12:35,徳島,福岡
2026-09-18,JAL456,TKS,HND,12:20,13:40,徳島,羽田
2026-09-18,JAL460,TKS,HND,14:45,16:10,徳島,羽田
2026-09-18,JAL462,TKS,HND,17:40,19:05,徳島,羽田
2026-09-18,JAL3568,TKS,FUK,20:05,21:10,徳島,福岡
2026-09-18,JAL464,TKS,HND,20:35,21:55,徳島,羽田
2026-09-18,JAL3760,TNE,KOJ,09:20,09:55,種子島,鹿児島
2026-09-18,JAL3764,TNE,KOJ,12:10,12:45,種子島,鹿児島
2026-09-18,JAL3772,TNE,KOJ,18:00,18:35,種子島,鹿児島
2026-09-18,RAC892,TRA,MMY,10:20,10:45,多良間,宮古
2026-09-18,RAC898,TRA,MMY,16:50,17:15,多良間,宮古
2026-09-18,JAL4052,TSJ,NGS,08:35,09:15,対馬,長崎
2026-09-18,JAL4080,TSJ,FUK,08:50,09:25,対馬,福岡
2026-09-18,JAL4082,TSJ,FUK,11:00,11:35,対馬,福岡
2026-09-18,JAL4054,TSJ,NGS,12:05,12:45,対馬,長崎
2026-09-18,JAL4062,TSJ,NGS,20:05,20:45,対馬,長崎
2026-09-18,JAL290,UBJ,HND,07:40,09:20,山口宇部,羽田
2026-09-18,JAL292,UBJ,HND,10:20,12:00,山口宇部,羽田
2026-09-18,JAL294,UBJ,HND,15:00,16:45,山口宇部,羽田
2026-09-18,JAL296,UBJ,HND,19:00,20:40,山口宇部,羽田
2026-09-18,RAC872,UEO,OKA,08:45,09:20,久米島,那覇
2026-09-18,RAC874,UEO,OKA,10:55,11:30,久米島,那覇
2026-09-18,RAC878,UEO,OKA,13:20,13:55,久米島,那覇
2026-09-18,JTA212,UEO,OKA,15:00,15:40,久米島,那覇
2026-09-18,RAC880,UEO,OKA,16:45,17:20,久米島,那覇
2026-09-18,RAC882,UEO,OKA,18:25,19:00,久米島,那覇
2026-09-18,RAC884,UEO,OKA,19:10,19:45,久米島,那覇
2026-09-18,JAL4363,UKB,MMJ,11:40,12:40,神戸,松本
2026-09-19,JAL552,AKJ,HND,09:50,11:35,旭川,羽田
2026-09-19,JAL554,AKJ,HND,13:40,15:25,旭川,羽田
2026-09-19,JAL556,AKJ,HND,16:25,18:15,旭川,羽田
2026-09-19,JAL558,AKJ,HND,19:55,21:40,旭川,羽田
2026-09-19,JAL140,AOJ,HND,07:35,08:55,青森,羽田
2026-09-19,JAL142,AOJ,HND,08:35,09:55,青森,羽田
2026-09-19,JAL2150,AOJ,ITM,09:50,11:20,青森,伊丹
2026-09-19,JAL4422,AOJ,NKM,10:15,11:40,青森,名古屋
2026-09-19,JAL2804,AOJ,CTS,11:00,11:45,青森,新千歳
2026-09-19,JAL144,AOJ,HND,12:00,13:20,青森,羽田
2026-09-19,JAL4424,AOJ,NKM,13:25,14:50,青森,名古屋
2026-09-19,JAL2154,AOJ,ITM,14:00,15:30,青森,伊丹
2026-09-19,JAL2806,AOJ,CTS,15:00,15:45,青森,新千歳
2026-09-19,JAL146,AOJ,HND,15:20,16:40,青森,羽田
2026-09-19,JAL148,AOJ,HND,17:55,19:15,青森,羽田
2026-09-19,JAL2158,AOJ,ITM,18:45,20:30,青森,伊丹
2026-09-19,JAL4428,AOJ,NKM,19:50,21:15,青森,名古屋
2026-09-19,JAL2810,AOJ,CTS,20:15,21:00,青森,新千歳
2026-09-19,JAL150,AOJ,HND,20:45,22:05,青森,羽田
2026-09-19,JAL3722,ASJ,KOJ,08:45,09:35,奄美,鹿児島
2026-09-19,JAL3831,ASJ,KKX,09:25,09:45,奄美,喜界
2026-09-19,JAL3841,ASJ,TKN,10:55,11:25,奄美,徳之島
2026-09-19,JAL3861,ASJ,RNJ,11:15,12:00,奄美,与論
2026-09-19,JAL3726,ASJ,KOJ,11:45,12:35,奄美,鹿児島
2026-09-19,JAL2464,ASJ,ITM,12:05,13:35,奄美,伊丹
2026-09-19,JAL3728,ASJ,KOJ,13:20,14:15,奄美,鹿児島
2026-09-19,JAL658,ASJ,HND,14:20,16:30,奄美,羽田
2026-09-19,JAL3730,ASJ,KOJ,14:35,15:30,奄美,鹿児島
2026-09-19,JAL3837,ASJ,KKX,15:40,16:00,奄美,喜界
2026-09-19,JAL3734,ASJ,KOJ,17:25,18:30,奄美,鹿児島
2026-09-19,JAL3843,ASJ,TKN,18:00,18:30,奄美,徳之島
2026-09-19,JAL3684,ASJ,FUK,18:20,19:40,奄美,福岡
2026-09-19,JAL3738,ASJ,KOJ,19:00,20:05,奄美,鹿児島
2026-09-19,JAL3890,AXJ,FUK,07:40,08:20,天草,福岡
2026-09-19,JAL3872,AXJ,KMJ,09:55,10:15,天草,熊本
2026-09-19,JAL3894,AXJ,FUK,15:45,16:25,天草,福岡
2026-09-19,JAL3898,AXJ,FUK,18:00,18:40,天草,福岡
2026-09-19,JAL162,AXT,HND,08:45,09:55,秋田,羽田
2026-09-19,JAL2172,AXT,ITM,09:45,11:10,秋田,伊丹
2026-09-19,JAL164,AXT,HND,12:10,13:20,秋田,羽田
2026-09-19,JAL2824,AXT,OKD,12:25,13:30,秋田,丘珠
2026-09-19,JAL2174,AXT,ITM,14:10,15:35,秋田,伊丹
2026-09-19,JAL166,AXT,HND,17:00,18:10,秋田,羽田
2026-09-19,JAL2176,AXT,ITM,18:15,19:40,秋田,伊丹
2026-09-19,JAL2826,AXT,OKD,18:45,19:50,秋田,丘珠
2026-09-19,JAL168,AXT,HND,20:50,22:00,秋田,羽田
2026-09-19,JAL2900,CTS,SDJ,07:35,08:40,新千歳,仙台
2026-09-19,JAL590,CTS,HND,07:35,09:10,新千歳,羽田
2026-09-19,JAL2713,CTS,MMB,07:40,08:25,新千歳,女満別
2026-09-19,JAL500,CTS,HND,07:40,09:20,新千歳,羽田
2026-09-19,JAL502,CTS,HND,08:50,10:25,新千歳,羽田
2026-09-19,JAL2000,CTS,ITM,09:00,10:50,新千歳,伊丹
2026-09-19,JAL2803,CTS,AOJ,09:40,10:25,新千歳,青森
2026-09-19,JAL504,CTS,HND,09:45,11:25,新千歳,羽田
2026-09-19,JAL3106,CTS,NGO,10:10,11:55,新千歳,中部国際
2026-09-19,JAL2831,CTS,HNA,10:15,11:10,新千歳,花巻
2026-09-19,JAL3510,CTS,FUK,10:30,12:55,新千歳,福岡
2026-09-19,JAL4483,CTS,KIJ,10:40,12:00,新千歳,新潟
2026-09-19,JAL506,CTS,HND,10:50,12:30,新千歳,羽田
2026-09-19,JAL2902,CTS,SDJ,11:00,12:10,新千歳,仙台
2026-09-19,JAL508,CTS,HND,11:25,13:05,新千歳,羽田
2026-09-19,JAL2504,CTS,KIX,11:50,14:05,新千歳,関西国際
2026-09-19,JAL2004,CTS,ITM,12:05,14:00,新千歳,伊丹
2026-09-19,JAL2715,CTS,MMB,12:30,13:15,新千歳,女満別
2026-09-19,JAL510,CTS,HND,12:45,14:30,新千歳,羽田
2026-09-19,JAL3512,CTS,FUK,13:30,15:55,新千歳,福岡
2026-09-19,JAL4324,CTS,FSZ,13:35,15:30,新千歳,静岡
2026-09-19,JAL2805,CTS,AOJ,13:40,14:25,新千歳,青森
2026-09-19,JAL512,CTS,HND,14:00,15:40,新千歳,羽田
2026-09-19,JAL4485,CTS,KIJ,14:05,15:25,新千歳,新潟
2026-09-19,JAL4491,CTS,GAJ,14:35,15:50,新千歳,山形
2026-09-19,JAL2904,CTS,SDJ,14:35,15:40,新千歳,仙台
2026-09-19,JAL3406,CTS,HIJ,15:00,17:05,新千歳,広島
2026-09-19,JAL3114,CTS,NGO,15:05,16:50,新千歳,中部国際
2026-09-19,JAL2008,CTS,ITM,15:05,17:00,新千歳,伊丹
2026-09-19,JAL514,CTS,HND,15:10,16:55,新千歳,羽田
2026-09-19,JAL4353,CTS,MMJ,15:40,17:15,新千歳,松本
2026-09-19,JAL2010,CTS,ITM,15:55,17:45,新千歳,伊丹
2026-09-19,JAL516,CTS,HND,16:05,17:45,新千歳,羽田
2026-09-19,JAL2719,CTS,MMB,16:10,16:50,新千歳,女満別
2026-09-19,JAL2839,CTS,HNA,16:30,17:25,新千歳,花巻
2026-09-19,JAL518,CTS,HND,17:00,18:45,新千歳,羽田
2026-09-19,JAL520,CTS,HND,17:15,18:55,新千歳,羽田
2026-09-19,JAL2016,CTS,ITM,17:45,19:40,新千歳,伊丹
2026-09-19,JAL2506,CTS,KIX,17:55,20:10,新千歳,関西国際
2026-09-19,JAL522,CTS,HND,18:00,19:45,新千歳,羽田
2026-09-19,JAL4472,CTS,FUK,18:05,20:55,新千歳,福岡
2026-09-19,JAL2809,CTS,AOJ,18:45,19:30,新千歳,青森
2026-09-19,JAL2906,CTS,SDJ,18:55,20:00,新千歳,仙台
2026-09-19,JAL524,CTS,HND,19:15,20:55,新千歳,羽田
2026-09-19,JAL2910,CTS,SDJ,19:45,20:50,新千歳,仙台
2026-09-19,JAL3118,CTS,NGO,19:55,21:40,新千歳,中部国際
2026-09-19,JAL526,CTS,HND,20:15,21:55,新千歳,羽田
2026-09-19,JAL528,CTS,HND,21:10,22:55,新千歳,羽田
2026-09-19,JAL530,CTS,HND,21:20,23:05,新千歳,羽田
2026-09-19,JAL4312,FSZ,FUK,08:10,09:50,静岡,福岡
2026-09-19,JAL4331,FSZ,OKD,08:55,10:40,静岡,丘珠
2026-09-19,JAL4323,FSZ,CTS,12:10,14:00,静岡,新千歳
2026-09-19,JAL4305,FSZ,KOJ,12:40,14:15,静岡,鹿児島
2026-09-19,JAL4314,FSZ,FUK,16:15,18:00,静岡,福岡
2026-09-19,JAL4316,FSZ,FUK,17:00,18:45,静岡,福岡
2026-09-19,JAL4094,FUJ,FUK,10:50,11:35,五島福江,福岡
2026-09-19,JAL4074,FUJ,NGS,13:40,14:10,五島福江,長崎
2026-09-19,JAL4098,FUJ,FUK,14:20,15:05,五島福江,福岡
2026-09-19,JAL4076,FUJ,NGS,15:45,16:15,五島福江,長崎
2026-09-19,JAL4078,FUJ,NGS,17:00,17:30,五島福江,長崎
2026-09-19,JAL4096,FUJ,FUK,17:55,18:40,五島福江,福岡
2026-09-19,JAL300,FUK,HND,07:00,08:45,福岡,羽田
2026-09-19,JAL3681,FUK,ASJ,07:05,08:15,福岡,奄美
2026-09-19,JAL3591,FUK,MYJ,07:10,07:55,福岡,松山
2026-09-19,JAL3551,FUK,IZO,07:15,08:25,福岡,出雲
2026-09-19,JAL3623,FUK,KMI,07:15,08:00,福岡,宮崎
2026-09-19,JTA051,FUK,OKA,07:15,08:50,福岡,那覇
2026-09-19,JAL302,FUK,HND,07:20,09:05,福岡,羽田
2026-09-19,JAL4471,FUK,CTS,07:45,10:05,福岡,新千歳
2026-09-19,JAL4079,FUK,TSJ,07:45,08:20,福岡,対馬
2026-09-19,JAL2050,FUK,ITM,07:50,08:55,福岡,伊丹
2026-09-19,JAL4341,FUK,MMJ,08:00,09:30,福岡,松本
2026-09-19,JAL304,FUK,HND,08:05,09:50,福岡,羽田
2026-09-19,JAL3891,FUK,AXJ,08:50,09:25,福岡,天草
2026-09-19,JAL4529,FUK,SDJ,08:55,10:45,福岡,仙台
2026-09-19,JAL3581,FUK,KCZ,09:00,09:55,福岡,高知
2026-09-19,JAL306,FUK,HND,09:10,10:55,福岡,羽田
2026-09-19,JAL4382,FUK,NKM,09:10,10:30,福岡,名古屋
2026-09-19,JTA053,FUK,OKA,09:30,11:15,福岡,那覇
2026-09-19,JAL3625,FUK,KMI,09:45,10:35,福岡,宮崎
2026-09-19,JAL3563,FUK,TKS,09:55,10:55,福岡,徳島
2026-09-19,JAL4313,FUK,FSZ,09:55,11:25,福岡,静岡
2026-09-19,JAL4081,FUK,TSJ,09:55,10:30,福岡,対馬
2026-09-19,JAL308,FUK,HND,10:00,11:45,福岡,羽田
2026-09-19,JAL4315,FUK,FSZ,10:25,11:55,福岡,静岡
2026-09-19,JTA2063,FUK,OKA,10:55,12:40,福岡,那覇
2026-09-19,JAL310,FUK,HND,11:00,12:50,福岡,羽田
2026-09-19,JAL3627,FUK,KMI,11:40,12:30,福岡,宮崎
2026-09-19,JAL3513,FUK,CTS,11:50,14:10,福岡,新千歳
2026-09-19,JAL312,FUK,HND,11:55,13:40,福岡,羽田
2026-09-19,JAL3595,FUK,MYJ,11:55,12:40,福岡,松山
2026-09-19,JAL4095,FUK,FUJ,12:10,13:00,福岡,五島福江
2026-09-19,JAL3629,FUK,KMI,12:40,13:25,福岡,宮崎
2026-09-19,JAL314,FUK,HND,12:50,14:40,福岡,羽田
2026-09-19,JAL3653,FUK,KOJ,12:50,13:40,福岡,鹿児島
2026-09-19,JAL4525,FUK,HNA,12:55,14:50,福岡,花巻
2026-09-19,JTA057,FUK,OKA,12:55,14:40,福岡,那覇
2026-09-19,JAL3601,FUK,MYJ,13:30,14:15,福岡,松山
2026-09-19,JAL3673,FUK,KUM,13:50,15:00,福岡,屋久島
2026-09-19,JAL4345,FUK,MMJ,13:55,15:25,福岡,松本
2026-09-19,JAL316,FUK,HND,14:00,15:50,福岡,羽田
2026-09-19,JAL3515,FUK,CTS,14:15,16:30,福岡,新千歳
2026-09-19,JAL318,FUK,HND,14:30,16:25,福岡,羽田
2026-09-19,JAL3633,FUK,KMI,14:30,15:20,福岡,宮崎
2026-09-19,JAL4390,FUK,NKM,14:55,16:15,福岡,名古屋
2026-09-19,JAL2056,FUK,ITM,15:00,16:15,福岡,伊丹
2026-09-19,JAL4531,FUK,SDJ,15:25,17:15,福岡,仙台
2026-09-19,JAL3635,FUK,KMI,15:25,16:10,福岡,宮崎
2026-09-19,JAL4099,FUK,FUJ,15:40,16:30,福岡,五島福江
2026-09-19,JAL2058,FUK,ITM,15:50,17:00,福岡,伊丹
2026-09-19,JTA061,FUK,OKA,15:55,17:35,福岡,那覇
2026-09-19,JAL320,FUK,HND,16:00,17:50,福岡,羽田
2026-09-19,JAL3587,FUK,KCZ,16:10,17:00,福岡,高知
2026-09-19,JAL322,FUK,HND,16:30,18:20,福岡,羽田
2026-09-19,JAL4477,FUK,KIJ,16:35,18:15,福岡,新潟
2026-09-19,JAL4097,FUK,FUJ,16:40,17:25,福岡,五島福江
2026-09-19,JAL3895,FUK,AXJ,16:55,17:30,福岡,天草
2026-09-19,JAL324,FUK,HND,17:05,18:55,福岡,羽田
2026-09-19,JTA063,FUK,OKA,17:25,19:05,福岡,那覇
2026-09-19,JAL3555,FUK,IZO,17:35,18:45,福岡,出雲
2026-09-19,JAL3607,FUK,MYJ,17:40,18:25,福岡,松山
2026-09-19,JAL326,FUK,HND,18:15,20:05,福岡,羽田
2026-09-19,JAL3567,FUK,TKS,18:20,19:20,福岡,徳島
2026-09-19,JAL4317,FUK,FSZ,18:50,20:20,福岡,静岡
2026-09-19,JAL2060,FUK,ITM,19:00,20:20,福岡,伊丹
2026-09-19,JAL328,FUK,HND,19:10,20:55,福岡,羽田
2026-09-19,JAL3899,FUK,AXJ,19:10,19:45,福岡,天草
2026-09-19,JAL4392,FUK,NKM,19:15,20:35,福岡,名古屋
2026-09-19,JAL3639,FUK,KMI,19:15,20:00,福岡,宮崎
2026-09-19,JAL330,FUK,HND,20:00,21:45,福岡,羽田
2026-09-19,JAL4394,FUK,NKM,20:00,21:20,福岡,名古屋
2026-09-19,JTA065,FUK,OKA,20:55,22:30,福岡,那覇
2026-09-19,JAL332,FUK,HND,21:00,22:45,福岡,羽田
2026-09-19,JAL2234,GAJ,ITM,08:50,10:10,山形,伊丹
2026-09-19,JAL174,GAJ,HND,09:50,10:55,山形,羽田
2026-09-19,JAL4442,GAJ,NKM,10:40,11:50,山形,名古屋
2026-09-19,JAL4490,GAJ,CTS,13:55,15:05,山形,新千歳
2026-09-19,JAL2236,GAJ,ITM,14:50,16:10,山形,伊丹
2026-09-19,JAL4446,GAJ,NKM,16:20,17:30,山形,名古屋
2026-09-19,JAL2238,GAJ,ITM,18:05,19:20,山形,伊丹
2026-09-19,JAL178,GAJ,HND,19:10,20:15,山形,羽田
2026-09-19,JAL252,HIJ,HND,07:35,09:00,広島,羽田
2026-09-19,JAL254,HIJ,HND,09:25,10:50,広島,羽田
2026-09-19,JAL3403,HIJ,CTS,10:50,12:45,広島,新千歳
2026-09-19,JAL256,HIJ,HND,12:10,13:35,広島,羽田
2026-09-19,JAL258,HIJ,HND,13:45,15:10,広島,羽田
2026-09-19,JAL262,HIJ,HND,16:25,17:55,広島,羽田
2026-09-19,JAL264,HIJ,HND,18:10,19:40,広島,羽田
2026-09-19,JAL266,HIJ,HND,20:35,22:00,広島,羽田
2026-09-19,JAL2740,HKD,OKD,07:50,08:30,函館,丘珠
2026-09-19,JAL2742,HKD,OKD,08:45,09:25,函館,丘珠
2026-09-19,JAL584,HKD,HND,09:40,11:10,函館,羽田
2026-09-19,JAL2791,HKD,OIR,11:45,12:15,函館,奥尻
2026-09-19,JAL2124,HKD,ITM,13:10,14:50,函館,伊丹
2026-09-19,JAL2748,HKD,OKD,13:45,14:25,函館,丘珠
2026-09-19,JAL2750,HKD,OKD,14:00,14:40,函館,丘珠
2026-09-19,JAL586,HKD,HND,15:00,16:25,函館,羽田
2026-09-19,JAL2752,HKD,OKD,15:55,16:35,函館,丘珠
2026-09-19,JAL2756,HKD,OKD,19:15,19:55,函館,丘珠
2026-09-19,JAL588,HKD,HND,19:30,21:00,函館,羽田
2026-09-19,JAL4412,HNA,NKM,09:10,10:25,花巻,名古屋
2026-09-19,JAL2180,HNA,ITM,09:20,10:45,花巻,伊丹
2026-09-19,JAL2830,HNA,CTS,11:40,12:35,花巻,新千歳
2026-09-19,JAL2182,HNA,ITM,13:30,14:55,花巻,伊丹
2026-09-19,JAL4524,HNA,FUK,13:55,16:05,花巻,福岡
2026-09-19,JAL4416,HNA,NKM,15:20,16:35,花巻,名古屋
2026-09-19,JAL2186,HNA,ITM,15:25,16:50,花巻,伊丹
2026-09-19,JAL4418,HNA,NKM,17:40,18:55,花巻,名古屋
2026-09-19,JAL2838,HNA,CTS,17:55,18:55,花巻,新千歳
2026-09-19,JAL2190,HNA,ITM,18:40,20:15,花巻,伊丹
2026-09-19,JAL623,HND,KMJ,06:20,08:00,羽田,熊本
2026-09-19,JAL303,HND,FUK,06:25,08:10,羽田,福岡
2026-09-19,JAL641,HND,KOJ,06:25,08:05,羽田,鹿児島
2026-09-19,JAL101,HND,ITM,06:30,07:35,羽田,伊丹
2026-09-19,JAL901,HND,OKA,06:30,09:00,羽田,那覇
2026-09-19,JAL501,HND,CTS,06:35,08:05,羽田,新千歳
2026-09-19,JAL141,HND,AOJ,06:45,07:55,羽田,青森
2026-09-19,JAL431,HND,MYJ,06:50,08:15,羽田,松山
2026-09-19,JAL161,HND,AXT,07:00,08:05,羽田,秋田
2026-09-19,JAL453,HND,TKS,07:00,08:10,羽田,徳島
2026-09-19,JAL565,HND,MMB,07:05,08:45,羽田,女満別
2026-09-19,JAL305,HND,FUK,07:05,08:50,羽田,福岡
2026-09-19,JAL971,HND,ISG,07:05,09:55,羽田,新石垣
2026-09-19,JAL183,HND,KMQ,07:10,08:10,羽田,小松
2026-09-19,JAL277,HND,IZO,07:10,08:30,羽田,出雲
2026-09-19,JAL503,HND,CTS,07:15,08:45,羽田,新千歳
2026-09-19,JAL175,HND,GAJ,07:20,08:15,羽田,山形
2026-09-19,JAL221,HND,KIX,07:20,08:35,羽田,関西国際
2026-09-19,JAL903,HND,OKA,07:20,09:50,羽田,那覇
2026-09-19,JAL253,HND,HIJ,07:25,08:40,羽田,広島
2026-09-19,JAL585,HND,HKD,07:30,08:50,羽田,函館
2026-09-19,JAL103,HND,ITM,07:30,08:35,羽田,伊丹
2026-09-19,JAL491,HND,KCZ,07:30,08:50,羽田,高知
2026-09-19,JAL605,HND,NGS,07:30,09:15,羽田,長崎
2026-09-19,JAL551,HND,AKJ,07:35,09:10,羽田,旭川
2026-09-19,JAL541,HND,KUH,07:45,09:20,羽田,釧路
2026-09-19,JAL573,HND,OBO,07:45,09:15,羽田,帯広
2026-09-19,JAL213,HND,SHM,07:45,08:55,羽田,南紀白浜
2026-09-19,JAL475,HND,TAK,07:50,09:05,羽田,高松
2026-09-19,JAL291,HND,UBJ,08:00,09:40,羽田,山口宇部
2026-09-19,JAL307,HND,FUK,08:00,09:45,羽田,福岡
2026-09-19,JAL661,HND,OIT,08:00,09:35,羽田,大分
2026-09-19,JAL625,HND,KMJ,08:00,09:45,羽田,熊本
2026-09-19,JAL153,HND,MSJ,08:05,09:20,羽田,三沢
2026-09-19,JAL687,HND,KMI,08:05,09:45,羽田,宮崎
2026-09-19,JAL643,HND,KOJ,08:05,09:50,羽田,鹿児島
2026-09-19,JAL905,HND,OKA,08:05,10:40,羽田,那覇
2026-09-19,JAL201,HND,NGO,08:15,09:10,羽田,中部国際
2026-09-19,JAL231,HND,OKJ,08:15,09:30,羽田,岡山
2026-09-19,JAL373,HND,KKJ,08:15,09:50,羽田,北九州
2026-09-19,JAL505,HND,CTS,08:20,09:55,羽田,新千歳
2026-09-19,JAL991,HND,OKA,08:25,11:00,羽田,那覇
2026-09-19,JAL107,HND,ITM,08:30,09:35,羽田,伊丹
2026-09-19,JAL907,HND,OKA,08:40,11:15,羽田,那覇
2026-09-19,JAL507,HND,CTS,08:50,10:25,羽田,新千歳
2026-09-19,JAL255,HND,HIJ,08:50,10:10,羽田,広島
2026-09-19,JAL309,HND,FUK,09:05,10:55,羽田,福岡
2026-09-19,JAL433,HND,MYJ,09:15,10:40,羽田,松山
2026-09-19,JAL493,HND,KCZ,09:15,10:35,羽田,高知
2026-09-19,JAL311,HND,FUK,09:15,11:05,羽田,福岡
2026-09-19,JAL185,HND,KMQ,09:30,10:35,羽田,小松
2026-09-19,JAL111,HND,ITM,09:35,10:40,羽田,伊丹
2026-09-19,JAL663,HND,OIT,09:35,11:10,羽田,大分
2026-09-19,JAL909,HND,OKA,09:40,12:15,羽田,那覇
2026-09-19,JAL509,HND,CTS,09:45,11:20,羽田,新千歳
2026-09-19,JAL279,HND,IZO,09:50,11:15,羽田,出雲
2026-09-19,JAL477,HND,TAK,09:50,11:05,羽田,高松
2026-09-19,JAL689,HND,KMI,09:55,11:35,羽田,宮崎
2026-09-19,JAL143,HND,AOJ,10:00,11:20,羽田,青森
2026-09-19,JAL313,HND,FUK,10:00,11:45,羽田,福岡
2026-09-19,JAL627,HND,KMJ,10:00,11:45,羽田,熊本
2026-09-19,JAL607,HND,NGS,10:05,11:55,羽田,長崎
2026-09-19,JAL645,HND,KOJ,10:05,11:50,羽田,鹿児島
2026-09-19,JAL257,HND,HIJ,10:10,11:30,羽田,広島
2026-09-19,JAL511,HND,CTS,10:15,11:50,羽田,新千歳
2026-09-19,JAL233,HND,OKJ,10:20,11:40,羽田,岡山
2026-09-19,JAL455,HND,TKS,10:25,11:40,羽田,徳島
2026-09-19,JAL163,HND,AXT,10:30,11:35,羽田,秋田
2026-09-19,JAL113,HND,ITM,10:30,11:35,羽田,伊丹
2026-09-19,JAL913,HND,OKA,10:35,13:10,羽田,那覇
2026-09-19,JAL933,HND,MMY,10:40,13:25,羽田,宮古
2026-09-19,JAL155,HND,MSJ,10:45,12:05,羽田,三沢
2026-09-19,JAL575,HND,OBO,11:00,12:35,羽田,帯広
2026-09-19,JAL315,HND,FUK,11:00,12:50,羽田,福岡
2026-09-19,JAL479,HND,TAK,11:05,12:25,羽田,高松
2026-09-19,JAL553,HND,AKJ,11:10,12:50,羽田,旭川
2026-09-19,JAL513,HND,CTS,11:25,13:05,羽田,新千歳
2026-09-19,JAL629,HND,KMJ,11:25,13:10,羽田,熊本
2026-09-19,JAL659,HND,ASJ,11:25,13:35,羽田,奄美
2026-09-19,JAL115,HND,ITM,11:30,12:35,羽田,伊丹
2026-09-19,JAL215,HND,SHM,11:30,12:40,羽田,南紀白浜
2026-09-19,JAL987,HND,OKA,11:30,14:05,羽田,那覇
2026-09-19,JAL259,HND,HIJ,11:40,13:05,羽田,広島
2026-09-19,JAL691,HND,KMI,11:40,13:25,羽田,宮崎
2026-09-19,JAL317,HND,FUK,11:55,13:45,羽田,福岡
2026-09-19,JAL915,HND,OKA,11:55,14:30,羽田,那覇
2026-09-19,JAL647,HND,KOJ,12:00,13:45,羽田,鹿児島
2026-09-19,JAL665,HND,OIT,12:05,13:40,羽田,大分
2026-09-19,JAL435,HND,MYJ,12:10,13:35,羽田,松山
2026-09-19,JAL543,HND,KUH,12:15,13:50,羽田,釧路
2026-09-19,JAL567,HND,MMB,12:25,14:10,羽田,女満別
2026-09-19,JAL117,HND,ITM,12:30,13:35,羽田,伊丹
2026-09-19,JAL609,HND,NGS,12:30,14:20,羽田,長崎
2026-09-19,JAL225,HND,KIX,12:35,14:00,羽田,関西国際
2026-09-19,JAL515,HND,CTS,12:40,14:15,羽田,新千歳
2026-09-19,JAL459,HND,TKS,12:40,14:00,羽田,徳島
2026-09-19,JAL293,HND,UBJ,12:45,14:20,羽田,山口宇部
2026-09-19,JAL587,HND,HKD,12:50,14:10,羽田,函館
2026-09-19,JAL631,HND,KMJ,12:50,14:35,羽田,熊本
2026-09-19,JAL319,HND,FUK,12:55,14:40,羽田,福岡
2026-09-19,JAL481,HND,TAK,13:00,14:15,羽田,高松
2026-09-19,JAL187,HND,KMQ,13:05,14:10,羽田,小松
2026-09-19,JAL145,HND,AOJ,13:15,14:30,羽田,青森
2026-09-19,JAL517,HND,CTS,13:30,15:05,羽田,新千歳
2026-09-19,JAL119,HND,ITM,13:30,14:35,羽田,伊丹
2026-09-19,JAL611,HND,NGS,13:30,15:20,羽田,長崎
2026-09-19,JAL375,HND,KKJ,13:40,15:15,羽田,北九州
2026-09-19,JAL321,HND,FUK,13:45,15:30,羽田,福岡
2026-09-19,JAL577,HND,OBO,13:50,15:25,羽田,帯広
2026-09-19,JAL917,HND,OKA,13:55,16:25,羽田,那覇
2026-09-19,JAL555,HND,AKJ,14:05,15:40,羽田,旭川
2026-09-19,JAL495,HND,KCZ,14:05,15:25,羽田,高知
2026-09-19,JAL263,HND,HIJ,14:15,15:40,羽田,広島
2026-09-19,JAL649,HND,KOJ,14:15,15:55,羽田,鹿児島
2026-09-19,JAL693,HND,KMI,14:20,16:00,羽田,宮崎
2026-09-19,JAL519,HND,CTS,14:25,16:00,羽田,新千歳
2026-09-19,JAL237,HND,OKJ,14:30,15:45,羽田,岡山
2026-09-19,JAL121,HND,ITM,14:35,15:40,羽田,伊丹
2026-09-19,JAL633,HND,KMJ,14:40,16:20,羽田,熊本
2026-09-19,JAL165,HND,AXT,14:50,15:55,羽田,秋田
2026-09-19,JAL973,HND,ISG,14:50,17:40,羽田,新石垣
2026-09-19,JAL157,HND,MSJ,14:55,16:10,羽田,三沢
2026-09-19,JAL125,HND,ITM,14:55,16:00,羽田,伊丹
2026-09-19,JAL283,HND,IZO,14:55,16:15,羽田,出雲
2026-09-19,JAL667,HND,OIT,15:05,16:40,羽田,大分
2026-09-19,JAL483,HND,TAK,15:10,16:30,羽田,高松
2026-09-19,JAL919,HND,OKA,15:10,17:40,羽田,那覇
2026-09-19,JAL521,HND,CTS,15:25,17:00,羽田,新千歳
2026-09-19,JAL323,HND,FUK,15:25,17:15,羽田,福岡
2026-09-19,JAL437,HND,MYJ,15:30,16:55,羽田,松山
2026-09-19,JAL461,HND,TKS,15:40,16:55,羽田,徳島
2026-09-19,JAL325,HND,FUK,15:55,17:50,羽田,福岡
2026-09-19,JAL921,HND,OKA,15:55,18:25,羽田,那覇
2026-09-19,JAL147,HND,AOJ,16:00,17:10,羽田,青森
2026-09-19,JAL695,HND,KMI,16:25,18:00,羽田,宮崎
2026-09-19,JAL127,HND,ITM,16:30,17:35,羽田,伊丹
2026-09-19,JAL219,HND,SHM,16:30,17:40,羽田,南紀白浜
2026-09-19,JAL651,HND,KOJ,16:30,18:10,羽田,鹿児島
2026-09-19,JAL523,HND,CTS,16:40,18:20,羽田,新千歳
2026-09-19,JAL669,HND,OIT,16:40,18:15,羽田,大分
2026-09-19,JAL295,HND,UBJ,16:45,18:20,羽田,山口宇部
2026-09-19,JAL189,HND,KMQ,16:50,17:55,羽田,小松
2026-09-19,JAL285,HND,IZO,16:55,18:25,羽田,出雲
2026-09-19,JAL439,HND,MYJ,16:55,18:20,羽田,松山
2026-09-19,JAL497,HND,KCZ,16:55,18:15,羽田,高知
2026-09-19,JAL923,HND,OKA,16:55,19:30,羽田,那覇
2026-09-19,JAL327,HND,FUK,17:00,19:00,羽田,福岡
2026-09-19,JAL159,HND,MSJ,17:05,18:30,羽田,三沢
2026-09-19,JAL589,HND,HKD,17:10,18:35,羽田,函館
2026-09-19,JAL569,HND,MMB,17:15,19:10,羽田,女満別
2026-09-19,JAL545,HND,KUH,17:15,19:05,羽田,釧路
2026-09-19,JAL557,HND,AKJ,17:30,19:15,羽田,旭川
2026-09-19,JAL179,HND,GAJ,17:30,18:35,羽田,山形
2026-09-19,JAL239,HND,OKJ,17:30,18:45,羽田,岡山
2026-09-19,JAL525,HND,CTS,17:35,19:15,羽田,新千歳
2026-09-19,JAL579,HND,OBO,17:35,19:20,羽田,帯広
2026-09-19,JAL131,HND,ITM,17:35,18:40,羽田,伊丹
2026-09-19,JAL637,HND,KMJ,17:35,19:20,羽田,熊本
2026-09-19,JAL613,HND,NGS,17:45,19:40,羽田,長崎
2026-09-19,JAL329,HND,FUK,17:55,19:50,羽田,福岡
2026-09-19,JAL653,HND,KOJ,17:55,19:40,羽田,鹿児島
2026-09-19,JAL133,HND,ITM,18:00,19:10,羽田,伊丹
2026-09-19,JAL287,HND,IZO,18:15,19:45,羽田,出雲
2026-09-19,JAL265,HND,HIJ,18:20,19:45,羽田,広島
2026-09-19,JAL463,HND,TKS,18:20,19:35,羽田,徳島
2026-09-19,JAL377,HND,KKJ,18:25,20:00,羽田,北九州
2026-09-19,JAL527,HND,CTS,18:40,20:15,羽田,新千歳
2026-09-19,JAL149,HND,AOJ,18:40,19:55,羽田,青森
2026-09-19,JAL137,HND,ITM,18:40,19:50,羽田,伊丹
2026-09-19,JAL485,HND,TAK,18:40,19:55,羽田,高松
2026-09-19,JAL191,HND,KMQ,18:45,19:50,羽田,小松
2026-09-19,JAL331,HND,FUK,18:45,20:35,羽田,福岡
2026-09-19,JAL499,HND,KCZ,18:55,20:15,羽田,高知
2026-09-19,JAL697,HND,KMI,18:55,20:35,羽田,宮崎
2026-09-19,JAL297,HND,UBJ,19:00,20:35,羽田,山口宇部
2026-09-19,JAL167,HND,AXT,19:10,20:15,羽田,秋田
2026-09-19,JAL139,HND,ITM,19:10,20:30,羽田,伊丹
2026-09-19,JAL639,HND,KMJ,19:10,20:55,羽田,熊本
2026-09-19,JAL333,HND,FUK,19:15,21:05,羽田,福岡
2026-09-19,JAL655,HND,KOJ,19:25,21:05,羽田,鹿児島
2026-09-19,JAL615,HND,NGS,19:30,21:20,羽田,長崎
2026-09-19,JAL335,HND,FUK,19:35,21:30,羽田,福岡
2026-09-19,JAL241,HND,OKJ,19:40,20:55,羽田,岡山
2026-09-19,JAL443,HND,MYJ,19:45,21:10,羽田,松山
2026-09-19,JAL465,HND,TKS,19:45,20:55,羽田,徳島
2026-09-19,JAL151,HND,AOJ,19:50,21:05,羽田,青森
2026-09-19,JAL529,HND,CTS,19:55,21:30,羽田,新千歳
2026-09-19,JAL209,HND,NGO,19:55,20:55,羽田,中部国際
2026-09-19,JAL267,HND,HIJ,19:55,21:20,羽田,広島
2026-09-19,JAL925,HND,OKA,20:05,22:30,羽田,那覇
2026-09-19,JAL487,HND,TAK,20:15,21:30,羽田,高松
2026-09-19,JAL671,HND,OIT,20:15,21:45,羽田,大分
2026-09-19,JAL599,HND,CTS,20:30,22:05,羽田,新千歳
2026-09-19,JAL193,HND,KMQ,20:40,21:40,羽田,小松
2026-09-19,JAL229,HND,KIX,20:40,21:55,羽田,関西国際
2026-09-19,JAL531,HND,CTS,20:45,22:20,羽田,新千歳
2026-09-19,JAL4042,IKI,NGS,09:55,10:25,壱岐,長崎
2026-09-19,JAL4044,IKI,NGS,17:50,18:20,壱岐,長崎
2026-09-19,JTA600,ISG,OKA,08:55,10:00,新石垣,那覇
2026-09-19,RAC741,ISG,OGN,09:55,10:25,新石垣,与那国
2026-09-19,JAL972,ISG,HND,11:10,14:05,新石垣,羽田
2026-09-19,JTA608,ISG,OKA,11:15,12:20,新石垣,那覇
2026-09-19,RAC743,ISG,OGN,12:35,13:05,新石垣,与那国
2026-09-19,JTA612,ISG,OKA,13:00,14:05,新石垣,那覇
2026-09-19,JTA614,ISG,OKA,14:00,15:00,新石垣,那覇
2026-09-19,RAC834,ISG,MMY,14:45,15:15,新石垣,宮古
2026-09-19,JTA622,ISG,OKA,16:25,17:25,新石垣,那覇
2026-09-19,RAC747,ISG,OGN,17:50,18:20,新石垣,与那国
2026-09-19,JTA626,ISG,OKA,18:40,19:45,新石垣,那覇
2026-09-19,RAC838,ISG,MMY,19:00,19:30,新石垣,宮古
2026-09-19,JAL974,ISG,HND,19:15,22:10,新石垣,羽田
2026-09-19,JTA086,ISG,KIX,19:50,22:15,新石垣,関西国際
2026-09-19,JAL102,ITM,HND,07:05,08:15,伊丹,羽田
2026-09-19,JAL2371,ITM,NGS,07:05,08:15,伊丹,長崎
2026-09-19,JAL2401,ITM,KOJ,07:05,08:15,伊丹,鹿児島
2026-09-19,JAL2241,ITM,KIJ,07:10,08:15,伊丹,新潟
2026-09-19,JAL2345,ITM,IZO,07:10,08:00,伊丹,出雲
2026-09-19,JAL2431,ITM,KMI,07:10,08:15,伊丹,宮崎
2026-09-19,JAL2051,ITM,FUK,07:15,08:25,伊丹,福岡
2026-09-19,JAL2361,ITM,OIT,07:15,08:15,伊丹,大分
2026-09-19,JAL2201,ITM,SDJ,07:20,08:35,伊丹,仙台
2026-09-19,JAL2181,ITM,HNA,07:25,08:50,伊丹,花巻
2026-09-19,JAL104,ITM,HND,07:25,08:40,伊丹,羽田
2026-09-19,JAL2383,ITM,KMJ,07:30,08:40,伊丹,熊本
2026-09-19,JAL2001,ITM,CTS,07:40,09:30,伊丹,新千歳
2026-09-19,JAL2151,ITM,AOJ,07:45,09:15,伊丹,青森
2026-09-19,JAL2171,ITM,AXT,07:55,09:10,伊丹,秋田
2026-09-19,JAL2233,ITM,GAJ,08:00,09:15,伊丹,山形
2026-09-19,JAL2081,ITM,OKA,08:20,10:25,伊丹,那覇
2026-09-19,JAL106,ITM,HND,08:25,09:35,伊丹,羽田
2026-09-19,JAL2323,ITM,TJH,09:00,09:40,伊丹,但馬
2026-09-19,JAL2161,ITM,MSJ,09:15,10:45,伊丹,三沢
2026-09-19,JAL110,ITM,HND,09:20,10:35,伊丹,羽田
2026-09-19,JAL2405,ITM,KOJ,09:20,10:30,伊丹,鹿児島
2026-09-19,JAL2203,ITM,SDJ,09:30,10:45,伊丹,仙台
2026-09-19,JAL2301,ITM,MYJ,09:30,10:15,伊丹,松山
2026-09-19,JAL2465,ITM,ASJ,09:35,11:10,伊丹,奄美
2026-09-19,JAL2053,ITM,FUK,09:50,11:00,伊丹,福岡
2026-09-19,JAL2365,ITM,OIT,10:10,11:05,伊丹,大分
2026-09-19,JAL2351,ITM,IZO,10:20,11:10,伊丹,出雲
2026-09-19,JAL2385,ITM,KMJ,10:20,11:25,伊丹,熊本
2026-09-19,JAL112,ITM,HND,10:25,11:35,伊丹,羽田
2026-09-19,JAL2243,ITM,KIJ,10:35,11:35,伊丹,新潟
2026-09-19,JAL2433,ITM,KMI,10:35,11:35,伊丹,宮崎
2026-09-19,JAL2123,ITM,HKD,11:00,12:35,伊丹,函館
2026-09-19,JAL2205,ITM,SDJ,11:00,12:15,伊丹,仙台
2026-09-19,JAL2407,ITM,KOJ,11:05,12:15,伊丹,鹿児島
2026-09-19,JAL2373,ITM,NGS,11:20,12:30,伊丹,長崎
2026-09-19,JAL114,ITM,HND,11:25,12:40,伊丹,羽田
2026-09-19,JAL2451,ITM,KUM,11:25,13:10,伊丹,屋久島
2026-09-19,JAL2005,ITM,CTS,11:45,13:35,伊丹,新千歳
2026-09-19,JAL2183,ITM,HNA,11:45,13:00,伊丹,花巻
2026-09-19,JAL2153,ITM,AOJ,12:00,13:25,伊丹,青森
2026-09-19,JAL2173,ITM,AXT,12:20,13:35,伊丹,秋田
2026-09-19,JAL116,ITM,HND,12:25,13:40,伊丹,羽田
2026-09-19,JAL2007,ITM,CTS,12:45,14:30,伊丹,新千歳
2026-09-19,JAL3881,ITM,KMJ,12:50,14:20,伊丹,熊本
2026-09-19,JAL2375,ITM,NGS,13:00,14:15,伊丹,長崎
2026-09-19,JAL2235,ITM,GAJ,13:10,14:20,伊丹,山形
2026-09-19,JAL2057,ITM,FUK,13:10,14:20,伊丹,福岡
2026-09-19,JAL118,ITM,HND,13:25,14:40,伊丹,羽田
2026-09-19,JAL2185,ITM,HNA,13:35,14:55,伊丹,花巻
2026-09-19,JAL2331,ITM,OKI,13:45,14:35,伊丹,隠岐
2026-09-19,JAL2207,ITM,SDJ,13:50,15:00,伊丹,仙台
2026-09-19,JAL2387,ITM,KMJ,13:50,14:55,伊丹,熊本
2026-09-19,JAL120,ITM,HND,14:20,15:35,伊丹,羽田
2026-09-19,JAL2247,ITM,KIJ,14:30,15:30,伊丹,新潟
2026-09-19,JAL3006,ITM,NRT,14:35,16:00,伊丹,成田
2026-09-19,JAL2355,ITM,IZO,14:35,15:25,伊丹,出雲
2026-09-19,JAL2087,ITM,OKA,14:50,16:50,伊丹,那覇
2026-09-19,JAL2009,ITM,CTS,15:15,17:00,伊丹,新千歳
2026-09-19,JAL2409,ITM,KOJ,15:15,16:20,伊丹,鹿児島
2026-09-19,JAL2209,ITM,SDJ,15:30,16:45,伊丹,仙台
2026-09-19,JAL124,ITM,HND,15:35,17:00,伊丹,羽田
2026-09-19,JAL2163,ITM,MSJ,15:40,17:10,伊丹,三沢
2026-09-19,JAL2411,ITM,KOJ,16:15,17:25,伊丹,鹿児島
2026-09-19,JAL2237,ITM,GAJ,16:25,17:35,伊丹,山形
2026-09-19,JAL2179,ITM,AXT,16:30,17:45,伊丹,秋田
2026-09-19,JAL126,ITM,HND,16:30,17:50,伊丹,羽田
2026-09-19,JAL2309,ITM,MYJ,16:30,17:15,伊丹,松山
2026-09-19,JAL2439,ITM,KMI,16:30,17:35,伊丹,宮崎
2026-09-19,JAL2187,ITM,HNA,16:45,18:10,伊丹,花巻
2026-09-19,JAL2157,ITM,AOJ,16:50,18:15,伊丹,青森
2026-09-19,JAL128,ITM,HND,16:50,18:10,伊丹,羽田
2026-09-19,JAL2325,ITM,TJH,16:55,17:30,伊丹,但馬
2026-09-19,JAL2213,ITM,SDJ,17:10,18:25,伊丹,仙台
2026-09-19,JAL2377,ITM,NGS,17:20,18:35,伊丹,長崎
2026-09-19,JAL2389,ITM,KMJ,17:25,18:30,伊丹,熊本
2026-09-19,JAL2415,ITM,KOJ,17:25,18:35,伊丹,鹿児島
2026-09-19,JAL2443,ITM,KMI,17:30,18:35,伊丹,宮崎
2026-09-19,JAL2251,ITM,KIJ,17:35,18:40,伊丹,新潟
2026-09-19,JAL2367,ITM,OIT,17:40,18:35,伊丹,大分
2026-09-19,JAL2357,ITM,IZO,18:05,18:55,伊丹,出雲
2026-09-19,JAL130,ITM,HND,18:25,19:40,伊丹,羽田
2026-09-19,JAL2019,ITM,CTS,18:40,20:25,伊丹,新千歳
2026-09-19,JAL134,ITM,HND,19:35,20:50,伊丹,羽田
2026-09-19,JAL2217,ITM,SDJ,19:50,21:05,伊丹,仙台
2026-09-19,JAL2061,ITM,FUK,19:55,21:10,伊丹,福岡
2026-09-19,JAL2445,ITM,KMI,19:55,21:00,伊丹,宮崎
2026-09-19,JAL138,ITM,HND,20:05,21:20,伊丹,羽田
2026-09-19,JAL2419,ITM,KOJ,20:05,21:15,伊丹,鹿児島
2026-09-19,JAL276,IZO,HND,07:35,09:00,出雲,羽田
2026-09-19,JAL2344,IZO,ITM,08:30,09:15,出雲,伊丹
2026-09-19,JAL4462,IZO,NKM,08:45,09:45,出雲,名古屋
2026-09-19,JAL3433,IZO,OKI,09:00,09:30,出雲,隠岐
2026-09-19,JAL278,IZO,HND,09:15,10:35,出雲,羽田
2026-09-19,JAL3550,IZO,FUK,11:00,12:10,出雲,福岡
2026-09-19,JAL2346,IZO,ITM,11:40,12:25,出雲,伊丹
2026-09-19,JAL280,IZO,HND,11:55,13:20,出雲,羽田
2026-09-19,JAL4464,IZO,NKM,12:30,13:30,出雲,名古屋
2026-09-19,JAL2356,IZO,ITM,16:00,16:45,出雲,伊丹
2026-09-19,JAL284,IZO,HND,17:15,18:50,出雲,羽田
2026-09-19,JAL4468,IZO,NKM,18:35,19:35,出雲,名古屋
2026-09-19,JAL286,IZO,HND,19:10,20:35,出雲,羽田
2026-09-19,JAL3554,IZO,FUK,19:15,20:25,出雲,福岡
2026-09-19,JAL2358,IZO,ITM,19:30,20:20,出雲,伊丹
2026-09-19,JAL490,KCZ,HND,07:10,08:30,高知,羽田
2026-09-19,JAL4512,KCZ,NGO,09:15,10:15,高知,中部国際
2026-09-19,JAL492,KCZ,HND,09:35,11:00,高知,羽田
2026-09-19,JAL3582,KCZ,FUK,10:25,11:25,高知,福岡
2026-09-19,JAL494,KCZ,HND,11:15,12:40,高知,羽田
2026-09-19,JAL4376,KCZ,NKM,15:55,16:55,高知,名古屋
2026-09-19,JAL496,KCZ,HND,16:15,17:45,高知,羽田
2026-09-19,JAL3588,KCZ,FUK,17:30,18:25,高知,福岡
2026-09-19,JAL498,KCZ,HND,19:00,20:25,高知,羽田
2026-09-19,JAL4378,KCZ,NKM,19:50,20:50,高知,名古屋
2026-09-19,JAL2240,KIJ,ITM,08:45,09:50,新潟,伊丹
2026-09-19,JAL4484,KIJ,CTS,11:45,13:00,新潟,新千歳
2026-09-19,JAL2244,KIJ,ITM,12:10,13:15,新潟,伊丹
2026-09-19,JAL4476,KIJ,FUK,12:30,14:20,新潟,福岡
2026-09-19,JAL2246,KIJ,ITM,16:00,17:05,新潟,伊丹
2026-09-19,JAL4486,KIJ,CTS,16:15,17:30,新潟,新千歳
2026-09-19,JAL4436,KIJ,NKM,18:45,19:45,新潟,名古屋
2026-09-19,JAL2250,KIJ,ITM,19:10,20:30,新潟,伊丹
2026-09-19,JAL220,KIX,HND,06:40,07:50,関西国際,羽田
2026-09-19,JTA121,KIX,MMY,07:40,09:55,関西国際,宮古
2026-09-19,JTA001,KIX,OKA,08:20,10:25,関西国際,那覇
2026-09-19,JAL2501,KIX,CTS,09:15,11:10,関西国際,新千歳
2026-09-19,JTA083,KIX,ISG,09:50,12:20,関西国際,新石垣
2026-09-19,JTA005,KIX,OKA,14:05,16:10,関西国際,那覇
2026-09-19,JAL224,KIX,HND,14:45,16:05,関西国際,羽田
2026-09-19,JAL2505,KIX,CTS,15:10,17:05,関西国際,新千歳
2026-09-19,JTA009,KIX,OKA,20:25,22:30,関西国際,那覇
2026-09-19,JAL228,KIX,HND,21:10,22:30,関西国際,羽田
2026-09-19,JAL374,KKJ,HND,10:35,12:10,北九州,羽田
2026-09-19,JAL376,KKJ,HND,15:55,17:40,北九州,羽田
2026-09-19,JAL378,KKJ,HND,20:45,22:20,北九州,羽田
2026-09-19,JAL3780,KKX,KOJ,09:20,10:25,喜界,鹿児島
2026-09-19,JAL3830,KKX,ASJ,10:15,10:35,喜界,奄美
2026-09-19,JAL3786,KKX,KOJ,15:15,16:20,喜界,鹿児島
2026-09-19,JAL3836,KKX,ASJ,16:30,16:50,喜界,奄美
2026-09-19,JAL688,KMI,HND,07:35,09:20,宮崎,羽田
2026-09-19,JAL2430,KMI,ITM,07:35,08:40,宮崎,伊丹
2026-09-19,JAL3624,KMI,FUK,08:30,09:20,宮崎,福岡
2026-09-19,JAL2432,KMI,ITM,08:45,09:50,宮崎,伊丹
2026-09-19,JAL690,KMI,HND,10:30,12:10,宮崎,羽田
2026-09-19,JAL3626,KMI,FUK,11:05,11:55,宮崎,福岡
2026-09-19,JAL692,KMI,HND,12:10,13:55,宮崎,羽田
2026-09-19,JAL2434,KMI,ITM,12:10,13:15,宮崎,伊丹
2026-09-19,JAL3628,KMI,FUK,13:00,13:55,宮崎,福岡
2026-09-19,JAL694,KMI,HND,14:00,15:45,宮崎,羽田
2026-09-19,JAL3630,KMI,FUK,14:00,14:55,宮崎,福岡
2026-09-19,JAL3634,KMI,FUK,15:50,16:40,宮崎,福岡
2026-09-19,JAL696,KMI,HND,16:50,18:35,宮崎,羽田
2026-09-19,JAL3636,KMI,FUK,16:50,17:45,宮崎,福岡
2026-09-19,JAL2440,KMI,ITM,18:05,19:20,宮崎,伊丹
2026-09-19,JAL698,KMI,HND,18:45,20:30,宮崎,羽田
2026-09-19,JAL2444,KMI,ITM,19:05,20:20,宮崎,伊丹
2026-09-19,JAL3642,KMI,FUK,20:35,21:30,宮崎,福岡
2026-09-19,JAL622,KMJ,HND,07:35,09:20,熊本,羽田
2026-09-19,JAL624,KMJ,HND,08:40,10:20,熊本,羽田
2026-09-19,JAL2382,KMJ,ITM,09:15,10:20,熊本,伊丹
2026-09-19,JAL4400,KMJ,NKM,09:45,11:05,熊本,名古屋
2026-09-19,JAL626,KMJ,HND,10:20,12:05,熊本,羽田
2026-09-19,JAL3880,KMJ,ITM,10:45,12:10,熊本,伊丹
2026-09-19,JAL2386,KMJ,ITM,12:00,13:05,熊本,伊丹
2026-09-19,JAL628,KMJ,HND,12:25,14:10,熊本,羽田
2026-09-19,JAL4534,KMJ,NGO,12:40,14:00,熊本,中部国際
2026-09-19,JAL630,KMJ,HND,13:50,15:35,熊本,羽田
2026-09-19,JAL3873,KMJ,AXJ,14:50,15:15,熊本,天草
2026-09-19,JAL632,KMJ,HND,15:20,17:10,熊本,羽田
2026-09-19,JAL2388,KMJ,ITM,15:30,16:35,熊本,伊丹
2026-09-19,JAL4536,KMJ,NGO,16:30,17:50,熊本,中部国際
2026-09-19,JAL634,KMJ,HND,17:20,19:05,熊本,羽田
2026-09-19,JAL2392,KMJ,ITM,19:00,20:20,熊本,伊丹
2026-09-19,JAL4408,KMJ,NKM,20:00,21:20,熊本,名古屋
2026-09-19,JAL638,KMJ,HND,20:05,21:45,熊本,羽田
2026-09-19,JAL182,KMQ,HND,07:35,08:50,小松,羽田
2026-09-19,JAL184,KMQ,HND,08:50,10:00,小松,羽田
2026-09-19,JAL186,KMQ,HND,11:15,12:25,小松,羽田
2026-09-19,JTA037,KMQ,OKA,14:05,16:25,小松,那覇
2026-09-19,JAL188,KMQ,HND,14:50,16:10,小松,羽田
2026-09-19,JAL190,KMQ,HND,18:40,19:55,小松,羽田
2026-09-19,JAL192,KMQ,HND,20:30,21:40,小松,羽田
2026-09-19,JAL3801,KOJ,OKE,07:20,08:45,鹿児島,沖永良部
2026-09-19,JAL640,KOJ,HND,07:30,09:15,鹿児島,羽田
2026-09-19,JAL2400,KOJ,ITM,07:35,08:45,鹿児島,伊丹
2026-09-19,JAL3783,KOJ,KKX,07:35,08:50,鹿児島,喜界
2026-09-19,JAL3721,KOJ,ASJ,07:40,08:55,鹿児島,奄美
2026-09-19,JAL3791,KOJ,TKN,07:50,09:10,鹿児島,徳之島
2026-09-19,JAL3761,KOJ,TNE,08:10,08:50,鹿児島,種子島
2026-09-19,JAL3741,KOJ,KUM,08:40,09:20,鹿児島,屋久島
2026-09-19,JAL642,KOJ,HND,08:50,10:35,鹿児島,羽田
2026-09-19,JAL2402,KOJ,ITM,08:50,10:00,鹿児島,伊丹
2026-09-19,JAL3793,KOJ,TKN,08:55,09:55,鹿児島,徳之島
2026-09-19,JAL3727,KOJ,ASJ,10:15,11:10,鹿児島,奄美
2026-09-19,JAL3743,KOJ,KUM,10:30,11:10,鹿児島,屋久島
2026-09-19,JAL644,KOJ,HND,10:55,12:40,鹿児島,羽田
2026-09-19,JAL2406,KOJ,ITM,11:00,12:10,鹿児島,伊丹
2026-09-19,JAL3763,KOJ,TNE,11:00,11:40,鹿児島,種子島
2026-09-19,JAL3825,KOJ,RNJ,11:10,12:45,鹿児島,与論
2026-09-19,JAL3729,KOJ,ASJ,11:55,12:50,鹿児島,奄美
2026-09-19,JAL3654,KOJ,FUK,12:05,13:05,鹿児島,福岡
2026-09-19,JAL646,KOJ,HND,12:50,14:35,鹿児島,羽田
2026-09-19,JAL2408,KOJ,ITM,12:50,14:00,鹿児島,伊丹
2026-09-19,JAL3795,KOJ,TKN,13:00,14:25,鹿児島,徳之島
2026-09-19,JAL3731,KOJ,ASJ,13:10,14:05,鹿児島,奄美
2026-09-19,JAL3745,KOJ,KUM,13:25,14:05,鹿児島,屋久島
2026-09-19,JAL3785,KOJ,KKX,13:30,14:45,鹿児島,喜界
2026-09-19,JAL648,KOJ,HND,14:35,16:30,鹿児島,羽田
2026-09-19,JAL2410,KOJ,ITM,14:45,15:55,鹿児島,伊丹
2026-09-19,JAL3809,KOJ,OKE,14:55,16:20,鹿児島,沖永良部
2026-09-19,JAL4306,KOJ,FSZ,15:00,16:30,鹿児島,静岡
2026-09-19,JAL3753,KOJ,KUM,15:25,16:05,鹿児島,屋久島
2026-09-19,JAL3797,KOJ,TKN,16:05,17:05,鹿児島,徳之島
2026-09-19,JAL650,KOJ,HND,16:45,18:35,鹿児島,羽田
2026-09-19,JAL3777,KOJ,TNE,16:50,17:30,鹿児島,種子島
2026-09-19,JAL3735,KOJ,ASJ,16:55,17:50,鹿児島,奄美
2026-09-19,JAL3737,KOJ,ASJ,17:15,18:30,鹿児島,奄美
2026-09-19,JAL3759,KOJ,KUM,17:50,18:30,鹿児島,屋久島
2026-09-19,JAL2412,KOJ,ITM,18:05,19:15,鹿児島,伊丹
2026-09-19,JAL3687,KOJ,MYJ,18:50,19:50,鹿児島,松山
2026-09-19,JAL652,KOJ,HND,19:05,20:50,鹿児島,羽田
2026-09-19,JAL2414,KOJ,ITM,19:10,20:30,鹿児島,伊丹
2026-09-19,JAL654,KOJ,HND,20:35,22:25,鹿児島,羽田
2026-09-19,RAC842,KTD,OKA,12:50,13:55,北大東,那覇
2026-09-19,JAL2762,KUH,OKD,09:15,10:05,釧路,丘珠
2026-09-19,JAL540,KUH,HND,10:00,11:45,釧路,羽田
2026-09-19,JAL542,KUH,HND,14:50,16:35,釧路,羽田
2026-09-19,JAL2766,KUH,OKD,15:25,16:15,釧路,丘珠
2026-09-19,JAL2768,KUH,OKD,18:00,18:50,釧路,丘珠
2026-09-19,JAL544,KUH,HND,19:50,21:35,釧路,羽田
2026-09-19,JAL3740,KUM,KOJ,09:55,10:30,屋久島,鹿児島
2026-09-19,JAL3744,KUM,KOJ,11:45,12:20,屋久島,鹿児島
2026-09-19,JAL3746,KUM,KOJ,13:40,14:15,屋久島,鹿児島
2026-09-19,JAL2450,KUM,ITM,14:35,16:15,屋久島,伊丹
2026-09-19,JAL3676,KUM,FUK,15:30,16:45,屋久島,福岡
2026-09-19,JAL3750,KUM,KOJ,16:35,17:10,屋久島,鹿児島
2026-09-19,JAL3756,KUM,KOJ,19:00,19:35,屋久島,鹿児島
2026-09-19,JAL2710,MMB,CTS,08:55,09:40,女満別,新千歳
2026-09-19,JAL562,MMB,HND,09:25,11:20,女満別,羽田
2026-09-19,JAL2722,MMB,OKD,10:20,11:10,女満別,丘珠
2026-09-19,JAL2714,MMB,CTS,13:55,14:45,女満別,新千歳
2026-09-19,JAL564,MMB,HND,15:00,16:55,女満別,羽田
2026-09-19,JAL2718,MMB,CTS,17:25,18:10,女満別,新千歳
2026-09-19,JAL2728,MMB,OKD,19:10,20:00,女満別,丘珠
2026-09-19,JAL566,MMB,HND,19:50,21:45,女満別,羽田
2026-09-19,RAC862,MMD,OKA,09:30,10:35,南大東,那覇
2026-09-19,RAC864,MMD,OKA,15:55,16:55,南大東,那覇
2026-09-19,JAL4362,MMJ,UKB,10:00,11:00,松本,神戸
2026-09-19,JAL4352,MMJ,CTS,11:35,13:15,松本,新千歳
2026-09-19,JAL4344,MMJ,FUK,13:10,14:50,松本,福岡
2026-09-19,JAL4372,MMJ,OKD,16:10,17:40,松本,丘珠
2026-09-19,JAL4348,MMJ,FUK,17:45,19:25,松本,福岡
2026-09-19,JTA552,MMY,OKA,08:50,09:45,宮古,那覇
2026-09-19,RAC891,MMY,TRA,09:20,09:45,宮古,多良間
2026-09-19,JTA556,MMY,OKA,10:40,11:35,宮古,那覇
2026-09-19,RAC831,MMY,ISG,11:30,12:00,宮古,新石垣
2026-09-19,JTA558,MMY,OKA,12:10,13:05,宮古,那覇
2026-09-19,JTA560,MMY,OKA,13:25,14:20,宮古,那覇
2026-09-19,JAL934,MMY,HND,14:25,17:15,宮古,羽田
2026-09-19,RAC897,MMY,TRA,15:50,16:15,宮古,多良間
2026-09-19,JTA562,MMY,OKA,16:05,17:00,宮古,那覇
2026-09-19,JTA564,MMY,OKA,16:55,17:50,宮古,那覇
2026-09-19,RAC839,MMY,ISG,17:45,18:15,宮古,新石垣
2026-09-19,JTA572,MMY,OKA,17:55,18:50,宮古,那覇
2026-09-19,JTA128,MMY,KIX,19:25,21:40,宮古,関西国際
2026-09-19,RAC804,MMY,OKA,20:00,20:55,宮古,那覇
2026-09-19,JAL152,MSJ,HND,10:00,11:25,三沢,羽田
2026-09-19,JAL2162,MSJ,ITM,11:20,13:00,三沢,伊丹
2026-09-19,JAL154,MSJ,HND,12:50,14:15,三沢,羽田
2026-09-19,JAL2816,MSJ,OKD,13:10,14:05,三沢,丘珠
2026-09-19,JAL156,MSJ,HND,16:50,18:15,三沢,羽田
2026-09-19,JAL2166,MSJ,ITM,17:45,19:25,三沢,伊丹
2026-09-19,JAL158,MSJ,HND,19:10,20:35,三沢,羽田
2026-09-19,JAL430,MYJ,HND,07:10,08:40,松山,羽田
2026-09-19,JAL3592,MYJ,FUK,08:25,09:15,松山,福岡
2026-09-19,JAL432,MYJ,HND,09:10,10:40,松山,羽田
2026-09-19,JAL2300,MYJ,ITM,10:45,11:35,松山,伊丹
2026-09-19,JAL434,MYJ,HND,11:25,12:55,松山,羽田
2026-09-19,JAL3596,MYJ,FUK,13:30,14:15,松山,福岡
2026-09-19,JAL436,MYJ,HND,14:20,15:55,松山,羽田
2026-09-19,JAL3602,MYJ,FUK,14:45,15:35,松山,福岡
2026-09-19,JAL438,MYJ,HND,17:35,19:10,松山,羽田
2026-09-19,JAL3608,MYJ,FUK,17:45,18:40,松山,福岡
2026-09-19,JAL440,MYJ,HND,19:00,20:35,松山,羽田
2026-09-19,JAL2310,MYJ,ITM,19:00,20:00,松山,伊丹
2026-09-19,JAL3686,MYJ,KOJ,20:20,21:20,松山,鹿児島
2026-09-19,JAL202,NGO,HND,07:40,08:40,中部国際,羽田
2026-09-19,JAL3101,NGO,CTS,08:05,09:50,中部国際,新千歳
2026-09-19,JAL3082,NGO,NRT,08:20,09:30,中部国際,成田
2026-09-19,JTA045,NGO,OKA,08:30,10:45,中部国際,那覇
2026-09-19,JAL4535,NGO,KMJ,10:45,12:10,中部国際,熊本
2026-09-19,JAL3107,NGO,CTS,12:40,14:20,中部国際,新千歳
2026-09-19,JAL3084,NGO,NRT,14:35,15:50,中部国際,成田
2026-09-19,JAL4537,NGO,KMJ,14:35,16:00,中部国際,熊本
2026-09-19,JTA047,NGO,OKA,14:55,17:10,中部国際,那覇
2026-09-19,JAL3117,NGO,CTS,17:30,19:10,中部国際,新千歳
2026-09-19,JAL4517,NGO,KCZ,18:20,19:20,中部国際,高知
2026-09-19,JTA049,NGO,OKA,18:50,21:00,中部国際,那覇
2026-09-19,JAL208,NGO,HND,20:55,22:00,中部国際,羽田
2026-09-19,JAL606,NGS,HND,07:25,09:10,長崎,羽田
2026-09-19,JAL4051,NGS,TSJ,07:30,08:05,長崎,対馬
2026-09-19,JAL2372,NGS,ITM,08:50,10:00,長崎,伊丹
2026-09-19,JAL4041,NGS,IKI,08:55,09:25,長崎,壱岐
2026-09-19,JAL4073,NGS,FUJ,09:50,10:20,長崎,五島福江
2026-09-19,JAL608,NGS,HND,10:00,11:45,長崎,羽田
2026-09-19,JAL4053,NGS,TSJ,11:00,11:35,長崎,対馬
2026-09-19,JAL610,NGS,HND,12:35,14:25,長崎,羽田
2026-09-19,JAL2374,NGS,ITM,13:00,14:10,長崎,伊丹
2026-09-19,JAL4075,NGS,FUJ,13:20,13:50,長崎,五島福江
2026-09-19,JAL2376,NGS,ITM,14:45,15:55,長崎,伊丹
2026-09-19,JAL4077,NGS,FUJ,14:45,15:15,長崎,五島福江
2026-09-19,JAL612,NGS,HND,15:05,17:00,長崎,羽田
2026-09-19,JAL614,NGS,HND,16:05,18:00,長崎,羽田
2026-09-19,JAL4043,NGS,IKI,16:50,17:20,長崎,壱岐
2026-09-19,JAL4061,NGS,TSJ,19:00,19:35,長崎,対馬
2026-09-19,JAL2378,NGS,ITM,19:10,20:25,長崎,伊丹
2026-09-19,JAL616,NGS,HND,20:25,22:10,長崎,羽田
2026-09-19,JAL4381,NKM,FUK,07:00,08:25,名古屋,福岡
2026-09-19,JAL4461,NKM,IZO,07:15,08:15,名古屋,出雲
2026-09-19,JAL4451,NKM,OKD,07:20,09:00,名古屋,丘珠
2026-09-19,JAL4411,NKM,HNA,07:30,08:40,名古屋,花巻
2026-09-19,JAL4377,NKM,KCZ,07:45,08:45,名古屋,高知
2026-09-19,JAL4401,NKM,KMJ,07:50,09:15,名古屋,熊本
2026-09-19,JAL4383,NKM,FUK,08:00,09:25,名古屋,福岡
2026-09-19,JAL4421,NKM,AOJ,08:25,09:45,名古屋,青森
2026-09-19,JAL4441,NKM,GAJ,09:05,10:10,名古屋,山形
2026-09-19,JAL4433,NKM,KIJ,10:20,11:15,名古屋,新潟
2026-09-19,JAL4385,NKM,FUK,10:55,12:20,名古屋,福岡
2026-09-19,JAL4463,NKM,IZO,11:00,12:00,名古屋,出雲
2026-09-19,JAL4423,NKM,AOJ,11:35,12:55,名古屋,青森
2026-09-19,JAL4413,NKM,HNA,12:15,13:25,名古屋,花巻
2026-09-19,JAL4443,NKM,GAJ,12:20,13:25,名古屋,山形
2026-09-19,JAL4455,NKM,OKD,13:30,15:10,名古屋,丘珠
2026-09-19,JAL4379,NKM,KCZ,14:10,15:10,名古屋,高知
2026-09-19,JAL4417,NKM,HNA,16:00,17:10,名古屋,花巻
2026-09-19,JAL4457,NKM,OKD,16:50,18:30,名古屋,丘珠
2026-09-19,JAL4467,NKM,IZO,17:05,18:05,名古屋,出雲
2026-09-19,JAL4427,NKM,AOJ,18:00,19:20,名古屋,青森
2026-09-19,JAL4409,NKM,KMJ,18:05,19:30,名古屋,熊本
2026-09-19,JAL4393,NKM,FUK,19:35,21:00,名古屋,福岡
2026-09-19,JAL3083,NRT,NGO,10:30,11:40,成田,中部国際
2026-09-19,JAL3009,NRT,ITM,18:25,19:50,成田,伊丹
2026-09-19,JAL3087,NRT,NGO,18:55,20:10,成田,中部国際
2026-09-19,JAL570,OBO,HND,09:55,11:40,帯広,羽田
2026-09-19,JAL572,OBO,HND,13:10,14:55,帯広,羽田
2026-09-19,JAL574,OBO,HND,16:15,18:00,帯広,羽田
2026-09-19,JAL576,OBO,HND,20:00,21:40,帯広,羽田
2026-09-19,RAC742,OGN,ISG,08:55,09:25,与那国,新石垣
2026-09-19,RAC724,OGN,OKA,11:15,12:35,与那国,那覇
2026-09-19,RAC744,OGN,ISG,13:35,14:05,与那国,新石垣
2026-09-19,RAC746,OGN,ISG,16:50,17:20,与那国,新石垣
2026-09-19,RAC728,OGN,OKA,18:50,20:10,与那国,那覇
2026-09-19,JAL2792,OIR,HKD,12:45,13:15,奥尻,函館
2026-09-19,JAL662,OIT,HND,07:35,09:10,大分,羽田
2026-09-19,JAL2362,OIT,ITM,08:45,09:40,大分,伊丹
2026-09-19,JAL664,OIT,HND,10:25,11:55,大分,羽田
2026-09-19,JAL2364,OIT,ITM,11:35,12:35,大分,伊丹
2026-09-19,JAL668,OIT,HND,11:50,13:30,大分,羽田
2026-09-19,JAL670,OIT,HND,14:25,16:05,大分,羽田
2026-09-19,JAL672,OIT,HND,17:20,19:00,大分,羽田
2026-09-19,JAL674,OIT,HND,19:05,20:40,大分,羽田
2026-09-19,JAL2366,OIT,ITM,19:10,20:15,大分,伊丹
2026-09-19,JTA002,OKA,KIX,07:10,09:05,那覇,関西国際
2026-09-19,JTA050,OKA,FUK,07:10,08:50,那覇,福岡
2026-09-19,JTA551,OKA,MMY,07:15,08:10,那覇,宮古
2026-09-19,JTA601,OKA,ISG,07:15,08:15,那覇,新石垣
2026-09-19,RAC721,OKA,OGN,07:15,08:25,那覇,与那国
2026-09-19,JAL900,OKA,HND,07:25,09:50,那覇,羽田
2026-09-19,RAC871,OKA,UEO,07:45,08:15,那覇,久米島
2026-09-19,RAC861,OKA,MMD,08:00,09:00,那覇,南大東
2026-09-19,RAC801,OKA,MMY,08:00,08:50,那覇,宮古
2026-09-19,JTA2062,OKA,FUK,08:30,10:10,那覇,福岡
2026-09-19,JTA605,OKA,ISG,09:35,10:30,那覇,新石垣
2026-09-19,JAL902,OKA,HND,09:55,12:25,那覇,羽田
2026-09-19,RAC873,OKA,UEO,09:55,10:25,那覇,久米島
2026-09-19,JTA052,OKA,FUK,10:25,12:10,那覇,福岡
2026-09-19,JTA557,OKA,MMY,10:40,11:30,那覇,宮古
2026-09-19,JAL904,OKA,HND,10:50,13:25,那覇,羽田
2026-09-19,JTA036,OKA,KMQ,11:10,13:25,那覇,小松
2026-09-19,JTA004,OKA,KIX,11:10,13:10,那覇,関西国際
2026-09-19,RAC841,OKA,KTD,11:20,12:20,那覇,北大東
2026-09-19,JAL906,OKA,HND,11:40,14:15,那覇,羽田
2026-09-19,JTA042,OKA,NGO,11:55,14:05,那覇,中部国際
2026-09-19,JAL2084,OKA,ITM,11:55,13:55,那覇,伊丹
2026-09-19,JTA559,OKA,MMY,11:55,12:45,那覇,宮古
2026-09-19,JAL908,OKA,HND,12:15,14:50,那覇,羽田
2026-09-19,JTA609,OKA,ISG,12:15,13:15,那覇,新石垣
2026-09-19,RAC877,OKA,UEO,12:20,12:50,那覇,久米島
2026-09-19,JAL992,OKA,HND,12:30,15:05,那覇,羽田
2026-09-19,JAL910,OKA,HND,13:15,15:50,那覇,羽田
2026-09-19,RAC815,OKA,RNJ,13:15,13:55,那覇,与論
2026-09-19,JTA054,OKA,FUK,13:20,15:05,那覇,福岡
2026-09-19,JTA211,OKA,UEO,13:45,14:20,那覇,久米島
2026-09-19,JAL3867,OKA,ASJ,13:55,14:55,那覇,奄美
2026-09-19,JAL912,OKA,HND,14:00,16:35,那覇,羽田
2026-09-19,RAC863,OKA,MMD,14:25,15:25,那覇,南大東
2026-09-19,JTA563,OKA,MMY,14:30,15:25,那覇,宮古
2026-09-19,JAL3715,OKA,OKE,14:35,15:25,那覇,沖永良部
2026-09-19,JTA617,OKA,ISG,14:45,15:45,那覇,新石垣
2026-09-19,JAL988,OKA,HND,14:55,17:35,那覇,羽田
2026-09-19,RAC727,OKA,OGN,14:55,16:10,那覇,与那国
2026-09-19,JTA058,OKA,FUK,15:00,16:45,那覇,福岡
2026-09-19,JTA565,OKA,MMY,15:25,16:15,那覇,宮古
2026-09-19,JAL914,OKA,HND,15:40,18:15,那覇,羽田
2026-09-19,RAC879,OKA,UEO,15:40,16:15,那覇,久米島
2026-09-19,JTA044,OKA,NGO,15:45,17:55,那覇,中部国際
2026-09-19,JTA571,OKA,MMY,16:25,17:15,那覇,宮古
2026-09-19,JTA621,OKA,ISG,17:00,18:00,那覇,新石垣
2026-09-19,RAC881,OKA,UEO,17:25,17:55,那覇,久米島
2026-09-19,JTA008,OKA,KIX,17:40,19:40,那覇,関西国際
2026-09-19,JAL916,OKA,HND,17:45,20:15,那覇,羽田
2026-09-19,JAL2088,OKA,ITM,17:55,19:55,那覇,伊丹
2026-09-19,JTA573,OKA,MMY,17:55,18:45,那覇,宮古
2026-09-19,RAC883,OKA,UEO,18:10,18:40,那覇,久米島
2026-09-19,JTA625,OKA,ISG,18:10,19:10,那覇,新石垣
2026-09-19,JTA016,OKA,OKJ,18:30,20:20,那覇,岡山
2026-09-19,JTA060,OKA,FUK,18:30,20:10,那覇,福岡
2026-09-19,JAL918,OKA,HND,18:50,21:20,那覇,羽田
2026-09-19,JAL920,OKA,HND,19:30,22:00,那覇,羽田
2026-09-19,JTA062,OKA,FUK,19:40,21:25,那覇,福岡
2026-09-19,JTA046,OKA,NGO,19:45,21:55,那覇,中部国際
2026-09-19,JAL922,OKA,HND,20:30,23:00,那覇,羽田
2026-09-19,JAL2741,OKD,HKD,07:35,08:15,丘珠,函館
2026-09-19,JAL2783,OKD,RIS,07:50,08:45,丘珠,利尻
2026-09-19,JAL2761,OKD,KUH,08:00,08:45,丘珠,釧路
2026-09-19,JAL2721,OKD,MMB,09:05,09:50,丘珠,女満別
2026-09-19,JAL4371,OKD,MMJ,09:30,11:05,丘珠,松本
2026-09-19,JAL2731,OKD,SHB,09:55,10:45,丘珠,根室中標津
2026-09-19,JAL2745,OKD,HKD,10:35,11:15,丘珠,函館
2026-09-19,JAL2823,OKD,AXT,10:45,11:55,丘珠,秋田
2026-09-19,JAL4452,OKD,NKM,11:10,12:55,丘珠,名古屋
2026-09-19,JAL2815,OKD,MSJ,11:40,12:40,丘珠,三沢
2026-09-19,JAL2749,OKD,HKD,12:45,13:25,丘珠,函館
2026-09-19,JAL2765,OKD,KUH,14:10,14:55,丘珠,釧路
2026-09-19,JAL2751,OKD,HKD,14:45,15:25,丘珠,函館
2026-09-19,JAL2787,OKD,RIS,15:00,15:55,丘珠,利尻
2026-09-19,JAL2737,OKD,SHB,15:10,16:00,丘珠,根室中標津
2026-09-19,JAL4456,OKD,NKM,15:40,17:25,丘珠,名古屋
2026-09-19,JAL2767,OKD,KUH,16:45,17:30,丘珠,釧路
2026-09-19,JAL2825,OKD,AXT,17:05,18:15,丘珠,秋田
2026-09-19,JAL2727,OKD,MMB,17:55,18:40,丘珠,女満別
2026-09-19,JAL2755,OKD,HKD,18:05,18:45,丘珠,函館
2026-09-19,JAL4332,OKD,FSZ,18:15,20:05,丘珠,静岡
2026-09-19,JAL4458,OKD,NKM,19:00,20:45,丘珠,名古屋
2026-09-19,JAL3800,OKE,KOJ,09:15,10:35,沖永良部,鹿児島
2026-09-19,JAL3716,OKE,OKA,12:55,13:45,沖永良部,那覇
2026-09-19,JAL3710,OKE,TKN,15:55,16:20,沖永良部,徳之島
2026-09-19,JAL3808,OKE,KOJ,16:50,18:10,沖永良部,鹿児島
2026-09-19,JAL3434,OKI,IZO,10:00,10:30,隠岐,出雲
2026-09-19,JAL2332,OKI,ITM,15:05,15:50,隠岐,伊丹
2026-09-19,JAL232,OKJ,HND,07:05,08:25,岡山,羽田
2026-09-19,JTA013,OKJ,OKA,08:30,10:30,岡山,那覇
2026-09-19,JAL234,OKJ,HND,10:15,11:30,岡山,羽田
2026-09-19,JAL236,OKJ,HND,12:20,13:40,岡山,羽田
2026-09-19,JAL240,OKJ,HND,17:30,18:55,岡山,羽田
2026-09-19,JAL242,OKJ,HND,19:25,20:40,岡山,羽田
2026-09-19,JAL2784,RIS,OKD,09:15,10:05,利尻,丘珠
2026-09-19,JAL2788,RIS,OKD,16:25,17:15,利尻,丘珠
2026-09-19,JAL3866,RNJ,OKA,12:30,13:15,与論,那覇
2026-09-19,JAL3826,RNJ,KOJ,13:15,14:45,与論,鹿児島
2026-09-19,RAC816,RNJ,OKA,14:25,15:00,与論,那覇
2026-09-19,JAL2200,SDJ,ITM,07:35,08:55,仙台,伊丹
2026-09-19,JAL2901,SDJ,CTS,07:50,09:00,仙台,新千歳
2026-09-19,JAL2903,SDJ,CTS,09:10,10:25,仙台,新千歳
2026-09-19,JAL2202,SDJ,ITM,09:15,10:30,仙台,伊丹
2026-09-19,JAL4528,SDJ,FUK,11:15,13:20,仙台,福岡
2026-09-19,JAL2204,SDJ,ITM,11:20,12:35,仙台,伊丹
2026-09-19,JAL2206,SDJ,ITM,12:40,13:55,仙台,伊丹
2026-09-19,JAL2905,SDJ,CTS,12:45,13:55,仙台,新千歳
2026-09-19,JAL2210,SDJ,ITM,15:35,16:50,仙台,伊丹
2026-09-19,JAL2212,SDJ,ITM,16:10,17:25,仙台,伊丹
2026-09-19,JAL2907,SDJ,CTS,17:15,18:25,仙台,新千歳
2026-09-19,JAL4530,SDJ,FUK,17:45,19:50,仙台,福岡
2026-09-19,JAL2216,SDJ,ITM,19:00,20:25,仙台,伊丹
2026-09-19,JAL2909,SDJ,CTS,20:30,21:40,仙台,新千歳
2026-09-19,JAL2732,SHB,OKD,11:15,12:10,根室中標津,丘珠
2026-09-19,JAL2738,SHB,OKD,16:30,17:25,根室中標津,丘珠
2026-09-19,SKY542,SHI,OKA,11:50,12:40,下地島,那覇
2026-09-19,SKY546,SHI,OKA,13:50,14:40,下地島,那覇
2026-09-19,SKY164,SHI,UKB,15:25,17:35,下地島,神戸
2026-09-19,SKY564,SHI,FUK,16:00,18:00,下地島,福岡
2026-09-19,SKY618,SHI,HND,17:10,19:50,下地島,羽田
2026-09-19,JAL212,SHM,HND,09:30,10:40,南紀白浜,羽田
2026-09-19,JAL214,SHM,HND,13:45,15:00,南紀白浜,羽田
2026-09-19,JAL218,SHM,HND,18:25,19:40,南紀白浜,羽田
2026-09-19,JAL474,TAK,HND,07:05,08:25,高松,羽田
2026-09-19,JAL476,TAK,HND,09:45,11:00,高松,羽田
2026-09-19,JAL478,TAK,HND,11:45,13:05,高松,羽田
2026-09-19,JAL480,TAK,HND,13:10,14:30,高松,羽田
2026-09-19,JAL482,TAK,HND,15:15,16:40,高松,羽田
2026-09-19,JAL484,TAK,HND,17:20,18:45,高松,羽田
2026-09-19,JAL486,TAK,HND,20:40,21:55,高松,羽田
2026-09-19,JAL2324,TJH,ITM,10:10,10:45,但馬,伊丹
2026-09-19,JAL2326,TJH,ITM,18:00,18:40,但馬,伊丹
2026-09-19,JAL3842,TKN,ASJ,09:40,10:10,徳之島,奄美
2026-09-19,JAL3792,TKN,KOJ,10:25,11:20,徳之島,鹿児島
2026-09-19,JAL3711,TKN,OKE,12:00,12:25,徳之島,沖永良部
2026-09-19,JAL3794,TKN,KOJ,14:55,16:15,徳之島,鹿児島
2026-09-19,JAL3844,TKN,ASJ,16:50,17:20,徳之島,奄美
2026-09-19,JAL3796,TKN,KOJ,17:40,18:35,徳之島,鹿児島
2026-09-19,JAL3798,TKN,KOJ,19:00,20:15,徳之島,鹿児島
2026-09-19,JAL452,TKS,HND,07:05,08:20,徳島,羽田
2026-09-19,JAL454,TKS,HND,08:55,10:15,徳島,羽田
2026-09-19,JAL3564,TKS,FUK,11:30,12:35,徳島,福岡
2026-09-19,JAL456,TKS,HND,12:20,13:40,徳島,羽田
2026-09-19,JAL460,TKS,HND,14:45,16:10,徳島,羽田
2026-09-19,JAL462,TKS,HND,17:40,19:05,徳島,羽田
2026-09-19,JAL3568,TKS,FUK,20:05,21:10,徳島,福岡
2026-09-19,JAL464,TKS,HND,20:35,21:55,徳島,羽田
2026-09-19,JAL3760,TNE,KOJ,09:20,09:55,種子島,鹿児島
2026-09-19,JAL3764,TNE,KOJ,12:10,12:45,種子島,鹿児島
2026-09-19,JAL3772,TNE,KOJ,18:00,18:35,種子島,鹿児島
2026-09-19,RAC892,TRA,MMY,10:20,10:45,多良間,宮古
2026-09-19,RAC898,TRA,MMY,16:50,17:15,多良間,宮古
2026-09-19,JAL4052,TSJ,NGS,08:35,09:15,対馬,長崎
2026-09-19,JAL4080,TSJ,FUK,08:50,09:25,対馬,福岡
2026-09-19,JAL4082,TSJ,FUK,11:00,11:35,対馬,福岡
2026-09-19,JAL4054,TSJ,NGS,12:05,12:45,対馬,長崎
2026-09-19,JAL4062,TSJ,NGS,20:05,20:45,対馬,長崎
2026-09-19,JAL290,UBJ,HND,07:40,09:20,山口宇部,羽田
2026-09-19,JAL292,UBJ,HND,10:20,12:00,山口宇部,羽田
2026-09-19,JAL294,UBJ,HND,15:00,16:45,山口宇部,羽田
2026-09-19,JAL296,UBJ,HND,19:00,20:40,山口宇部,羽田
2026-09-19,RAC872,UEO,OKA,08:45,09:20,久米島,那覇
2026-09-19,RAC874,UEO,OKA,10:55,11:30,久米島,那覇
2026-09-19,RAC878,UEO,OKA,13:20,13:55,久米島,那覇
2026-09-19,JTA212,UEO,OKA,15:00,15:40,久米島,那覇
2026-09-19,RAC880,UEO,OKA,16:45,17:20,久米島,那覇
2026-09-19,RAC882,UEO,OKA,18:25,19:00,久米島,那覇
2026-09-19,RAC884,UEO,OKA,19:10,19:45,久米島,那覇
2026-09-19,JAL4363,UKB,MMJ,11:40,12:40,神戸,松本
2026-09-20,JAL552,AKJ,HND,09:50,11:35,旭川,羽田
2026-09-20,JAL554,AKJ,HND,13:40,15:25,旭川,羽田
2026-09-20,JAL556,AKJ,HND,16:25,18:15,旭川,羽田
2026-09-20,JAL558,AKJ,HND,19:55,21:40,旭川,羽田
2026-09-20,JAL140,AOJ,HND,07:35,08:55,青森,羽田
2026-09-20,JAL142,AOJ,HND,08:35,09:55,青森,羽田
2026-09-20,JAL2150,AOJ,ITM,09:50,11:20,青森,伊丹
2026-09-20,JAL4422,AOJ,NKM,10:15,11:40,青森,名古屋
2026-09-20,JAL2804,AOJ,CTS,11:00,11:45,青森,新千歳
2026-09-20,JAL144,AOJ,HND,12:00,13:20,青森,羽田
2026-09-20,JAL4424,AOJ,NKM,13:25,14:50,青森,名古屋
2026-09-20,JAL2154,AOJ,ITM,14:00,15:30,青森,伊丹
2026-09-20,JAL2806,AOJ,CTS,15:00,15:45,青森,新千歳
2026-09-20,JAL146,AOJ,HND,15:20,16:40,青森,羽田
2026-09-20,JAL148,AOJ,HND,17:55,19:15,青森,羽田
2026-09-20,JAL2158,AOJ,ITM,18:45,20:30,青森,伊丹
2026-09-20,JAL4428,AOJ,NKM,19:50,21:15,青森,名古屋
2026-09-20,JAL2810,AOJ,CTS,20:15,21:00,青森,新千歳
2026-09-20,JAL150,AOJ,HND,20:45,22:05,青森,羽田
2026-09-20,JAL3722,ASJ,KOJ,08:45,09:35,奄美,鹿児島
2026-09-20,JAL3831,ASJ,KKX,09:25,09:45,奄美,喜界
2026-09-20,JAL3841,ASJ,TKN,10:55,11:25,奄美,徳之島
2026-09-20,JAL3861,ASJ,RNJ,11:15,12:00,奄美,与論
2026-09-20,JAL3726,ASJ,KOJ,11:45,12:35,奄美,鹿児島
2026-09-20,JAL2464,ASJ,ITM,12:05,13:35,奄美,伊丹
2026-09-20,JAL3728,ASJ,KOJ,13:20,14:15,奄美,鹿児島
2026-09-20,JAL658,ASJ,HND,14:20,16:30,奄美,羽田
2026-09-20,JAL3730,ASJ,KOJ,14:35,15:30,奄美,鹿児島
2026-09-20,JAL3837,ASJ,KKX,15:40,16:00,奄美,喜界
2026-09-20,JAL3734,ASJ,KOJ,17:25,18:30,奄美,鹿児島
2026-09-20,JAL3843,ASJ,TKN,18:00,18:30,奄美,徳之島
2026-09-20,JAL3684,ASJ,FUK,18:20,19:40,奄美,福岡
2026-09-20,JAL3738,ASJ,KOJ,19:00,20:05,奄美,鹿児島
2026-09-20,JAL3890,AXJ,FUK,07:40,08:20,天草,福岡
2026-09-20,JAL3872,AXJ,KMJ,09:55,10:15,天草,熊本
2026-09-20,JAL3894,AXJ,FUK,15:45,16:25,天草,福岡
2026-09-20,JAL3898,AXJ,FUK,18:00,18:40,天草,福岡
2026-09-20,JAL162,AXT,HND,08:45,09:55,秋田,羽田
2026-09-20,JAL2172,AXT,ITM,09:45,11:10,秋田,伊丹
2026-09-20,JAL164,AXT,HND,12:10,13:20,秋田,羽田
2026-09-20,JAL2824,AXT,OKD,12:25,13:30,秋田,丘珠
2026-09-20,JAL2174,AXT,ITM,14:10,15:35,秋田,伊丹
2026-09-20,JAL166,AXT,HND,17:00,18:10,秋田,羽田
2026-09-20,JAL2176,AXT,ITM,18:15,19:40,秋田,伊丹
2026-09-20,JAL2826,AXT,OKD,18:45,19:50,秋田,丘珠
2026-09-20,JAL168,AXT,HND,20:50,22:00,秋田,羽田
2026-09-20,JAL2900,CTS,SDJ,07:35,08:40,新千歳,仙台
2026-09-20,JAL590,CTS,HND,07:35,09:10,新千歳,羽田
2026-09-20,JAL2713,CTS,MMB,07:40,08:25,新千歳,女満別
2026-09-20,JAL500,CTS,HND,07:40,09:20,新千歳,羽田
2026-09-20,JAL502,CTS,HND,08:50,10:25,新千歳,羽田
2026-09-20,JAL2000,CTS,ITM,09:00,10:50,新千歳,伊丹
2026-09-20,JAL2803,CTS,AOJ,09:40,10:25,新千歳,青森
2026-09-20,JAL504,CTS,HND,09:45,11:25,新千歳,羽田
2026-09-20,JAL3106,CTS,NGO,10:10,11:55,新千歳,中部国際
2026-09-20,JAL2831,CTS,HNA,10:15,11:10,新千歳,花巻
2026-09-20,JAL3510,CTS,FUK,10:30,12:55,新千歳,福岡
2026-09-20,JAL4483,CTS,KIJ,10:40,12:00,新千歳,新潟
2026-09-20,JAL506,CTS,HND,10:50,12:30,新千歳,羽田
2026-09-20,JAL2902,CTS,SDJ,11:00,12:10,新千歳,仙台
2026-09-20,JAL508,CTS,HND,11:25,13:05,新千歳,羽田
2026-09-20,JAL2504,CTS,KIX,11:50,14:05,新千歳,関西国際
2026-09-20,JAL2004,CTS,ITM,12:05,14:00,新千歳,伊丹
2026-09-20,JAL2715,CTS,MMB,12:30,13:15,新千歳,女満別
2026-09-20,JAL510,CTS,HND,12:45,14:30,新千歳,羽田
2026-09-20,JAL3512,CTS,FUK,13:30,15:55,新千歳,福岡
2026-09-20,JAL4324,CTS,FSZ,13:35,15:30,新千歳,静岡
2026-09-20,JAL2805,CTS,AOJ,13:40,14:25,新千歳,青森
2026-09-20,JAL512,CTS,HND,14:00,15:40,新千歳,羽田
2026-09-20,JAL4485,CTS,KIJ,14:05,15:25,新千歳,新潟
2026-09-20,JAL4491,CTS,GAJ,14:35,15:50,新千歳,山形
2026-09-20,JAL2904,CTS,SDJ,14:35,15:40,新千歳,仙台
2026-09-20,JAL3406,CTS,HIJ,15:00,17:05,新千歳,広島
2026-09-20,JAL3114,CTS,NGO,15:05,16:50,新千歳,中部国際
2026-09-20,JAL2008,CTS,ITM,15:05,17:00,新千歳,伊丹
2026-09-20,JAL514,CTS,HND,15:10,16:55,新千歳,羽田
2026-09-20,JAL4353,CTS,MMJ,15:40,17:15,新千歳,松本
2026-09-20,JAL2010,CTS,ITM,15:55,17:45,新千歳,伊丹
2026-09-20,JAL516,CTS,HND,16:05,17:45,新千歳,羽田
2026-09-20,JAL2719,CTS,MMB,16:10,16:50,新千歳,女満別
2026-09-20,JAL2839,CTS,HNA,16:30,17:25,新千歳,花巻
2026-09-20,JAL518,CTS,HND,17:00,18:45,新千歳,羽田
2026-09-20,JAL520,CTS,HND,17:15,18:55,新千歳,羽田
2026-09-20,JAL2016,CTS,ITM,17:45,19:40,新千歳,伊丹
2026-09-20,JAL2506,CTS,KIX,17:55,20:10,新千歳,関西国際
2026-09-20,JAL522,CTS,HND,18:00,19:45,新千歳,羽田
2026-09-20,JAL4472,CTS,FUK,18:05,20:55,新千歳,福岡
2026-09-20,JAL2809,CTS,AOJ,18:45,19:30,新千歳,青森
2026-09-20,JAL2906,CTS,SDJ,18:55,20:00,新千歳,仙台
2026-09-20,JAL524,CTS,HND,19:15,20:55,新千歳,羽田
2026-09-20,JAL2910,CTS,SDJ,19:45,20:50,新千歳,仙台
2026-09-20,JAL3118,CTS,NGO,19:55,21:40,新千歳,中部国際
2026-09-20,JAL526,CTS,HND,20:15,21:55,新千歳,羽田
2026-09-20,JAL528,CTS,HND,21:10,22:55,新千歳,羽田
2026-09-20,JAL530,CTS,HND,21:20,23:05,新千歳,羽田
2026-09-20,JAL4312,FSZ,FUK,08:10,09:50,静岡,福岡
2026-09-20,JAL4331,FSZ,OKD,08:55,10:40,静岡,丘珠
2026-09-20,JAL4323,FSZ,CTS,12:10,14:00,静岡,新千歳
2026-09-20,JAL4305,FSZ,KOJ,12:40,14:15,静岡,鹿児島
2026-09-20,JAL4314,FSZ,FUK,16:15,18:00,静岡,福岡
2026-09-20,JAL4316,FSZ,FUK,17:00,18:45,静岡,福岡
2026-09-20,JAL4094,FUJ,FUK,10:50,11:35,五島福江,福岡
2026-09-20,JAL4074,FUJ,NGS,13:40,14:10,五島福江,長崎
2026-09-20,JAL4098,FUJ,FUK,14:20,15:05,五島福江,福岡
2026-09-20,JAL4076,FUJ,NGS,15:45,16:15,五島福江,長崎
2026-09-20,JAL4078,FUJ,NGS,17:00,17:30,五島福江,長崎
2026-09-20,JAL4096,FUJ,FUK,17:55,18:40,五島福江,福岡
2026-09-20,JAL300,FUK,HND,07:00,08:45,福岡,羽田
2026-09-20,JAL3681,FUK,ASJ,07:05,08:15,福岡,奄美
2026-09-20,JAL3591,FUK,MYJ,07:10,07:55,福岡,松山
2026-09-20,JAL3551,FUK,IZO,07:15,08:25,福岡,出雲
2026-09-20,JAL3623,FUK,KMI,07:15,08:00,福岡,宮崎
2026-09-20,JTA051,FUK,OKA,07:15,08:50,福岡,那覇
2026-09-20,JAL302,FUK,HND,07:20,09:05,福岡,羽田
2026-09-20,JAL4471,FUK,CTS,07:45,10:05,福岡,新千歳
2026-09-20,JAL4079,FUK,TSJ,07:45,08:20,福岡,対馬
2026-09-20,JAL2050,FUK,ITM,07:50,08:55,福岡,伊丹
2026-09-20,JAL4341,FUK,MMJ,08:00,09:30,福岡,松本
2026-09-20,JAL304,FUK,HND,08:05,09:50,福岡,羽田
2026-09-20,JAL3891,FUK,AXJ,08:50,09:25,福岡,天草
2026-09-20,JAL4529,FUK,SDJ,08:55,10:45,福岡,仙台
2026-09-20,JAL3581,FUK,KCZ,09:00,09:55,福岡,高知
2026-09-20,JAL306,FUK,HND,09:10,10:55,福岡,羽田
2026-09-20,JAL4382,FUK,NKM,09:10,10:30,福岡,名古屋
2026-09-20,JTA053,FUK,OKA,09:30,11:15,福岡,那覇
2026-09-20,JAL3625,FUK,KMI,09:45,10:35,福岡,宮崎
2026-09-20,JAL3563,FUK,TKS,09:55,10:55,福岡,徳島
2026-09-20,JAL4313,FUK,FSZ,09:55,11:25,福岡,静岡
2026-09-20,JAL4081,FUK,TSJ,09:55,10:30,福岡,対馬
2026-09-20,JAL308,FUK,HND,10:00,11:45,福岡,羽田
2026-09-20,JAL4315,FUK,FSZ,10:25,11:55,福岡,静岡
2026-09-20,JAL310,FUK,HND,11:00,12:50,福岡,羽田
2026-09-20,JAL3627,FUK,KMI,11:40,12:30,福岡,宮崎
2026-09-20,JAL3513,FUK,CTS,11:50,14:10,福岡,新千歳
2026-09-20,JAL312,FUK,HND,11:55,13:40,福岡,羽田
2026-09-20,JAL3595,FUK,MYJ,11:55,12:40,福岡,松山
2026-09-20,JAL4095,FUK,FUJ,12:10,13:00,福岡,五島福江
2026-09-20,JAL3629,FUK,KMI,12:40,13:25,福岡,宮崎
2026-09-20,JAL314,FUK,HND,12:50,14:40,福岡,羽田
2026-09-20,JAL3653,FUK,KOJ,12:50,13:40,福岡,鹿児島
2026-09-20,JAL4525,FUK,HNA,12:55,14:50,福岡,花巻
2026-09-20,JTA057,FUK,OKA,12:55,14:40,福岡,那覇
2026-09-20,JAL3601,FUK,MYJ,13:30,14:15,福岡,松山
2026-09-20,JAL3673,FUK,KUM,13:50,15:00,福岡,屋久島
2026-09-20,JAL4345,FUK,MMJ,13:55,15:25,福岡,松本
2026-09-20,JAL316,FUK,HND,14:00,15:50,福岡,羽田
2026-09-20,JAL3515,FUK,CTS,14:15,16:30,福岡,新千歳
2026-09-20,JAL318,FUK,HND,14:30,16:25,福岡,羽田
2026-09-20,JAL3633,FUK,KMI,14:30,15:20,福岡,宮崎
2026-09-20,JAL4390,FUK,NKM,14:55,16:15,福岡,名古屋
2026-09-20,JAL2056,FUK,ITM,15:00,16:15,福岡,伊丹
2026-09-20,JAL4531,FUK,SDJ,15:25,17:15,福岡,仙台
2026-09-20,JAL3635,FUK,KMI,15:25,16:10,福岡,宮崎
2026-09-20,JAL4099,FUK,FUJ,15:40,16:30,福岡,五島福江
2026-09-20,JAL2058,FUK,ITM,15:50,17:00,福岡,伊丹
2026-09-20,JTA061,FUK,OKA,15:55,17:35,福岡,那覇
2026-09-20,JAL320,FUK,HND,16:00,17:50,福岡,羽田
2026-09-20,JAL3587,FUK,KCZ,16:10,17:00,福岡,高知
2026-09-20,JAL322,FUK,HND,16:30,18:20,福岡,羽田
2026-09-20,JAL4477,FUK,KIJ,16:35,18:15,福岡,新潟
2026-09-20,JAL4097,FUK,FUJ,16:40,17:25,福岡,五島福江
2026-09-20,JAL3895,FUK,AXJ,16:55,17:30,福岡,天草
2026-09-20,JAL324,FUK,HND,17:05,18:55,福岡,羽田
2026-09-20,JTA063,FUK,OKA,17:25,19:05,福岡,那覇
2026-09-20,JAL3555,FUK,IZO,17:35,18:45,福岡,出雲
2026-09-20,JAL3607,FUK,MYJ,17:40,18:25,福岡,松山
2026-09-20,JAL326,FUK,HND,18:15,20:05,福岡,羽田
2026-09-20,JAL3567,FUK,TKS,18:20,19:20,福岡,徳島
2026-09-20,JAL4317,FUK,FSZ,18:50,20:20,福岡,静岡
2026-09-20,JAL2060,FUK,ITM,19:00,20:20,福岡,伊丹
2026-09-20,JAL328,FUK,HND,19:10,20:55,福岡,羽田
2026-09-20,JAL3899,FUK,AXJ,19:10,19:45,福岡,天草
2026-09-20,JAL4392,FUK,NKM,19:15,20:35,福岡,名古屋
2026-09-20,JAL3639,FUK,KMI,19:15,20:00,福岡,宮崎
2026-09-20,JAL330,FUK,HND,20:00,21:45,福岡,羽田
2026-09-20,JAL4394,FUK,NKM,20:00,21:20,福岡,名古屋
2026-09-20,JTA065,FUK,OKA,20:55,22:30,福岡,那覇
2026-09-20,JAL332,FUK,HND,21:00,22:45,福岡,羽田
2026-09-20,JAL2234,GAJ,ITM,08:50,10:10,山形,伊丹
2026-09-20,JAL174,GAJ,HND,09:50,10:55,山形,羽田
2026-09-20,JAL4442,GAJ,NKM,10:40,11:50,山形,名古屋
2026-09-20,JAL4490,GAJ,CTS,13:55,15:05,山形,新千歳
2026-09-20,JAL2236,GAJ,ITM,14:50,16:10,山形,伊丹
2026-09-20,JAL4446,GAJ,NKM,16:20,17:30,山形,名古屋
2026-09-20,JAL2238,GAJ,ITM,18:05,19:20,山形,伊丹
2026-09-20,JAL178,GAJ,HND,19:10,20:15,山形,羽田
2026-09-20,JAL252,HIJ,HND,07:35,09:00,広島,羽田
2026-09-20,JAL254,HIJ,HND,09:25,10:50,広島,羽田
2026-09-20,JAL3403,HIJ,CTS,10:50,12:45,広島,新千歳
2026-09-20,JAL256,HIJ,HND,12:10,13:35,広島,羽田
2026-09-20,JAL258,HIJ,HND,13:45,15:10,広島,羽田
2026-09-20,JAL262,HIJ,HND,16:25,17:55,広島,羽田
2026-09-20,JAL264,HIJ,HND,18:10,19:40,広島,羽田
2026-09-20,JAL266,HIJ,HND,20:35,22:00,広島,羽田
2026-09-20,JAL2742,HKD,OKD,08:45,09:25,函館,丘珠
2026-09-20,JAL584,HKD,HND,09:40,11:10,函館,羽田
2026-09-20,JAL2124,HKD,ITM,13:10,14:50,函館,伊丹
2026-09-20,JAL2750,HKD,OKD,14:00,14:40,函館,丘珠
2026-09-20,JAL586,HKD,HND,15:00,16:25,函館,羽田
2026-09-20,JAL2752,HKD,OKD,15:55,16:35,函館,丘珠
2026-09-20,JAL2756,HKD,OKD,19:15,19:55,函館,丘珠
2026-09-20,JAL588,HKD,HND,19:30,21:00,函館,羽田
2026-09-20,JAL4412,HNA,NKM,09:10,10:25,花巻,名古屋
2026-09-20,JAL2180,HNA,ITM,09:20,10:45,花巻,伊丹
2026-09-20,JAL2830,HNA,CTS,11:40,12:35,花巻,新千歳
2026-09-20,JAL2182,HNA,ITM,13:30,14:55,花巻,伊丹
2026-09-20,JAL4524,HNA,FUK,13:55,16:05,花巻,福岡
2026-09-20,JAL4416,HNA,NKM,15:20,16:35,花巻,名古屋
2026-09-20,JAL2186,HNA,ITM,15:25,16:50,花巻,伊丹
2026-09-20,JAL4418,HNA,NKM,17:40,18:55,花巻,名古屋
2026-09-20,JAL2838,HNA,CTS,17:55,18:55,花巻,新千歳
2026-09-20,JAL2190,HNA,ITM,18:40,20:15,花巻,伊丹
2026-09-20,JAL623,HND,KMJ,06:20,08:00,羽田,熊本
2026-09-20,JAL303,HND,FUK,06:25,08:10,羽田,福岡
2026-09-20,JAL641,HND,KOJ,06:25,08:05,羽田,鹿児島
2026-09-20,JAL101,HND,ITM,06:30,07:35,羽田,伊丹
2026-09-20,JAL901,HND,OKA,06:30,09:00,羽田,那覇
2026-09-20,JAL501,HND,CTS,06:35,08:05,羽田,新千歳
2026-09-20,JAL141,HND,AOJ,06:45,07:55,羽田,青森
2026-09-20,JAL431,HND,MYJ,06:50,08:15,羽田,松山
2026-09-20,JAL161,HND,AXT,07:00,08:05,羽田,秋田
2026-09-20,JAL453,HND,TKS,07:00,08:10,羽田,徳島
2026-09-20,JAL565,HND,MMB,07:05,08:45,羽田,女満別
2026-09-20,JAL305,HND,FUK,07:05,08:50,羽田,福岡
2026-09-20,JAL971,HND,ISG,07:05,09:55,羽田,新石垣
2026-09-20,JAL183,HND,KMQ,07:10,08:10,羽田,小松
2026-09-20,JAL277,HND,IZO,07:10,08:30,羽田,出雲
2026-09-20,JAL503,HND,CTS,07:15,08:45,羽田,新千歳
2026-09-20,JAL175,HND,GAJ,07:20,08:15,羽田,山形
2026-09-20,JAL221,HND,KIX,07:20,08:35,羽田,関西国際
2026-09-20,JAL903,HND,OKA,07:20,09:50,羽田,那覇
2026-09-20,JAL253,HND,HIJ,07:25,08:40,羽田,広島
2026-09-20,JAL585,HND,HKD,07:30,08:50,羽田,函館
2026-09-20,JAL103,HND,ITM,07:30,08:35,羽田,伊丹
2026-09-20,JAL491,HND,KCZ,07:30,08:50,羽田,高知
2026-09-20,JAL605,HND,NGS,07:30,09:15,羽田,長崎
2026-09-20,JAL551,HND,AKJ,07:35,09:10,羽田,旭川
2026-09-20,JAL541,HND,KUH,07:45,09:20,羽田,釧路
2026-09-20,JAL573,HND,OBO,07:45,09:15,羽田,帯広
2026-09-20,JAL213,HND,SHM,07:45,08:55,羽田,南紀白浜
2026-09-20,JAL475,HND,TAK,07:50,09:05,羽田,高松
2026-09-20,JAL291,HND,UBJ,08:00,09:40,羽田,山口宇部
2026-09-20,JAL307,HND,FUK,08:00,09:45,羽田,福岡
2026-09-20,JAL661,HND,OIT,08:00,09:35,羽田,大分
2026-09-20,JAL625,HND,KMJ,08:00,09:45,羽田,熊本
2026-09-20,JAL153,HND,MSJ,08:05,09:20,羽田,三沢
2026-09-20,JAL687,HND,KMI,08:05,09:45,羽田,宮崎
2026-09-20,JAL643,HND,KOJ,08:05,09:50,羽田,鹿児島
2026-09-20,JAL905,HND,OKA,08:05,10:40,羽田,那覇
2026-09-20,JAL201,HND,NGO,08:15,09:10,羽田,中部国際
2026-09-20,JAL231,HND,OKJ,08:15,09:30,羽田,岡山
2026-09-20,JAL373,HND,KKJ,08:15,09:50,羽田,北九州
2026-09-20,JAL505,HND,CTS,08:20,09:55,羽田,新千歳
2026-09-20,JAL107,HND,ITM,08:30,09:35,羽田,伊丹
2026-09-20,JAL907,HND,OKA,08:40,11:15,羽田,那覇
2026-09-20,JAL507,HND,CTS,08:50,10:25,羽田,新千歳
2026-09-20,JAL255,HND,HIJ,08:50,10:10,羽田,広島
2026-09-20,JAL309,HND,FUK,09:05,10:55,羽田,福岡
2026-09-20,JAL433,HND,MYJ,09:15,10:40,羽田,松山
2026-09-20,JAL493,HND,KCZ,09:15,10:35,羽田,高知
2026-09-20,JAL311,HND,FUK,09:15,11:05,羽田,福岡
2026-09-20,JAL185,HND,KMQ,09:30,10:35,羽田,小松
2026-09-20,JAL111,HND,ITM,09:35,10:40,羽田,伊丹
2026-09-20,JAL663,HND,OIT,09:35,11:10,羽田,大分
2026-09-20,JAL909,HND,OKA,09:40,12:15,羽田,那覇
2026-09-20,JAL509,HND,CTS,09:45,11:20,羽田,新千歳
2026-09-20,JAL279,HND,IZO,09:50,11:15,羽田,出雲
2026-09-20,JAL477,HND,TAK,09:50,11:05,羽田,高松
2026-09-20,JAL689,HND,KMI,09:55,11:35,羽田,宮崎
2026-09-20,JAL143,HND,AOJ,10:00,11:20,羽田,青森
2026-09-20,JAL313,HND,FUK,10:00,11:45,羽田,福岡
2026-09-20,JAL627,HND,KMJ,10:00,11:45,羽田,熊本
2026-09-20,JAL607,HND,NGS,10:05,11:55,羽田,長崎
2026-09-20,JAL645,HND,KOJ,10:05,11:50,羽田,鹿児島
2026-09-20,JAL257,HND,HIJ,10:10,11:30,羽田,広島
2026-09-20,JAL511,HND,CTS,10:15,11:50,羽田,新千歳
2026-09-20,JAL233,HND,OKJ,10:20,11:40,羽田,岡山
2026-09-20,JAL455,HND,TKS,10:25,11:40,羽田,徳島
2026-09-20,JAL163,HND,AXT,10:30,11:35,羽田,秋田
2026-09-20,JAL113,HND,ITM,10:30,11:35,羽田,伊丹
2026-09-20,JAL913,HND,OKA,10:35,13:10,羽田,那覇
2026-09-20,JAL933,HND,MMY,10:40,13:25,羽田,宮古
2026-09-20,JAL155,HND,MSJ,10:45,12:05,羽田,三沢
2026-09-20,JAL575,HND,OBO,11:00,12:35,羽田,帯広
2026-09-20,JAL315,HND,FUK,11:00,12:50,羽田,福岡
2026-09-20,JAL479,HND,TAK,11:05,12:25,羽田,高松
2026-09-20,JAL553,HND,AKJ,11:10,12:50,羽田,旭川
2026-09-20,JAL513,HND,CTS,11:25,13:05,羽田,新千歳
2026-09-20,JAL629,HND,KMJ,11:25,13:10,羽田,熊本
2026-09-20,JAL659,HND,ASJ,11:25,13:35,羽田,奄美
2026-09-20,JAL115,HND,ITM,11:30,12:35,羽田,伊丹
2026-09-20,JAL215,HND,SHM,11:30,12:40,羽田,南紀白浜
2026-09-20,JAL987,HND,OKA,11:30,14:05,羽田,那覇
2026-09-20,JAL259,HND,HIJ,11:40,13:05,羽田,広島
2026-09-20,JAL691,HND,KMI,11:40,13:25,羽田,宮崎
2026-09-20,JAL317,HND,FUK,11:55,13:45,羽田,福岡
2026-09-20,JAL915,HND,OKA,11:55,14:30,羽田,那覇
2026-09-20,JAL647,HND,KOJ,12:00,13:45,羽田,鹿児島
2026-09-20,JAL665,HND,OIT,12:05,13:40,羽田,大分
2026-09-20,JAL435,HND,MYJ,12:10,13:35,羽田,松山
2026-09-20,JAL543,HND,KUH,12:15,13:50,羽田,釧路
2026-09-20,JAL567,HND,MMB,12:25,14:10,羽田,女満別
2026-09-20,JAL117,HND,ITM,12:30,13:35,羽田,伊丹
2026-09-20,JAL609,HND,NGS,12:30,14:20,羽田,長崎
2026-09-20,JAL225,HND,KIX,12:35,14:00,羽田,関西国際
2026-09-20,JAL515,HND,CTS,12:40,14:15,羽田,新千歳
2026-09-20,JAL459,HND,TKS,12:40,14:00,羽田,徳島
2026-09-20,JAL293,HND,UBJ,12:45,14:20,羽田,山口宇部
2026-09-20,JAL587,HND,HKD,12:50,14:10,羽田,函館
2026-09-20,JAL631,HND,KMJ,12:50,14:35,羽田,熊本
2026-09-20,JAL319,HND,FUK,12:55,14:40,羽田,福岡
2026-09-20,JAL481,HND,TAK,13:00,14:15,羽田,高松
2026-09-20,JAL187,HND,KMQ,13:05,14:10,羽田,小松
2026-09-20,JAL145,HND,AOJ,13:15,14:30,羽田,青森
2026-09-20,JAL517,HND,CTS,13:30,15:05,羽田,新千歳
2026-09-20,JAL119,HND,ITM,13:30,14:35,羽田,伊丹
2026-09-20,JAL611,HND,NGS,13:30,15:20,羽田,長崎
2026-09-20,JAL375,HND,KKJ,13:40,15:15,羽田,北九州
2026-09-20,JAL321,HND,FUK,13:45,15:30,羽田,福岡
2026-09-20,JAL577,HND,OBO,13:50,15:25,羽田,帯広
2026-09-20,JAL917,HND,OKA,13:55,16:25,羽田,那覇
2026-09-20,JAL555,HND,AKJ,14:05,15:40,羽田,旭川
2026-09-20,JAL495,HND,KCZ,14:05,15:25,羽田,高知
2026-09-20,JAL263,HND,HIJ,14:15,15:40,羽田,広島
2026-09-20,JAL649,HND,KOJ,14:15,15:55,羽田,鹿児島
2026-09-20,JAL693,HND,KMI,14:20,16:00,羽田,宮崎
2026-09-20,JAL519,HND,CTS,14:25,16:00,羽田,新千歳
2026-09-20,JAL237,HND,OKJ,14:30,15:45,羽田,岡山
2026-09-20,JAL121,HND,ITM,14:35,15:40,羽田,伊丹
2026-09-20,JAL633,HND,KMJ,14:40,16:20,羽田,熊本
2026-09-20,JAL165,HND,AXT,14:50,15:55,羽田,秋田
2026-09-20,JAL973,HND,ISG,14:50,17:40,羽田,新石垣
2026-09-20,JAL157,HND,MSJ,14:55,16:10,羽田,三沢
2026-09-20,JAL125,HND,ITM,14:55,16:00,羽田,伊丹
2026-09-20,JAL283,HND,IZO,14:55,16:15,羽田,出雲
2026-09-20,JAL667,HND,OIT,15:05,16:40,羽田,大分
2026-09-20,JAL483,HND,TAK,15:10,16:30,羽田,高松
2026-09-20,JAL919,HND,OKA,15:10,17:40,羽田,那覇
2026-09-20,JAL521,HND,CTS,15:25,17:00,羽田,新千歳
2026-09-20,JAL323,HND,FUK,15:25,17:15,羽田,福岡
2026-09-20,JAL437,HND,MYJ,15:30,16:55,羽田,松山
2026-09-20,JAL461,HND,TKS,15:40,16:55,羽田,徳島
2026-09-20,JAL325,HND,FUK,15:55,17:50,羽田,福岡
2026-09-20,JAL921,HND,OKA,15:55,18:25,羽田,那覇
2026-09-20,JAL147,HND,AOJ,16:00,17:10,羽田,青森
2026-09-20,JAL695,HND,KMI,16:25,18:00,羽田,宮崎
2026-09-20,JAL127,HND,ITM,16:30,17:35,羽田,伊丹
2026-09-20,JAL219,HND,SHM,16:30,17:40,羽田,南紀白浜
2026-09-20,JAL651,HND,KOJ,16:30,18:10,羽田,鹿児島
2026-09-20,JAL523,HND,CTS,16:40,18:20,羽田,新千歳
2026-09-20,JAL669,HND,OIT,16:40,18:15,羽田,大分
2026-09-20,JAL295,HND,UBJ,16:45,18:20,羽田,山口宇部
2026-09-20,JAL189,HND,KMQ,16:50,17:55,羽田,小松
2026-09-20,JAL285,HND,IZO,16:55,18:25,羽田,出雲
2026-09-20,JAL439,HND,MYJ,16:55,18:20,羽田,松山
2026-09-20,JAL497,HND,KCZ,16:55,18:15,羽田,高知
2026-09-20,JAL923,HND,OKA,16:55,19:30,羽田,那覇
2026-09-20,JAL327,HND,FUK,17:00,19:00,羽田,福岡
2026-09-20,JAL159,HND,MSJ,17:05,18:30,羽田,三沢
2026-09-20,JAL589,HND,HKD,17:10,18:35,羽田,函館
2026-09-20,JAL569,HND,MMB,17:15,19:10,羽田,女満別
2026-09-20,JAL545,HND,KUH,17:15,19:05,羽田,釧路
2026-09-20,JAL557,HND,AKJ,17:30,19:15,羽田,旭川
2026-09-20,JAL179,HND,GAJ,17:30,18:35,羽田,山形
2026-09-20,JAL239,HND,OKJ,17:30,18:45,羽田,岡山
2026-09-20,JAL525,HND,CTS,17:35,19:15,羽田,新千歳
2026-09-20,JAL579,HND,OBO,17:35,19:20,羽田,帯広
2026-09-20,JAL131,HND,ITM,17:35,18:40,羽田,伊丹
2026-09-20,JAL637,HND,KMJ,17:35,19:20,羽田,熊本
2026-09-20,JAL613,HND,NGS,17:45,19:40,羽田,長崎
2026-09-20,JAL329,HND,FUK,17:55,19:50,羽田,福岡
2026-09-20,JAL653,HND,KOJ,17:55,19:40,羽田,鹿児島
2026-09-20,JAL133,HND,ITM,18:00,19:10,羽田,伊丹
2026-09-20,JAL287,HND,IZO,18:15,19:45,羽田,出雲
2026-09-20,JAL265,HND,HIJ,18:20,19:45,羽田,広島
2026-09-20,JAL463,HND,TKS,18:20,19:35,羽田,徳島
2026-09-20,JAL377,HND,KKJ,18:25,20:00,羽田,北九州
2026-09-20,JAL527,HND,CTS,18:40,20:15,羽田,新千歳
2026-09-20,JAL149,HND,AOJ,18:40,19:55,羽田,青森
2026-09-20,JAL137,HND,ITM,18:40,19:50,羽田,伊丹
2026-09-20,JAL485,HND,TAK,18:40,19:55,羽田,高松
2026-09-20,JAL191,HND,KMQ,18:45,19:50,羽田,小松
2026-09-20,JAL331,HND,FUK,18:45,20:35,羽田,福岡
2026-09-20,JAL499,HND,KCZ,18:55,20:15,羽田,高知
2026-09-20,JAL697,HND,KMI,18:55,20:35,羽田,宮崎
2026-09-20,JAL297,HND,UBJ,19:00,20:35,羽田,山口宇部
2026-09-20,JAL167,HND,AXT,19:10,20:15,羽田,秋田
2026-09-20,JAL139,HND,ITM,19:10,20:30,羽田,伊丹
2026-09-20,JAL639,HND,KMJ,19:10,20:55,羽田,熊本
2026-09-20,JAL333,HND,FUK,19:15,21:05,羽田,福岡
2026-09-20,JAL655,HND,KOJ,19:25,21:05,羽田,鹿児島
2026-09-20,JAL615,HND,NGS,19:30,21:20,羽田,長崎
2026-09-20,JAL335,HND,FUK,19:35,21:30,羽田,福岡
2026-09-20,JAL241,HND,OKJ,19:40,20:55,羽田,岡山
2026-09-20,JAL443,HND,MYJ,19:45,21:10,羽田,松山
2026-09-20,JAL465,HND,TKS,19:45,20:55,羽田,徳島
2026-09-20,JAL151,HND,AOJ,19:50,21:05,羽田,青森
2026-09-20,JAL529,HND,CTS,19:55,21:30,羽田,新千歳
2026-09-20,JAL209,HND,NGO,19:55,20:55,羽田,中部国際
2026-09-20,JAL267,HND,HIJ,19:55,21:20,羽田,広島
2026-09-20,JAL925,HND,OKA,20:05,22:30,羽田,那覇
2026-09-20,JAL487,HND,TAK,20:15,21:30,羽田,高松
2026-09-20,JAL671,HND,OIT,20:15,21:45,羽田,大分
2026-09-20,JAL599,HND,CTS,20:30,22:05,羽田,新千歳
2026-09-20,JAL193,HND,KMQ,20:40,21:40,羽田,小松
2026-09-20,JAL229,HND,KIX,20:40,21:55,羽田,関西国際
2026-09-20,JAL531,HND,CTS,20:45,22:20,羽田,新千歳
2026-09-20,JAL4042,IKI,NGS,09:55,10:25,壱岐,長崎
2026-09-20,JAL4044,IKI,NGS,17:50,18:20,壱岐,長崎
2026-09-20,JTA600,ISG,OKA,08:55,10:00,新石垣,那覇
2026-09-20,RAC741,ISG,OGN,09:55,10:25,新石垣,与那国
2026-09-20,JAL972,ISG,HND,11:10,14:05,新石垣,羽田
2026-09-20,JTA608,ISG,OKA,11:15,12:20,新石垣,那覇
2026-09-20,RAC743,ISG,OGN,12:35,13:05,新石垣,与那国
2026-09-20,JTA612,ISG,OKA,13:00,14:05,新石垣,那覇
2026-09-20,JTA614,ISG,OKA,14:00,15:00,新石垣,那覇
2026-09-20,RAC834,ISG,MMY,14:45,15:15,新石垣,宮古
2026-09-20,JTA622,ISG,OKA,16:25,17:25,新石垣,那覇
2026-09-20,RAC747,ISG,OGN,17:50,18:20,新石垣,与那国
2026-09-20,JTA626,ISG,OKA,18:40,19:45,新石垣,那覇
2026-09-20,RAC838,ISG,MMY,19:00,19:30,新石垣,宮古
2026-09-20,JAL974,ISG,HND,19:15,22:10,新石垣,羽田
2026-09-20,JTA086,ISG,KIX,19:50,22:15,新石垣,関西国際
2026-09-20,JAL102,ITM,HND,07:05,08:15,伊丹,羽田
2026-09-20,JAL2371,ITM,NGS,07:05,08:15,伊丹,長崎
2026-09-20,JAL2401,ITM,KOJ,07:05,08:15,伊丹,鹿児島
2026-09-20,JAL2241,ITM,KIJ,07:10,08:15,伊丹,新潟
2026-09-20,JAL2345,ITM,IZO,07:10,08:00,伊丹,出雲
2026-09-20,JAL2431,ITM,KMI,07:10,08:15,伊丹,宮崎
2026-09-20,JAL2051,ITM,FUK,07:15,08:25,伊丹,福岡
2026-09-20,JAL2361,ITM,OIT,07:15,08:15,伊丹,大分
2026-09-20,JAL2201,ITM,SDJ,07:20,08:35,伊丹,仙台
2026-09-20,JAL2181,ITM,HNA,07:25,08:50,伊丹,花巻
2026-09-20,JAL104,ITM,HND,07:25,08:40,伊丹,羽田
2026-09-20,JAL2383,ITM,KMJ,07:30,08:40,伊丹,熊本
2026-09-20,JAL2001,ITM,CTS,07:40,09:30,伊丹,新千歳
2026-09-20,JAL2151,ITM,AOJ,07:45,09:15,伊丹,青森
2026-09-20,JAL2171,ITM,AXT,07:55,09:10,伊丹,秋田
2026-09-20,JAL2233,ITM,GAJ,08:00,09:15,伊丹,山形
2026-09-20,JAL2081,ITM,OKA,08:20,10:25,伊丹,那覇
2026-09-20,JAL106,ITM,HND,08:25,09:35,伊丹,羽田
2026-09-20,JAL2323,ITM,TJH,09:00,09:40,伊丹,但馬
2026-09-20,JAL2161,ITM,MSJ,09:15,10:45,伊丹,三沢
2026-09-20,JAL110,ITM,HND,09:20,10:35,伊丹,羽田
2026-09-20,JAL2405,ITM,KOJ,09:20,10:30,伊丹,鹿児島
2026-09-20,JAL2203,ITM,SDJ,09:30,10:45,伊丹,仙台
2026-09-20,JAL2301,ITM,MYJ,09:30,10:15,伊丹,松山
2026-09-20,JAL2465,ITM,ASJ,09:35,11:10,伊丹,奄美
2026-09-20,JAL2053,ITM,FUK,09:50,11:00,伊丹,福岡
2026-09-20,JAL2365,ITM,OIT,10:10,11:05,伊丹,大分
2026-09-20,JAL2351,ITM,IZO,10:20,11:10,伊丹,出雲
2026-09-20,JAL2385,ITM,KMJ,10:20,11:25,伊丹,熊本
2026-09-20,JAL112,ITM,HND,10:25,11:35,伊丹,羽田
2026-09-20,JAL2243,ITM,KIJ,10:35,11:35,伊丹,新潟
2026-09-20,JAL2433,ITM,KMI,10:35,11:35,伊丹,宮崎
2026-09-20,JAL2123,ITM,HKD,11:00,12:35,伊丹,函館
2026-09-20,JAL2205,ITM,SDJ,11:00,12:15,伊丹,仙台
2026-09-20,JAL2407,ITM,KOJ,11:05,12:15,伊丹,鹿児島
2026-09-20,JAL2373,ITM,NGS,11:20,12:30,伊丹,長崎
2026-09-20,JAL114,ITM,HND,11:25,12:40,伊丹,羽田
2026-09-20,JAL2451,ITM,KUM,11:25,13:10,伊丹,屋久島
2026-09-20,JAL2005,ITM,CTS,11:45,13:35,伊丹,新千歳
2026-09-20,JAL2183,ITM,HNA,11:45,13:00,伊丹,花巻
2026-09-20,JAL2153,ITM,AOJ,12:00,13:25,伊丹,青森
2026-09-20,JAL2173,ITM,AXT,12:20,13:35,伊丹,秋田
2026-09-20,JAL116,ITM,HND,12:25,13:40,伊丹,羽田
2026-09-20,JAL2007,ITM,CTS,12:45,14:30,伊丹,新千歳
2026-09-20,JAL3881,ITM,KMJ,12:50,14:20,伊丹,熊本
2026-09-20,JAL2375,ITM,NGS,13:00,14:15,伊丹,長崎
2026-09-20,JAL2235,ITM,GAJ,13:10,14:20,伊丹,山形
2026-09-20,JAL2057,ITM,FUK,13:10,14:20,伊丹,福岡
2026-09-20,JAL118,ITM,HND,13:25,14:40,伊丹,羽田
2026-09-20,JAL2185,ITM,HNA,13:35,14:55,伊丹,花巻
2026-09-20,JAL2331,ITM,OKI,13:45,14:35,伊丹,隠岐
2026-09-20,JAL2207,ITM,SDJ,13:50,15:00,伊丹,仙台
2026-09-20,JAL2387,ITM,KMJ,13:50,14:55,伊丹,熊本
2026-09-20,JAL120,ITM,HND,14:20,15:35,伊丹,羽田
2026-09-20,JAL2247,ITM,KIJ,14:30,15:30,伊丹,新潟
2026-09-20,JAL3006,ITM,NRT,14:35,16:00,伊丹,成田
2026-09-20,JAL2355,ITM,IZO,14:35,15:25,伊丹,出雲
2026-09-20,JAL2087,ITM,OKA,14:50,16:50,伊丹,那覇
2026-09-20,JAL2009,ITM,CTS,15:15,17:00,伊丹,新千歳
2026-09-20,JAL2409,ITM,KOJ,15:15,16:20,伊丹,鹿児島
2026-09-20,JAL2209,ITM,SDJ,15:30,16:45,伊丹,仙台
2026-09-20,JAL124,ITM,HND,15:35,17:00,伊丹,羽田
2026-09-20,JAL2163,ITM,MSJ,15:40,17:10,伊丹,三沢
2026-09-20,JAL2411,ITM,KOJ,16:15,17:25,伊丹,鹿児島
2026-09-20,JAL2237,ITM,GAJ,16:25,17:35,伊丹,山形
2026-09-20,JAL2179,ITM,AXT,16:30,17:45,伊丹,秋田
2026-09-20,JAL126,ITM,HND,16:30,17:50,伊丹,羽田
2026-09-20,JAL2309,ITM,MYJ,16:30,17:15,伊丹,松山
2026-09-20,JAL2439,ITM,KMI,16:30,17:35,伊丹,宮崎
2026-09-20,JAL2187,ITM,HNA,16:45,18:10,伊丹,花巻
2026-09-20,JAL2157,ITM,AOJ,16:50,18:15,伊丹,青森
2026-09-20,JAL128,ITM,HND,16:50,18:10,伊丹,羽田
2026-09-20,JAL2325,ITM,TJH,16:55,17:30,伊丹,但馬
2026-09-20,JAL2213,ITM,SDJ,17:10,18:25,伊丹,仙台
2026-09-20,JAL2377,ITM,NGS,17:20,18:35,伊丹,長崎
2026-09-20,JAL2389,ITM,KMJ,17:25,18:30,伊丹,熊本
2026-09-20,JAL2415,ITM,KOJ,17:25,18:35,伊丹,鹿児島
2026-09-20,JAL2443,ITM,KMI,17:30,18:35,伊丹,宮崎
2026-09-20,JAL2251,ITM,KIJ,17:35,18:40,伊丹,新潟
2026-09-20,JAL2367,ITM,OIT,17:40,18:35,伊丹,大分
2026-09-20,JAL2357,ITM,IZO,18:05,18:55,伊丹,出雲
2026-09-20,JAL130,ITM,HND,18:25,19:40,伊丹,羽田
2026-09-20,JAL2019,ITM,CTS,18:40,20:25,伊丹,新千歳
2026-09-20,JAL134,ITM,HND,19:35,20:50,伊丹,羽田
2026-09-20,JAL2217,ITM,SDJ,19:50,21:05,伊丹,仙台
2026-09-20,JAL2061,ITM,FUK,19:55,21:10,伊丹,福岡
2026-09-20,JAL2445,ITM,KMI,19:55,21:00,伊丹,宮崎
2026-09-20,JAL138,ITM,HND,20:05,21:20,伊丹,羽田
2026-09-20,JAL2419,ITM,KOJ,20:05,21:15,伊丹,鹿児島
2026-09-20,JAL276,IZO,HND,07:35,09:00,出雲,羽田
2026-09-20,JAL2344,IZO,ITM,08:30,09:15,出雲,伊丹
2026-09-20,JAL4462,IZO,NKM,08:45,09:45,出雲,名古屋
2026-09-20,JAL3433,IZO,OKI,09:00,09:30,出雲,隠岐
2026-09-20,JAL278,IZO,HND,09:15,10:35,出雲,羽田
2026-09-20,JAL3550,IZO,FUK,11:00,12:10,出雲,福岡
2026-09-20,JAL2346,IZO,ITM,11:40,12:25,出雲,伊丹
2026-09-20,JAL280,IZO,HND,11:55,13:20,出雲,羽田
2026-09-20,JAL4464,IZO,NKM,12:30,13:30,出雲,名古屋
2026-09-20,JAL2356,IZO,ITM,16:00,16:45,出雲,伊丹
2026-09-20,JAL284,IZO,HND,17:15,18:50,出雲,羽田
2026-09-20,JAL4468,IZO,NKM,18:35,19:35,出雲,名古屋
2026-09-20,JAL286,IZO,HND,19:10,20:35,出雲,羽田
2026-09-20,JAL3554,IZO,FUK,19:15,20:25,出雲,福岡
2026-09-20,JAL2358,IZO,ITM,19:30,20:20,出雲,伊丹
2026-09-20,JAL490,KCZ,HND,07:10,08:30,高知,羽田
2026-09-20,JAL4512,KCZ,NGO,09:15,10:15,高知,中部国際
2026-09-20,JAL492,KCZ,HND,09:35,11:00,高知,羽田
2026-09-20,JAL3582,KCZ,FUK,10:25,11:25,高知,福岡
2026-09-20,JAL494,KCZ,HND,11:15,12:40,高知,羽田
2026-09-20,JAL4376,KCZ,NKM,15:55,16:55,高知,名古屋
2026-09-20,JAL496,KCZ,HND,16:15,17:45,高知,羽田
2026-09-20,JAL3588,KCZ,FUK,17:30,18:25,高知,福岡
2026-09-20,JAL498,KCZ,HND,19:00,20:25,高知,羽田
2026-09-20,JAL4378,KCZ,NKM,19:50,20:50,高知,名古屋
2026-09-20,JAL2240,KIJ,ITM,08:45,09:50,新潟,伊丹
2026-09-20,JAL4484,KIJ,CTS,11:45,13:00,新潟,新千歳
2026-09-20,JAL2244,KIJ,ITM,12:10,13:15,新潟,伊丹
2026-09-20,JAL4476,KIJ,FUK,12:30,14:20,新潟,福岡
2026-09-20,JAL2246,KIJ,ITM,16:00,17:05,新潟,伊丹
2026-09-20,JAL4486,KIJ,CTS,16:15,17:30,新潟,新千歳
2026-09-20,JAL4436,KIJ,NKM,18:45,19:45,新潟,名古屋
2026-09-20,JAL2250,KIJ,ITM,19:10,20:30,新潟,伊丹
2026-09-20,JAL220,KIX,HND,06:40,07:50,関西国際,羽田
2026-09-20,JTA121,KIX,MMY,07:40,09:55,関西国際,宮古
2026-09-20,JTA001,KIX,OKA,08:20,10:25,関西国際,那覇
2026-09-20,JAL2501,KIX,CTS,09:15,11:10,関西国際,新千歳
2026-09-20,JTA083,KIX,ISG,09:50,12:20,関西国際,新石垣
2026-09-20,JTA005,KIX,OKA,14:05,16:10,関西国際,那覇
2026-09-20,JAL224,KIX,HND,14:45,16:05,関西国際,羽田
2026-09-20,JAL2505,KIX,CTS,15:10,17:05,関西国際,新千歳
2026-09-20,JTA009,KIX,OKA,20:25,22:30,関西国際,那覇
2026-09-20,JAL228,KIX,HND,21:10,22:30,関西国際,羽田
2026-09-20,JAL374,KKJ,HND,10:35,12:10,北九州,羽田
2026-09-20,JAL376,KKJ,HND,15:55,17:40,北九州,羽田
2026-09-20,JAL378,KKJ,HND,20:45,22:20,北九州,羽田
2026-09-20,JAL3780,KKX,KOJ,09:20,10:25,喜界,鹿児島
2026-09-20,JAL3830,KKX,ASJ,10:15,10:35,喜界,奄美
2026-09-20,JAL3786,KKX,KOJ,15:15,16:20,喜界,鹿児島
2026-09-20,JAL3836,KKX,ASJ,16:30,16:50,喜界,奄美
2026-09-20,JAL688,KMI,HND,07:35,09:20,宮崎,羽田
2026-09-20,JAL2430,KMI,ITM,07:35,08:40,宮崎,伊丹
2026-09-20,JAL3624,KMI,FUK,08:30,09:20,宮崎,福岡
2026-09-20,JAL2432,KMI,ITM,08:45,09:50,宮崎,伊丹
2026-09-20,JAL690,KMI,HND,10:30,12:10,宮崎,羽田
2026-09-20,JAL3626,KMI,FUK,11:05,11:55,宮崎,福岡
2026-09-20,JAL692,KMI,HND,12:10,13:55,宮崎,羽田
2026-09-20,JAL2434,KMI,ITM,12:10,13:15,宮崎,伊丹
2026-09-20,JAL3628,KMI,FUK,13:00,13:55,宮崎,福岡
2026-09-20,JAL694,KMI,HND,14:00,15:45,宮崎,羽田
2026-09-20,JAL3630,KMI,FUK,14:00,14:55,宮崎,福岡
2026-09-20,JAL3634,KMI,FUK,15:50,16:40,宮崎,福岡
2026-09-20,JAL696,KMI,HND,16:50,18:35,宮崎,羽田
2026-09-20,JAL3636,KMI,FUK,16:50,17:45,宮崎,福岡
2026-09-20,JAL2440,KMI,ITM,18:05,19:20,宮崎,伊丹
2026-09-20,JAL698,KMI,HND,18:45,20:30,宮崎,羽田
2026-09-20,JAL2444,KMI,ITM,19:05,20:20,宮崎,伊丹
2026-09-20,JAL3642,KMI,FUK,20:35,21:30,宮崎,福岡
2026-09-20,JAL622,KMJ,HND,07:35,09:20,熊本,羽田
2026-09-20,JAL624,KMJ,HND,08:40,10:20,熊本,羽田
2026-09-20,JAL2382,KMJ,ITM,09:15,10:20,熊本,伊丹
2026-09-20,JAL4400,KMJ,NKM,09:45,11:05,熊本,名古屋
2026-09-20,JAL626,KMJ,HND,10:20,12:05,熊本,羽田
2026-09-20,JAL3880,KMJ,ITM,10:45,12:10,熊本,伊丹
2026-09-20,JAL2386,KMJ,ITM,12:00,13:05,熊本,伊丹
2026-09-20,JAL628,KMJ,HND,12:25,14:10,熊本,羽田
2026-09-20,JAL4534,KMJ,NGO,12:40,14:00,熊本,中部国際
2026-09-20,JAL630,KMJ,HND,13:50,15:35,熊本,羽田
2026-09-20,JAL3873,KMJ,AXJ,14:50,15:15,熊本,天草
2026-09-20,JAL632,KMJ,HND,15:20,17:10,熊本,羽田
2026-09-20,JAL2388,KMJ,ITM,15:30,16:35,熊本,伊丹
2026-09-20,JAL4536,KMJ,NGO,16:30,17:50,熊本,中部国際
2026-09-20,JAL634,KMJ,HND,17:20,19:05,熊本,羽田
2026-09-20,JAL2392,KMJ,ITM,19:00,20:20,熊本,伊丹
2026-09-20,JAL4408,KMJ,NKM,20:00,21:20,熊本,名古屋
2026-09-20,JAL638,KMJ,HND,20:05,21:45,熊本,羽田
2026-09-20,JAL182,KMQ,HND,07:35,08:50,小松,羽田
2026-09-20,JAL184,KMQ,HND,08:50,10:00,小松,羽田
2026-09-20,JAL186,KMQ,HND,11:15,12:25,小松,羽田
2026-09-20,JTA037,KMQ,OKA,14:05,16:25,小松,那覇
2026-09-20,JAL188,KMQ,HND,14:50,16:10,小松,羽田
2026-09-20,JAL190,KMQ,HND,18:40,19:55,小松,羽田
2026-09-20,JAL192,KMQ,HND,20:30,21:40,小松,羽田
2026-09-20,JAL3801,KOJ,OKE,07:20,08:45,鹿児島,沖永良部
2026-09-20,JAL640,KOJ,HND,07:30,09:15,鹿児島,羽田
2026-09-20,JAL2400,KOJ,ITM,07:35,08:45,鹿児島,伊丹
2026-09-20,JAL3783,KOJ,KKX,07:35,08:50,鹿児島,喜界
2026-09-20,JAL3721,KOJ,ASJ,07:40,08:55,鹿児島,奄美
2026-09-20,JAL3791,KOJ,TKN,07:50,09:10,鹿児島,徳之島
2026-09-20,JAL3761,KOJ,TNE,08:10,08:50,鹿児島,種子島
2026-09-20,JAL3741,KOJ,KUM,08:40,09:20,鹿児島,屋久島
2026-09-20,JAL642,KOJ,HND,08:50,10:35,鹿児島,羽田
2026-09-20,JAL2402,KOJ,ITM,08:50,10:00,鹿児島,伊丹
2026-09-20,JAL3793,KOJ,TKN,08:55,09:55,鹿児島,徳之島
2026-09-20,JAL3727,KOJ,ASJ,10:15,11:10,鹿児島,奄美
2026-09-20,JAL3743,KOJ,KUM,10:30,11:10,鹿児島,屋久島
2026-09-20,JAL644,KOJ,HND,10:55,12:40,鹿児島,羽田
2026-09-20,JAL2406,KOJ,ITM,11:00,12:10,鹿児島,伊丹
2026-09-20,JAL3763,KOJ,TNE,11:00,11:40,鹿児島,種子島
2026-09-20,JAL3825,KOJ,RNJ,11:10,12:45,鹿児島,与論
2026-09-20,JAL3729,KOJ,ASJ,11:55,12:50,鹿児島,奄美
2026-09-20,JAL3654,KOJ,FUK,12:05,13:05,鹿児島,福岡
2026-09-20,JAL646,KOJ,HND,12:50,14:35,鹿児島,羽田
2026-09-20,JAL2408,KOJ,ITM,12:50,14:00,鹿児島,伊丹
2026-09-20,JAL3795,KOJ,TKN,13:00,14:25,鹿児島,徳之島
2026-09-20,JAL3731,KOJ,ASJ,13:10,14:05,鹿児島,奄美
2026-09-20,JAL3745,KOJ,KUM,13:25,14:05,鹿児島,屋久島
2026-09-20,JAL3785,KOJ,KKX,13:30,14:45,鹿児島,喜界
2026-09-20,JAL648,KOJ,HND,14:35,16:30,鹿児島,羽田
2026-09-20,JAL2410,KOJ,ITM,14:45,15:55,鹿児島,伊丹
2026-09-20,JAL3809,KOJ,OKE,14:55,16:20,鹿児島,沖永良部
2026-09-20,JAL4306,KOJ,FSZ,15:00,16:30,鹿児島,静岡
2026-09-20,JAL3753,KOJ,KUM,15:25,16:05,鹿児島,屋久島
2026-09-20,JAL3797,KOJ,TKN,16:05,17:05,鹿児島,徳之島
2026-09-20,JAL650,KOJ,HND,16:45,18:35,鹿児島,羽田
2026-09-20,JAL3777,KOJ,TNE,16:50,17:30,鹿児島,種子島
2026-09-20,JAL3735,KOJ,ASJ,16:55,17:50,鹿児島,奄美
2026-09-20,JAL3737,KOJ,ASJ,17:15,18:30,鹿児島,奄美
2026-09-20,JAL3759,KOJ,KUM,17:50,18:30,鹿児島,屋久島
2026-09-20,JAL2412,KOJ,ITM,18:05,19:15,鹿児島,伊丹
2026-09-20,JAL3687,KOJ,MYJ,18:50,19:50,鹿児島,松山
2026-09-20,JAL652,KOJ,HND,19:05,20:50,鹿児島,羽田
2026-09-20,JAL2414,KOJ,ITM,19:10,20:30,鹿児島,伊丹
2026-09-20,JAL654,KOJ,HND,20:35,22:25,鹿児島,羽田
2026-09-20,RAC842,KTD,OKA,12:50,13:55,北大東,那覇
2026-09-20,JAL2762,KUH,OKD,09:15,10:05,釧路,丘珠
2026-09-20,JAL540,KUH,HND,10:00,11:45,釧路,羽田
2026-09-20,JAL542,KUH,HND,14:50,16:35,釧路,羽田
2026-09-20,JAL2766,KUH,OKD,15:25,16:15,釧路,丘珠
2026-09-20,JAL2768,KUH,OKD,18:00,18:50,釧路,丘珠
2026-09-20,JAL544,KUH,HND,19:50,21:35,釧路,羽田
2026-09-20,JAL3740,KUM,KOJ,09:55,10:30,屋久島,鹿児島
2026-09-20,JAL3744,KUM,KOJ,11:45,12:20,屋久島,鹿児島
2026-09-20,JAL3746,KUM,KOJ,13:40,14:15,屋久島,鹿児島
2026-09-20,JAL2450,KUM,ITM,14:35,16:15,屋久島,伊丹
2026-09-20,JAL3676,KUM,FUK,15:30,16:45,屋久島,福岡
2026-09-20,JAL3750,KUM,KOJ,16:35,17:10,屋久島,鹿児島
2026-09-20,JAL3756,KUM,KOJ,19:00,19:35,屋久島,鹿児島
2026-09-20,JAL2710,MMB,CTS,08:55,09:40,女満別,新千歳
2026-09-20,JAL562,MMB,HND,09:25,11:20,女満別,羽田
2026-09-20,JAL2722,MMB,OKD,10:20,11:10,女満別,丘珠
2026-09-20,JAL2714,MMB,CTS,13:55,14:45,女満別,新千歳
2026-09-20,JAL564,MMB,HND,15:00,16:55,女満別,羽田
2026-09-20,JAL2718,MMB,CTS,17:25,18:10,女満別,新千歳
2026-09-20,JAL566,MMB,HND,19:50,21:45,女満別,羽田
2026-09-20,RAC862,MMD,OKA,09:30,10:35,南大東,那覇
2026-09-20,RAC864,MMD,OKA,15:55,16:55,南大東,那覇
2026-09-20,JAL4362,MMJ,UKB,10:00,11:00,松本,神戸
2026-09-20,JAL4352,MMJ,CTS,11:35,13:15,松本,新千歳
2026-09-20,JAL4344,MMJ,FUK,13:10,14:50,松本,福岡
2026-09-20,JAL4372,MMJ,OKD,16:10,17:40,松本,丘珠
2026-09-20,JAL4348,MMJ,FUK,17:45,19:25,松本,福岡
2026-09-20,JTA552,MMY,OKA,08:50,09:45,宮古,那覇
2026-09-20,RAC891,MMY,TRA,09:20,09:45,宮古,多良間
2026-09-20,JTA556,MMY,OKA,10:40,11:35,宮古,那覇
2026-09-20,RAC831,MMY,ISG,11:30,12:00,宮古,新石垣
2026-09-20,JTA558,MMY,OKA,12:10,13:05,宮古,那覇
2026-09-20,JTA560,MMY,OKA,13:25,14:20,宮古,那覇
2026-09-20,JAL934,MMY,HND,14:25,17:15,宮古,羽田
2026-09-20,RAC897,MMY,TRA,15:50,16:15,宮古,多良間
2026-09-20,JTA562,MMY,OKA,16:05,17:00,宮古,那覇
2026-09-20,JTA564,MMY,OKA,16:55,17:50,宮古,那覇
2026-09-20,RAC839,MMY,ISG,17:45,18:15,宮古,新石垣
2026-09-20,JTA572,MMY,OKA,17:55,18:50,宮古,那覇
2026-09-20,JTA128,MMY,KIX,19:25,21:40,宮古,関西国際
2026-09-20,RAC804,MMY,OKA,20:00,20:55,宮古,那覇
2026-09-20,JAL152,MSJ,HND,10:00,11:25,三沢,羽田
2026-09-20,JAL2162,MSJ,ITM,11:20,13:00,三沢,伊丹
2026-09-20,JAL154,MSJ,HND,12:50,14:15,三沢,羽田
2026-09-20,JAL2816,MSJ,OKD,13:10,14:05,三沢,丘珠
2026-09-20,JAL156,MSJ,HND,16:50,18:15,三沢,羽田
2026-09-20,JAL2166,MSJ,ITM,17:45,19:25,三沢,伊丹
2026-09-20,JAL158,MSJ,HND,19:10,20:35,三沢,羽田
2026-09-20,JAL430,MYJ,HND,07:10,08:40,松山,羽田
2026-09-20,JAL3592,MYJ,FUK,08:25,09:15,松山,福岡
2026-09-20,JAL432,MYJ,HND,09:10,10:40,松山,羽田
2026-09-20,JAL2300,MYJ,ITM,10:45,11:35,松山,伊丹
2026-09-20,JAL434,MYJ,HND,11:25,12:55,松山,羽田
2026-09-20,JAL3596,MYJ,FUK,13:30,14:15,松山,福岡
2026-09-20,JAL436,MYJ,HND,14:20,15:55,松山,羽田
2026-09-20,JAL3602,MYJ,FUK,14:45,15:35,松山,福岡
2026-09-20,JAL438,MYJ,HND,17:35,19:10,松山,羽田
2026-09-20,JAL3608,MYJ,FUK,17:45,18:40,松山,福岡
2026-09-20,JAL440,MYJ,HND,19:00,20:35,松山,羽田
2026-09-20,JAL2310,MYJ,ITM,19:00,20:00,松山,伊丹
2026-09-20,JAL3686,MYJ,KOJ,20:20,21:20,松山,鹿児島
2026-09-20,JAL202,NGO,HND,07:40,08:40,中部国際,羽田
2026-09-20,JAL3101,NGO,CTS,08:05,09:50,中部国際,新千歳
2026-09-20,JAL3082,NGO,NRT,08:20,09:30,中部国際,成田
2026-09-20,JTA045,NGO,OKA,08:30,10:45,中部国際,那覇
2026-09-20,JAL4535,NGO,KMJ,10:45,12:10,中部国際,熊本
2026-09-20,JAL3107,NGO,CTS,12:40,14:20,中部国際,新千歳
2026-09-20,JAL3084,NGO,NRT,14:35,15:50,中部国際,成田
2026-09-20,JAL4537,NGO,KMJ,14:35,16:00,中部国際,熊本
2026-09-20,JTA047,NGO,OKA,14:55,17:10,中部国際,那覇
2026-09-20,JAL3117,NGO,CTS,17:30,19:10,中部国際,新千歳
2026-09-20,JAL4517,NGO,KCZ,18:20,19:20,中部国際,高知
2026-09-20,JTA049,NGO,OKA,18:50,21:00,中部国際,那覇
2026-09-20,JAL208,NGO,HND,20:55,22:00,中部国際,羽田
2026-09-20,JAL606,NGS,HND,07:25,09:10,長崎,羽田
2026-09-20,JAL4051,NGS,TSJ,07:30,08:05,長崎,対馬
2026-09-20,JAL2372,NGS,ITM,08:50,10:00,長崎,伊丹
2026-09-20,JAL4041,NGS,IKI,08:55,09:25,長崎,壱岐
2026-09-20,JAL4073,NGS,FUJ,09:50,10:20,長崎,五島福江
2026-09-20,JAL608,NGS,HND,10:00,11:45,長崎,羽田
2026-09-20,JAL4053,NGS,TSJ,11:00,11:35,長崎,対馬
2026-09-20,JAL610,NGS,HND,12:35,14:25,長崎,羽田
2026-09-20,JAL2374,NGS,ITM,13:00,14:10,長崎,伊丹
2026-09-20,JAL4075,NGS,FUJ,13:20,13:50,長崎,五島福江
2026-09-20,JAL2376,NGS,ITM,14:45,15:55,長崎,伊丹
2026-09-20,JAL4077,NGS,FUJ,14:45,15:15,長崎,五島福江
2026-09-20,JAL612,NGS,HND,15:05,17:00,長崎,羽田
2026-09-20,JAL614,NGS,HND,16:05,18:00,長崎,羽田
2026-09-20,JAL4043,NGS,IKI,16:50,17:20,長崎,壱岐
2026-09-20,JAL4061,NGS,TSJ,19:00,19:35,長崎,対馬
2026-09-20,JAL2378,NGS,ITM,19:10,20:25,長崎,伊丹
2026-09-20,JAL616,NGS,HND,20:25,22:10,長崎,羽田
2026-09-20,JAL4381,NKM,FUK,07:00,08:25,名古屋,福岡
2026-09-20,JAL4461,NKM,IZO,07:15,08:15,名古屋,出雲
2026-09-20,JAL4451,NKM,OKD,07:20,09:00,名古屋,丘珠
2026-09-20,JAL4411,NKM,HNA,07:30,08:40,名古屋,花巻
2026-09-20,JAL4377,NKM,KCZ,07:45,08:45,名古屋,高知
2026-09-20,JAL4401,NKM,KMJ,07:50,09:15,名古屋,熊本
2026-09-20,JAL4383,NKM,FUK,08:00,09:25,名古屋,福岡
2026-09-20,JAL4421,NKM,AOJ,08:25,09:45,名古屋,青森
2026-09-20,JAL4441,NKM,GAJ,09:05,10:10,名古屋,山形
2026-09-20,JAL4433,NKM,KIJ,10:20,11:15,名古屋,新潟
2026-09-20,JAL4385,NKM,FUK,10:55,12:20,名古屋,福岡
2026-09-20,JAL4463,NKM,IZO,11:00,12:00,名古屋,出雲
2026-09-20,JAL4423,NKM,AOJ,11:35,12:55,名古屋,青森
2026-09-20,JAL4413,NKM,HNA,12:15,13:25,名古屋,花巻
2026-09-20,JAL4443,NKM,GAJ,12:20,13:25,名古屋,山形
2026-09-20,JAL4455,NKM,OKD,13:30,15:10,名古屋,丘珠
2026-09-20,JAL4379,NKM,KCZ,14:10,15:10,名古屋,高知
2026-09-20,JAL4417,NKM,HNA,16:00,17:10,名古屋,花巻
2026-09-20,JAL4457,NKM,OKD,16:50,18:30,名古屋,丘珠
2026-09-20,JAL4467,NKM,IZO,17:05,18:05,名古屋,出雲
2026-09-20,JAL4427,NKM,AOJ,18:00,19:20,名古屋,青森
2026-09-20,JAL4409,NKM,KMJ,18:05,19:30,名古屋,熊本
2026-09-20,JAL4393,NKM,FUK,19:35,21:00,名古屋,福岡
2026-09-20,JAL3083,NRT,NGO,10:30,11:40,成田,中部国際
2026-09-20,JAL3009,NRT,ITM,18:25,19:50,成田,伊丹
2026-09-20,JAL3087,NRT,NGO,18:55,20:10,成田,中部国際
2026-09-20,JAL570,OBO,HND,09:55,11:40,帯広,羽田
2026-09-20,JAL572,OBO,HND,13:10,14:55,帯広,羽田
2026-09-20,JAL574,OBO,HND,16:15,18:00,帯広,羽田
2026-09-20,JAL576,OBO,HND,20:00,21:40,帯広,羽田
2026-09-20,RAC742,OGN,ISG,08:55,09:25,与那国,新石垣
2026-09-20,RAC724,OGN,OKA,11:15,12:35,与那国,那覇
2026-09-20,RAC744,OGN,ISG,13:35,14:05,与那国,新石垣
2026-09-20,RAC746,OGN,ISG,16:50,17:20,与那国,新石垣
2026-09-20,RAC728,OGN,OKA,18:50,20:10,与那国,那覇
2026-09-20,JAL2796,OIR,OKD,12:45,13:35,奥尻,丘珠
2026-09-20,JAL662,OIT,HND,07:35,09:10,大分,羽田
2026-09-20,JAL2362,OIT,ITM,08:45,09:40,大分,伊丹
2026-09-20,JAL664,OIT,HND,10:25,11:55,大分,羽田
2026-09-20,JAL2364,OIT,ITM,11:35,12:35,大分,伊丹
2026-09-20,JAL668,OIT,HND,11:50,13:30,大分,羽田
2026-09-20,JAL670,OIT,HND,14:25,16:05,大分,羽田
2026-09-20,JAL672,OIT,HND,17:20,19:00,大分,羽田
2026-09-20,JAL674,OIT,HND,19:05,20:40,大分,羽田
2026-09-20,JAL2366,OIT,ITM,19:10,20:15,大分,伊丹
2026-09-20,JTA002,OKA,KIX,07:10,09:05,那覇,関西国際
2026-09-20,JTA050,OKA,FUK,07:10,08:50,那覇,福岡
2026-09-20,JTA551,OKA,MMY,07:15,08:10,那覇,宮古
2026-09-20,JTA601,OKA,ISG,07:15,08:15,那覇,新石垣
2026-09-20,RAC721,OKA,OGN,07:15,08:25,那覇,与那国
2026-09-20,JAL900,OKA,HND,07:25,09:50,那覇,羽田
2026-09-20,RAC871,OKA,UEO,07:45,08:15,那覇,久米島
2026-09-20,RAC861,OKA,MMD,08:00,09:00,那覇,南大東
2026-09-20,RAC801,OKA,MMY,08:00,08:50,那覇,宮古
2026-09-20,JTA605,OKA,ISG,09:35,10:30,那覇,新石垣
2026-09-20,JAL902,OKA,HND,09:55,12:25,那覇,羽田
2026-09-20,RAC873,OKA,UEO,09:55,10:25,那覇,久米島
2026-09-20,JTA052,OKA,FUK,10:25,12:10,那覇,福岡
2026-09-20,JTA557,OKA,MMY,10:40,11:30,那覇,宮古
2026-09-20,JAL904,OKA,HND,10:50,13:25,那覇,羽田
2026-09-20,JTA036,OKA,KMQ,11:10,13:25,那覇,小松
2026-09-20,JTA004,OKA,KIX,11:10,13:10,那覇,関西国際
2026-09-20,RAC841,OKA,KTD,11:20,12:20,那覇,北大東
2026-09-20,JAL906,OKA,HND,11:40,14:15,那覇,羽田
2026-09-20,JTA042,OKA,NGO,11:55,14:05,那覇,中部国際
2026-09-20,JAL2084,OKA,ITM,11:55,13:55,那覇,伊丹
2026-09-20,JTA559,OKA,MMY,11:55,12:45,那覇,宮古
2026-09-20,JAL908,OKA,HND,12:15,14:50,那覇,羽田
2026-09-20,JTA609,OKA,ISG,12:15,13:15,那覇,新石垣
2026-09-20,JAL910,OKA,HND,13:15,15:50,那覇,羽田
2026-09-20,RAC815,OKA,RNJ,13:15,13:55,那覇,与論
2026-09-20,JTA054,OKA,FUK,13:20,15:05,那覇,福岡
2026-09-20,JTA211,OKA,UEO,13:45,14:20,那覇,久米島
2026-09-20,JAL3867,OKA,ASJ,13:55,14:55,那覇,奄美
2026-09-20,JAL912,OKA,HND,14:00,16:35,那覇,羽田
2026-09-20,RAC863,OKA,MMD,14:25,15:25,那覇,南大東
2026-09-20,JTA563,OKA,MMY,14:30,15:25,那覇,宮古
2026-09-20,JAL3715,OKA,OKE,14:35,15:25,那覇,沖永良部
2026-09-20,JTA617,OKA,ISG,14:45,15:45,那覇,新石垣
2026-09-20,JAL988,OKA,HND,14:55,17:35,那覇,羽田
2026-09-20,RAC727,OKA,OGN,14:55,16:10,那覇,与那国
2026-09-20,JTA058,OKA,FUK,15:00,16:45,那覇,福岡
2026-09-20,JTA565,OKA,MMY,15:25,16:15,那覇,宮古
2026-09-20,JAL914,OKA,HND,15:40,18:15,那覇,羽田
2026-09-20,RAC879,OKA,UEO,15:40,16:15,那覇,久米島
2026-09-20,JTA044,OKA,NGO,15:45,17:55,那覇,中部国際
2026-09-20,JTA571,OKA,MMY,16:25,17:15,那覇,宮古
2026-09-20,JTA621,OKA,ISG,17:00,18:00,那覇,新石垣
2026-09-20,RAC881,OKA,UEO,17:25,17:55,那覇,久米島
2026-09-20,JTA008,OKA,KIX,17:40,19:40,那覇,関西国際
2026-09-20,JAL916,OKA,HND,17:45,20:15,那覇,羽田
2026-09-20,JAL2088,OKA,ITM,17:55,19:55,那覇,伊丹
2026-09-20,JTA573,OKA,MMY,17:55,18:45,那覇,宮古
2026-09-20,JTA625,OKA,ISG,18:10,19:10,那覇,新石垣
2026-09-20,JTA016,OKA,OKJ,18:30,20:20,那覇,岡山
2026-09-20,JTA060,OKA,FUK,18:30,20:10,那覇,福岡
2026-09-20,JAL918,OKA,HND,18:50,21:20,那覇,羽田
2026-09-20,JAL920,OKA,HND,19:30,22:00,那覇,羽田
2026-09-20,JTA062,OKA,FUK,19:40,21:25,那覇,福岡
2026-09-20,JTA046,OKA,NGO,19:45,21:55,那覇,中部国際
2026-09-20,JAL922,OKA,HND,20:30,23:00,那覇,羽田
2026-09-20,JAL2741,OKD,HKD,07:35,08:15,丘珠,函館
2026-09-20,JAL2783,OKD,RIS,07:50,08:45,丘珠,利尻
2026-09-20,JAL2761,OKD,KUH,08:00,08:45,丘珠,釧路
2026-09-20,JAL2721,OKD,MMB,09:05,09:50,丘珠,女満別
2026-09-20,JAL4371,OKD,MMJ,09:30,11:05,丘珠,松本
2026-09-20,JAL2731,OKD,SHB,09:55,10:45,丘珠,根室中標津
2026-09-20,JAL2823,OKD,AXT,10:45,11:55,丘珠,秋田
2026-09-20,JAL4452,OKD,NKM,11:10,12:55,丘珠,名古屋
2026-09-20,JAL2795,OKD,OIR,11:25,12:15,丘珠,奥尻
2026-09-20,JAL2815,OKD,MSJ,11:40,12:40,丘珠,三沢
2026-09-20,JAL2749,OKD,HKD,12:45,13:25,丘珠,函館
2026-09-20,JAL2765,OKD,KUH,14:10,14:55,丘珠,釧路
2026-09-20,JAL2751,OKD,HKD,14:45,15:25,丘珠,函館
2026-09-20,JAL2787,OKD,RIS,15:00,15:55,丘珠,利尻
2026-09-20,JAL4456,OKD,NKM,15:40,17:25,丘珠,名古屋
2026-09-20,JAL2767,OKD,KUH,16:45,17:30,丘珠,釧路
2026-09-20,JAL2825,OKD,AXT,17:05,18:15,丘珠,秋田
2026-09-20,JAL2755,OKD,HKD,18:05,18:45,丘珠,函館
2026-09-20,JAL4332,OKD,FSZ,18:15,20:05,丘珠,静岡
2026-09-20,JAL4458,OKD,NKM,19:00,20:45,丘珠,名古屋
2026-09-20,JAL2759,OKD,HKD,19:20,20:00,丘珠,函館
2026-09-20,JAL3800,OKE,KOJ,09:15,10:35,沖永良部,鹿児島
2026-09-20,JAL3716,OKE,OKA,12:55,13:45,沖永良部,那覇
2026-09-20,JAL3710,OKE,TKN,15:55,16:20,沖永良部,徳之島
2026-09-20,JAL3808,OKE,KOJ,16:50,18:10,沖永良部,鹿児島
2026-09-20,JAL3434,OKI,IZO,10:00,10:30,隠岐,出雲
2026-09-20,JAL2332,OKI,ITM,15:05,15:50,隠岐,伊丹
2026-09-20,JAL232,OKJ,HND,07:05,08:25,岡山,羽田
2026-09-20,JTA013,OKJ,OKA,08:30,10:30,岡山,那覇
2026-09-20,JAL234,OKJ,HND,10:15,11:30,岡山,羽田
2026-09-20,JAL236,OKJ,HND,12:20,13:40,岡山,羽田
2026-09-20,JAL240,OKJ,HND,17:30,18:55,岡山,羽田
2026-09-20,JAL242,OKJ,HND,19:25,20:40,岡山,羽田
2026-09-20,JAL2784,RIS,OKD,09:15,10:05,利尻,丘珠
2026-09-20,JAL2788,RIS,OKD,16:25,17:15,利尻,丘珠
2026-09-20,JAL3866,RNJ,OKA,12:30,13:15,与論,那覇
2026-09-20,JAL3826,RNJ,KOJ,13:15,14:45,与論,鹿児島
2026-09-20,RAC816,RNJ,OKA,14:25,15:00,与論,那覇
2026-09-20,JAL2200,SDJ,ITM,07:35,08:55,仙台,伊丹
2026-09-20,JAL2901,SDJ,CTS,07:50,09:00,仙台,新千歳
2026-09-20,JAL2903,SDJ,CTS,09:10,10:25,仙台,新千歳
2026-09-20,JAL2202,SDJ,ITM,09:15,10:30,仙台,伊丹
2026-09-20,JAL4528,SDJ,FUK,11:15,13:20,仙台,福岡
2026-09-20,JAL2204,SDJ,ITM,11:20,12:35,仙台,伊丹
2026-09-20,JAL2206,SDJ,ITM,12:40,13:55,仙台,伊丹
2026-09-20,JAL2905,SDJ,CTS,12:45,13:55,仙台,新千歳
2026-09-20,JAL2210,SDJ,ITM,15:35,16:50,仙台,伊丹
2026-09-20,JAL2212,SDJ,ITM,16:10,17:25,仙台,伊丹
2026-09-20,JAL2907,SDJ,CTS,17:15,18:25,仙台,新千歳
2026-09-20,JAL4530,SDJ,FUK,17:45,19:50,仙台,福岡
2026-09-20,JAL2216,SDJ,ITM,19:00,20:25,仙台,伊丹
2026-09-20,JAL2909,SDJ,CTS,20:30,21:40,仙台,新千歳
2026-09-20,JAL2732,SHB,OKD,11:15,12:10,根室中標津,丘珠
2026-09-20,SKY542,SHI,OKA,11:50,12:40,下地島,那覇
2026-09-20,SKY546,SHI,OKA,13:50,14:40,下地島,那覇
2026-09-20,SKY164,SHI,UKB,15:25,17:35,下地島,神戸
2026-09-20,SKY564,SHI,FUK,16:00,18:00,下地島,福岡
2026-09-20,SKY618,SHI,HND,17:10,19:50,下地島,羽田
2026-09-20,JAL212,SHM,HND,09:30,10:40,南紀白浜,羽田
2026-09-20,JAL214,SHM,HND,13:45,15:00,南紀白浜,羽田
2026-09-20,JAL218,SHM,HND,18:25,19:40,南紀白浜,羽田
2026-09-20,JAL474,TAK,HND,07:05,08:25,高松,羽田
2026-09-20,JAL476,TAK,HND,09:45,11:00,高松,羽田
2026-09-20,JAL478,TAK,HND,11:45,13:05,高松,羽田
2026-09-20,JAL480,TAK,HND,13:10,14:30,高松,羽田
2026-09-20,JAL482,TAK,HND,15:15,16:40,高松,羽田
2026-09-20,JAL484,TAK,HND,17:20,18:45,高松,羽田
2026-09-20,JAL486,TAK,HND,20:40,21:55,高松,羽田
2026-09-20,JAL2324,TJH,ITM,10:10,10:45,但馬,伊丹
2026-09-20,JAL2326,TJH,ITM,18:00,18:40,但馬,伊丹
2026-09-20,JAL3842,TKN,ASJ,09:40,10:10,徳之島,奄美
2026-09-20,JAL3792,TKN,KOJ,10:25,11:20,徳之島,鹿児島
2026-09-20,JAL3711,TKN,OKE,12:00,12:25,徳之島,沖永良部
2026-09-20,JAL3794,TKN,KOJ,14:55,16:15,徳之島,鹿児島
2026-09-20,JAL3844,TKN,ASJ,16:50,17:20,徳之島,奄美
2026-09-20,JAL3796,TKN,KOJ,17:40,18:35,徳之島,鹿児島
2026-09-20,JAL3798,TKN,KOJ,19:00,20:15,徳之島,鹿児島
2026-09-20,JAL452,TKS,HND,07:05,08:20,徳島,羽田
2026-09-20,JAL454,TKS,HND,08:55,10:15,徳島,羽田
2026-09-20,JAL3564,TKS,FUK,11:30,12:35,徳島,福岡
2026-09-20,JAL456,TKS,HND,12:20,13:40,徳島,羽田
2026-09-20,JAL460,TKS,HND,14:45,16:10,徳島,羽田
2026-09-20,JAL462,TKS,HND,17:40,19:05,徳島,羽田
2026-09-20,JAL3568,TKS,FUK,20:05,21:10,徳島,福岡
2026-09-20,JAL464,TKS,HND,20:35,21:55,徳島,羽田
2026-09-20,JAL3760,TNE,KOJ,09:20,09:55,種子島,鹿児島
2026-09-20,JAL3764,TNE,KOJ,12:10,12:45,種子島,鹿児島
2026-09-20,JAL3772,TNE,KOJ,18:00,18:35,種子島,鹿児島
2026-09-20,RAC892,TRA,MMY,10:20,10:45,多良間,宮古
2026-09-20,RAC898,TRA,MMY,16:50,17:15,多良間,宮古
2026-09-20,JAL4052,TSJ,NGS,08:35,09:15,対馬,長崎
2026-09-20,JAL4080,TSJ,FUK,08:50,09:25,対馬,福岡
2026-09-20,JAL4082,TSJ,FUK,11:00,11:35,対馬,福岡
2026-09-20,JAL4054,TSJ,NGS,12:05,12:45,対馬,長崎
2026-09-20,JAL4062,TSJ,NGS,20:05,20:45,対馬,長崎
2026-09-20,JAL290,UBJ,HND,07:40,09:20,山口宇部,羽田
2026-09-20,JAL292,UBJ,HND,10:20,12:00,山口宇部,羽田
2026-09-20,JAL294,UBJ,HND,15:00,16:45,山口宇部,羽田
2026-09-20,JAL296,UBJ,HND,19:00,20:40,山口宇部,羽田
2026-09-20,RAC872,UEO,OKA,08:45,09:20,久米島,那覇
2026-09-20,RAC874,UEO,OKA,10:55,11:30,久米島,那覇
2026-09-20,JTA212,UEO,OKA,15:00,15:40,久米島,那覇
2026-09-20,RAC880,UEO,OKA,16:45,17:20,久米島,那覇
2026-09-20,RAC882,UEO,OKA,18:25,19:00,久米島,那覇
2026-09-20,JAL4363,UKB,MMJ,11:40,12:40,神戸,松本
2026-09-21,JAL552,AKJ,HND,09:50,11:35,旭川,羽田
2026-09-21,JAL554,AKJ,HND,13:40,15:25,旭川,羽田
2026-09-21,JAL556,AKJ,HND,16:25,18:15,旭川,羽田
2026-09-21,JAL558,AKJ,HND,19:55,21:40,旭川,羽田
2026-09-21,JAL140,AOJ,HND,07:35,08:55,青森,羽田
2026-09-21,JAL142,AOJ,HND,08:35,09:55,青森,羽田
2026-09-21,JAL2150,AOJ,ITM,09:50,11:20,青森,伊丹
2026-09-21,JAL4422,AOJ,NKM,10:15,11:40,青森,名古屋
2026-09-21,JAL2804,AOJ,CTS,11:00,11:45,青森,新千歳
2026-09-21,JAL144,AOJ,HND,12:00,13:20,青森,羽田
2026-09-21,JAL4424,AOJ,NKM,13:25,14:50,青森,名古屋
2026-09-21,JAL2154,AOJ,ITM,14:00,15:30,青森,伊丹
2026-09-21,JAL2806,AOJ,CTS,15:00,15:45,青森,新千歳
2026-09-21,JAL146,AOJ,HND,15:20,16:40,青森,羽田
2026-09-21,JAL148,AOJ,HND,17:55,19:15,青森,羽田
2026-09-21,JAL2158,AOJ,ITM,18:45,20:30,青森,伊丹
2026-09-21,JAL4428,AOJ,NKM,19:50,21:15,青森,名古屋
2026-09-21,JAL2810,AOJ,CTS,20:15,21:00,青森,新千歳
2026-09-21,JAL150,AOJ,HND,20:45,22:05,青森,羽田
2026-09-21,JAL3722,ASJ,KOJ,08:45,09:35,奄美,鹿児島
2026-09-21,JAL3831,ASJ,KKX,09:25,09:45,奄美,喜界
2026-09-21,JAL3841,ASJ,TKN,10:55,11:25,奄美,徳之島
2026-09-21,JAL3861,ASJ,RNJ,11:15,12:00,奄美,与論
2026-09-21,JAL3726,ASJ,KOJ,11:45,12:35,奄美,鹿児島
2026-09-21,JAL2464,ASJ,ITM,12:05,13:35,奄美,伊丹
2026-09-21,JAL3728,ASJ,KOJ,13:20,14:15,奄美,鹿児島
2026-09-21,JAL658,ASJ,HND,14:20,16:30,奄美,羽田
2026-09-21,JAL3730,ASJ,KOJ,14:35,15:30,奄美,鹿児島
2026-09-21,JAL3837,ASJ,KKX,15:40,16:00,奄美,喜界
2026-09-21,JAL3734,ASJ,KOJ,17:25,18:30,奄美,鹿児島
2026-09-21,JAL3843,ASJ,TKN,18:00,18:30,奄美,徳之島
2026-09-21,JAL3684,ASJ,FUK,18:20,19:40,奄美,福岡
2026-09-21,JAL3738,ASJ,KOJ,19:00,20:05,奄美,鹿児島
2026-09-21,JAL3890,AXJ,FUK,07:40,08:20,天草,福岡
2026-09-21,JAL3872,AXJ,KMJ,09:55,10:15,天草,熊本
2026-09-21,JAL3894,AXJ,FUK,15:45,16:25,天草,福岡
2026-09-21,JAL3898,AXJ,FUK,18:00,18:40,天草,福岡
2026-09-21,JAL162,AXT,HND,08:45,09:55,秋田,羽田
2026-09-21,JAL2172,AXT,ITM,09:45,11:10,秋田,伊丹
2026-09-21,JAL164,AXT,HND,12:10,13:20,秋田,羽田
2026-09-21,JAL2824,AXT,OKD,12:25,13:30,秋田,丘珠
2026-09-21,JAL2174,AXT,ITM,14:10,15:35,秋田,伊丹
2026-09-21,JAL166,AXT,HND,17:00,18:10,秋田,羽田
2026-09-21,JAL2176,AXT,ITM,18:15,19:40,秋田,伊丹
2026-09-21,JAL2826,AXT,OKD,18:45,19:50,秋田,丘珠
2026-09-21,JAL168,AXT,HND,20:50,22:00,秋田,羽田
2026-09-21,JAL2900,CTS,SDJ,07:35,08:40,新千歳,仙台
2026-09-21,JAL590,CTS,HND,07:35,09:10,新千歳,羽田
2026-09-21,JAL2713,CTS,MMB,07:40,08:25,新千歳,女満別
2026-09-21,JAL500,CTS,HND,07:40,09:20,新千歳,羽田
2026-09-21,JAL502,CTS,HND,08:50,10:25,新千歳,羽田
2026-09-21,JAL2000,CTS,ITM,09:00,10:50,新千歳,伊丹
2026-09-21,JAL2803,CTS,AOJ,09:40,10:25,新千歳,青森
2026-09-21,JAL504,CTS,HND,09:45,11:25,新千歳,羽田
2026-09-21,JAL3106,CTS,NGO,10:10,11:55,新千歳,中部国際
2026-09-21,JAL2831,CTS,HNA,10:15,11:10,新千歳,花巻
2026-09-21,JAL3510,CTS,FUK,10:30,12:55,新千歳,福岡
2026-09-21,JAL4483,CTS,KIJ,10:40,12:00,新千歳,新潟
2026-09-21,JAL506,CTS,HND,10:50,12:30,新千歳,羽田
2026-09-21,JAL2902,CTS,SDJ,11:00,12:10,新千歳,仙台
2026-09-21,JAL508,CTS,HND,11:25,13:05,新千歳,羽田
2026-09-21,JAL2504,CTS,KIX,11:50,14:05,新千歳,関西国際
2026-09-21,JAL2004,CTS,ITM,12:05,14:00,新千歳,伊丹
2026-09-21,JAL2715,CTS,MMB,12:30,13:15,新千歳,女満別
2026-09-21,JAL510,CTS,HND,12:45,14:30,新千歳,羽田
2026-09-21,JAL3512,CTS,FUK,13:30,15:55,新千歳,福岡
2026-09-21,JAL4324,CTS,FSZ,13:35,15:30,新千歳,静岡
2026-09-21,JAL2805,CTS,AOJ,13:40,14:25,新千歳,青森
2026-09-21,JAL512,CTS,HND,14:00,15:40,新千歳,羽田
2026-09-21,JAL4485,CTS,KIJ,14:05,15:25,新千歳,新潟
2026-09-21,JAL4491,CTS,GAJ,14:35,15:50,新千歳,山形
2026-09-21,JAL2904,CTS,SDJ,14:35,15:40,新千歳,仙台
2026-09-21,JAL3406,CTS,HIJ,15:00,17:05,新千歳,広島
2026-09-21,JAL3114,CTS,NGO,15:05,16:50,新千歳,中部国際
2026-09-21,JAL2008,CTS,ITM,15:05,17:00,新千歳,伊丹
2026-09-21,JAL514,CTS,HND,15:10,16:55,新千歳,羽田
2026-09-21,JAL4353,CTS,MMJ,15:40,17:15,新千歳,松本
2026-09-21,JAL2010,CTS,ITM,15:55,17:45,新千歳,伊丹
2026-09-21,JAL516,CTS,HND,16:05,17:45,新千歳,羽田
2026-09-21,JAL2719,CTS,MMB,16:10,16:50,新千歳,女満別
2026-09-21,JAL2839,CTS,HNA,16:30,17:25,新千歳,花巻
2026-09-21,JAL518,CTS,HND,17:00,18:45,新千歳,羽田
2026-09-21,JAL520,CTS,HND,17:15,18:55,新千歳,羽田
2026-09-21,JAL2016,CTS,ITM,17:45,19:40,新千歳,伊丹
2026-09-21,JAL2506,CTS,KIX,17:55,20:10,新千歳,関西国際
2026-09-21,JAL522,CTS,HND,18:00,19:45,新千歳,羽田
2026-09-21,JAL4472,CTS,FUK,18:05,20:55,新千歳,福岡
2026-09-21,JAL2809,CTS,AOJ,18:45,19:30,新千歳,青森
2026-09-21,JAL2906,CTS,SDJ,18:55,20:00,新千歳,仙台
2026-09-21,JAL524,CTS,HND,19:15,20:55,新千歳,羽田
2026-09-21,JAL2910,CTS,SDJ,19:45,20:50,新千歳,仙台
2026-09-21,JAL3118,CTS,NGO,19:55,21:40,新千歳,中部国際
2026-09-21,JAL526,CTS,HND,20:15,21:55,新千歳,羽田
2026-09-21,JAL528,CTS,HND,21:10,22:55,新千歳,羽田
2026-09-21,JAL530,CTS,HND,21:20,23:05,新千歳,羽田
2026-09-21,JAL4312,FSZ,FUK,08:10,09:50,静岡,福岡
2026-09-21,JAL4331,FSZ,OKD,08:55,10:40,静岡,丘珠
2026-09-21,JAL4323,FSZ,CTS,12:10,14:00,静岡,新千歳
2026-09-21,JAL4305,FSZ,KOJ,12:40,14:15,静岡,鹿児島
2026-09-21,JAL4314,FSZ,FUK,16:15,18:00,静岡,福岡
2026-09-21,JAL4316,FSZ,FUK,17:00,18:45,静岡,福岡
2026-09-21,JAL4094,FUJ,FUK,10:50,11:35,五島福江,福岡
2026-09-21,JAL4074,FUJ,NGS,13:40,14:10,五島福江,長崎
2026-09-21,JAL4098,FUJ,FUK,14:20,15:05,五島福江,福岡
2026-09-21,JAL4076,FUJ,NGS,15:45,16:15,五島福江,長崎
2026-09-21,JAL4078,FUJ,NGS,17:00,17:30,五島福江,長崎
2026-09-21,JAL4096,FUJ,FUK,17:55,18:40,五島福江,福岡
2026-09-21,JAL300,FUK,HND,07:00,08:45,福岡,羽田
2026-09-21,JAL3681,FUK,ASJ,07:05,08:15,福岡,奄美
2026-09-21,JAL3591,FUK,MYJ,07:10,07:55,福岡,松山
2026-09-21,JAL3551,FUK,IZO,07:15,08:25,福岡,出雲
2026-09-21,JAL3623,FUK,KMI,07:15,08:00,福岡,宮崎
2026-09-21,JTA051,FUK,OKA,07:15,08:50,福岡,那覇
2026-09-21,JAL302,FUK,HND,07:20,09:05,福岡,羽田
2026-09-21,JAL4471,FUK,CTS,07:45,10:05,福岡,新千歳
2026-09-21,JAL4079,FUK,TSJ,07:45,08:20,福岡,対馬
2026-09-21,JAL2050,FUK,ITM,07:50,08:55,福岡,伊丹
2026-09-21,JAL4341,FUK,MMJ,08:00,09:30,福岡,松本
2026-09-21,JAL304,FUK,HND,08:05,09:50,福岡,羽田
2026-09-21,JAL3891,FUK,AXJ,08:50,09:25,福岡,天草
2026-09-21,JAL4529,FUK,SDJ,08:55,10:45,福岡,仙台
2026-09-21,JAL3581,FUK,KCZ,09:00,09:55,福岡,高知
2026-09-21,JAL306,FUK,HND,09:10,10:55,福岡,羽田
2026-09-21,JAL4382,FUK,NKM,09:10,10:30,福岡,名古屋
2026-09-21,JTA053,FUK,OKA,09:30,11:15,福岡,那覇
2026-09-21,JAL3625,FUK,KMI,09:45,10:35,福岡,宮崎
2026-09-21,JAL3563,FUK,TKS,09:55,10:55,福岡,徳島
2026-09-21,JAL4313,FUK,FSZ,09:55,11:25,福岡,静岡
2026-09-21,JAL4081,FUK,TSJ,09:55,10:30,福岡,対馬
2026-09-21,JAL308,FUK,HND,10:00,11:45,福岡,羽田
2026-09-21,JAL4315,FUK,FSZ,10:25,11:55,福岡,静岡
2026-09-21,JAL310,FUK,HND,11:00,12:50,福岡,羽田
2026-09-21,JAL3627,FUK,KMI,11:40,12:30,福岡,宮崎
2026-09-21,JAL3513,FUK,CTS,11:50,14:10,福岡,新千歳
2026-09-21,JAL312,FUK,HND,11:55,13:40,福岡,羽田
2026-09-21,JAL3595,FUK,MYJ,11:55,12:40,福岡,松山
2026-09-21,JAL4095,FUK,FUJ,12:10,13:00,福岡,五島福江
2026-09-21,JAL3629,FUK,KMI,12:40,13:25,福岡,宮崎
2026-09-21,JAL314,FUK,HND,12:50,14:40,福岡,羽田
2026-09-21,JAL3653,FUK,KOJ,12:50,13:40,福岡,鹿児島
2026-09-21,JAL4525,FUK,HNA,12:55,14:50,福岡,花巻
2026-09-21,JTA057,FUK,OKA,12:55,14:40,福岡,那覇
2026-09-21,JAL3601,FUK,MYJ,13:30,14:15,福岡,松山
2026-09-21,JAL3673,FUK,KUM,13:50,15:00,福岡,屋久島
2026-09-21,JAL4345,FUK,MMJ,13:55,15:25,福岡,松本
2026-09-21,JAL316,FUK,HND,14:00,15:50,福岡,羽田
2026-09-21,JAL3515,FUK,CTS,14:15,16:30,福岡,新千歳
2026-09-21,JAL318,FUK,HND,14:30,16:25,福岡,羽田
2026-09-21,JAL3633,FUK,KMI,14:30,15:20,福岡,宮崎
2026-09-21,JAL4390,FUK,NKM,14:55,16:15,福岡,名古屋
2026-09-21,JAL2056,FUK,ITM,15:00,16:15,福岡,伊丹
2026-09-21,JAL4531,FUK,SDJ,15:25,17:15,福岡,仙台
2026-09-21,JAL3635,FUK,KMI,15:25,16:10,福岡,宮崎
2026-09-21,JAL4099,FUK,FUJ,15:40,16:30,福岡,五島福江
2026-09-21,JAL2058,FUK,ITM,15:50,17:00,福岡,伊丹
2026-09-21,JTA061,FUK,OKA,15:55,17:35,福岡,那覇
2026-09-21,JAL320,FUK,HND,16:00,17:50,福岡,羽田
2026-09-21,JAL3587,FUK,KCZ,16:10,17:00,福岡,高知
2026-09-21,JAL322,FUK,HND,16:30,18:20,福岡,羽田
2026-09-21,JAL4477,FUK,KIJ,16:35,18:15,福岡,新潟
2026-09-21,JAL4097,FUK,FUJ,16:40,17:25,福岡,五島福江
2026-09-21,JAL3895,FUK,AXJ,16:55,17:30,福岡,天草
2026-09-21,JAL324,FUK,HND,17:05,18:55,福岡,羽田
2026-09-21,JTA063,FUK,OKA,17:25,19:05,福岡,那覇
2026-09-21,JAL3555,FUK,IZO,17:35,18:45,福岡,出雲
2026-09-21,JAL3607,FUK,MYJ,17:40,18:25,福岡,松山
2026-09-21,JAL326,FUK,HND,18:15,20:05,福岡,羽田
2026-09-21,JAL3567,FUK,TKS,18:20,19:20,福岡,徳島
2026-09-21,JTA2063,FUK,OKA,18:30,20:10,福岡,那覇
2026-09-21,JAL4317,FUK,FSZ,18:50,20:20,福岡,静岡
2026-09-21,JAL2060,FUK,ITM,19:00,20:20,福岡,伊丹
2026-09-21,JAL328,FUK,HND,19:10,20:55,福岡,羽田
2026-09-21,JAL3899,FUK,AXJ,19:10,19:45,福岡,天草
2026-09-21,JAL4392,FUK,NKM,19:15,20:35,福岡,名古屋
2026-09-21,JAL3639,FUK,KMI,19:15,20:00,福岡,宮崎
2026-09-21,JAL330,FUK,HND,20:00,21:45,福岡,羽田
2026-09-21,JAL4394,FUK,NKM,20:00,21:20,福岡,名古屋
2026-09-21,JTA065,FUK,OKA,20:55,22:30,福岡,那覇
2026-09-21,JAL332,FUK,HND,21:00,22:45,福岡,羽田
2026-09-21,JAL2234,GAJ,ITM,08:50,10:10,山形,伊丹
2026-09-21,JAL174,GAJ,HND,09:50,10:55,山形,羽田
2026-09-21,JAL4442,GAJ,NKM,10:40,11:50,山形,名古屋
2026-09-21,JAL4490,GAJ,CTS,13:55,15:05,山形,新千歳
2026-09-21,JAL2236,GAJ,ITM,14:50,16:10,山形,伊丹
2026-09-21,JAL4446,GAJ,NKM,16:20,17:30,山形,名古屋
2026-09-21,JAL2238,GAJ,ITM,18:05,19:20,山形,伊丹
2026-09-21,JAL178,GAJ,HND,19:10,20:15,山形,羽田
2026-09-21,JAL252,HIJ,HND,07:35,09:00,広島,羽田
2026-09-21,JAL254,HIJ,HND,09:25,10:50,広島,羽田
2026-09-21,JAL3403,HIJ,CTS,10:50,12:45,広島,新千歳
2026-09-21,JAL256,HIJ,HND,12:10,13:35,広島,羽田
2026-09-21,JAL258,HIJ,HND,13:45,15:10,広島,羽田
2026-09-21,JAL262,HIJ,HND,16:25,17:55,広島,羽田
2026-09-21,JAL264,HIJ,HND,18:10,19:40,広島,羽田
2026-09-21,JAL266,HIJ,HND,20:35,22:00,広島,羽田
2026-09-21,JAL2740,HKD,OKD,07:50,08:30,函館,丘珠
2026-09-21,JAL2742,HKD,OKD,08:45,09:25,函館,丘珠
2026-09-21,JAL584,HKD,HND,09:40,11:10,函館,羽田
2026-09-21,JAL2791,HKD,OIR,11:45,12:15,函館,奥尻
2026-09-21,JAL2124,HKD,ITM,13:10,14:50,函館,伊丹
2026-09-21,JAL2748,HKD,OKD,13:45,14:25,函館,丘珠
2026-09-21,JAL2750,HKD,OKD,14:00,14:40,函館,丘珠
2026-09-21,JAL586,HKD,HND,15:00,16:25,函館,羽田
2026-09-21,JAL2752,HKD,OKD,15:55,16:35,函館,丘珠
2026-09-21,JAL2756,HKD,OKD,19:15,19:55,函館,丘珠
2026-09-21,JAL588,HKD,HND,19:30,21:00,函館,羽田
2026-09-21,JAL4412,HNA,NKM,09:10,10:25,花巻,名古屋
2026-09-21,JAL2180,HNA,ITM,09:20,10:45,花巻,伊丹
2026-09-21,JAL2830,HNA,CTS,11:40,12:35,花巻,新千歳
2026-09-21,JAL2182,HNA,ITM,13:30,14:55,花巻,伊丹
2026-09-21,JAL4524,HNA,FUK,13:55,16:05,花巻,福岡
2026-09-21,JAL4416,HNA,NKM,15:20,16:35,花巻,名古屋
2026-09-21,JAL2186,HNA,ITM,15:25,16:50,花巻,伊丹
2026-09-21,JAL4418,HNA,NKM,17:40,18:55,花巻,名古屋
2026-09-21,JAL2838,HNA,CTS,17:55,18:55,花巻,新千歳
2026-09-21,JAL2190,HNA,ITM,18:40,20:15,花巻,伊丹
2026-09-21,JAL623,HND,KMJ,06:20,08:00,羽田,熊本
2026-09-21,JAL303,HND,FUK,06:25,08:10,羽田,福岡
2026-09-21,JAL641,HND,KOJ,06:25,08:05,羽田,鹿児島
2026-09-21,JAL101,HND,ITM,06:30,07:35,羽田,伊丹
2026-09-21,JAL901,HND,OKA,06:30,09:00,羽田,那覇
2026-09-21,JAL501,HND,CTS,06:35,08:05,羽田,新千歳
2026-09-21,JAL141,HND,AOJ,06:45,07:55,羽田,青森
2026-09-21,JAL431,HND,MYJ,06:50,08:15,羽田,松山
2026-09-21,JAL161,HND,AXT,07:00,08:05,羽田,秋田
2026-09-21,JAL453,HND,TKS,07:00,08:10,羽田,徳島
2026-09-21,JAL565,HND,MMB,07:05,08:45,羽田,女満別
2026-09-21,JAL305,HND,FUK,07:05,08:50,羽田,福岡
2026-09-21,JAL971,HND,ISG,07:05,09:55,羽田,新石垣
2026-09-21,JAL183,HND,KMQ,07:10,08:10,羽田,小松
2026-09-21,JAL277,HND,IZO,07:10,08:30,羽田,出雲
2026-09-21,JAL503,HND,CTS,07:15,08:45,羽田,新千歳
2026-09-21,JAL175,HND,GAJ,07:20,08:15,羽田,山形
2026-09-21,JAL221,HND,KIX,07:20,08:35,羽田,関西国際
2026-09-21,JAL903,HND,OKA,07:20,09:50,羽田,那覇
2026-09-21,JAL253,HND,HIJ,07:25,08:40,羽田,広島
2026-09-21,JAL585,HND,HKD,07:30,08:50,羽田,函館
2026-09-21,JAL103,HND,ITM,07:30,08:35,羽田,伊丹
2026-09-21,JAL491,HND,KCZ,07:30,08:50,羽田,高知
2026-09-21,JAL605,HND,NGS,07:30,09:15,羽田,長崎
2026-09-21,JAL551,HND,AKJ,07:35,09:10,羽田,旭川
2026-09-21,JAL541,HND,KUH,07:45,09:20,羽田,釧路
2026-09-21,JAL573,HND,OBO,07:45,09:15,羽田,帯広
2026-09-21,JAL213,HND,SHM,07:45,08:55,羽田,南紀白浜
2026-09-21,JAL475,HND,TAK,07:50,09:05,羽田,高松
2026-09-21,JAL291,HND,UBJ,08:00,09:40,羽田,山口宇部
2026-09-21,JAL307,HND,FUK,08:00,09:45,羽田,福岡
2026-09-21,JAL661,HND,OIT,08:00,09:35,羽田,大分
2026-09-21,JAL625,HND,KMJ,08:00,09:45,羽田,熊本
2026-09-21,JAL153,HND,MSJ,08:05,09:20,羽田,三沢
2026-09-21,JAL687,HND,KMI,08:05,09:45,羽田,宮崎
2026-09-21,JAL643,HND,KOJ,08:05,09:50,羽田,鹿児島
2026-09-21,JAL905,HND,OKA,08:05,10:40,羽田,那覇
2026-09-21,JAL201,HND,NGO,08:15,09:10,羽田,中部国際
2026-09-21,JAL231,HND,OKJ,08:15,09:30,羽田,岡山
2026-09-21,JAL373,HND,KKJ,08:15,09:50,羽田,北九州
2026-09-21,JAL505,HND,CTS,08:20,09:55,羽田,新千歳
2026-09-21,JAL107,HND,ITM,08:30,09:35,羽田,伊丹
2026-09-21,JAL907,HND,OKA,08:40,11:15,羽田,那覇
2026-09-21,JAL507,HND,CTS,08:50,10:25,羽田,新千歳
2026-09-21,JAL255,HND,HIJ,08:50,10:10,羽田,広島
2026-09-21,JAL309,HND,FUK,09:05,10:55,羽田,福岡
2026-09-21,JAL433,HND,MYJ,09:15,10:40,羽田,松山
2026-09-21,JAL493,HND,KCZ,09:15,10:35,羽田,高知
2026-09-21,JAL311,HND,FUK,09:15,11:05,羽田,福岡
2026-09-21,JAL185,HND,KMQ,09:30,10:35,羽田,小松
2026-09-21,JAL111,HND,ITM,09:35,10:40,羽田,伊丹
2026-09-21,JAL663,HND,OIT,09:35,11:10,羽田,大分
2026-09-21,JAL909,HND,OKA,09:40,12:15,羽田,那覇
2026-09-21,JAL509,HND,CTS,09:45,11:20,羽田,新千歳
2026-09-21,JAL279,HND,IZO,09:50,11:15,羽田,出雲
2026-09-21,JAL477,HND,TAK,09:50,11:05,羽田,高松
2026-09-21,JAL689,HND,KMI,09:55,11:35,羽田,宮崎
2026-09-21,JAL143,HND,AOJ,10:00,11:20,羽田,青森
2026-09-21,JAL313,HND,FUK,10:00,11:45,羽田,福岡
2026-09-21,JAL627,HND,KMJ,10:00,11:45,羽田,熊本
2026-09-21,JAL607,HND,NGS,10:05,11:55,羽田,長崎
2026-09-21,JAL645,HND,KOJ,10:05,11:50,羽田,鹿児島
2026-09-21,JAL257,HND,HIJ,10:10,11:30,羽田,広島
2026-09-21,JAL511,HND,CTS,10:15,11:50,羽田,新千歳
2026-09-21,JAL233,HND,OKJ,10:20,11:40,羽田,岡山
2026-09-21,JAL455,HND,TKS,10:25,11:40,羽田,徳島
2026-09-21,JAL163,HND,AXT,10:30,11:35,羽田,秋田
2026-09-21,JAL113,HND,ITM,10:30,11:35,羽田,伊丹
2026-09-21,JAL913,HND,OKA,10:35,13:10,羽田,那覇
2026-09-21,JAL933,HND,MMY,10:40,13:25,羽田,宮古
2026-09-21,JAL155,HND,MSJ,10:45,12:05,羽田,三沢
2026-09-21,JAL575,HND,OBO,11:00,12:35,羽田,帯広
2026-09-21,JAL315,HND,FUK,11:00,12:50,羽田,福岡
2026-09-21,JAL479,HND,TAK,11:05,12:25,羽田,高松
2026-09-21,JAL553,HND,AKJ,11:10,12:50,羽田,旭川
2026-09-21,JAL513,HND,CTS,11:25,13:05,羽田,新千歳
2026-09-21,JAL629,HND,KMJ,11:25,13:10,羽田,熊本
2026-09-21,JAL659,HND,ASJ,11:25,13:35,羽田,奄美
2026-09-21,JAL115,HND,ITM,11:30,12:35,羽田,伊丹
2026-09-21,JAL215,HND,SHM,11:30,12:40,羽田,南紀白浜
2026-09-21,JAL987,HND,OKA,11:30,14:05,羽田,那覇
2026-09-21,JAL259,HND,HIJ,11:40,13:05,羽田,広島
2026-09-21,JAL691,HND,KMI,11:40,13:25,羽田,宮崎
2026-09-21,JAL317,HND,FUK,11:55,13:45,羽田,福岡
2026-09-21,JAL915,HND,OKA,11:55,14:30,羽田,那覇
2026-09-21,JAL647,HND,KOJ,12:00,13:45,羽田,鹿児島
2026-09-21,JAL665,HND,OIT,12:05,13:40,羽田,大分
2026-09-21,JAL435,HND,MYJ,12:10,13:35,羽田,松山
2026-09-21,JAL543,HND,KUH,12:15,13:50,羽田,釧路
2026-09-21,JAL567,HND,MMB,12:25,14:10,羽田,女満別
2026-09-21,JAL117,HND,ITM,12:30,13:35,羽田,伊丹
2026-09-21,JAL609,HND,NGS,12:30,14:20,羽田,長崎
2026-09-21,JAL225,HND,KIX,12:35,14:00,羽田,関西国際
2026-09-21,JAL515,HND,CTS,12:40,14:15,羽田,新千歳
2026-09-21,JAL459,HND,TKS,12:40,14:00,羽田,徳島
2026-09-21,JAL293,HND,UBJ,12:45,14:20,羽田,山口宇部
2026-09-21,JAL587,HND,HKD,12:50,14:10,羽田,函館
2026-09-21,JAL631,HND,KMJ,12:50,14:35,羽田,熊本
2026-09-21,JAL319,HND,FUK,12:55,14:40,羽田,福岡
2026-09-21,JAL481,HND,TAK,13:00,14:15,羽田,高松
2026-09-21,JAL187,HND,KMQ,13:05,14:10,羽田,小松
2026-09-21,JAL145,HND,AOJ,13:15,14:30,羽田,青森
2026-09-21,JAL517,HND,CTS,13:30,15:05,羽田,新千歳
2026-09-21,JAL119,HND,ITM,13:30,14:35,羽田,伊丹
2026-09-21,JAL611,HND,NGS,13:30,15:20,羽田,長崎
2026-09-21,JAL375,HND,KKJ,13:40,15:15,羽田,北九州
2026-09-21,JAL321,HND,FUK,13:45,15:30,羽田,福岡
2026-09-21,JAL577,HND,OBO,13:50,15:25,羽田,帯広
2026-09-21,JAL917,HND,OKA,13:55,16:25,羽田,那覇
2026-09-21,JAL555,HND,AKJ,14:05,15:40,羽田,旭川
2026-09-21,JAL495,HND,KCZ,14:05,15:25,羽田,高知
2026-09-21,JAL263,HND,HIJ,14:15,15:40,羽田,広島
2026-09-21,JAL649,HND,KOJ,14:15,15:55,羽田,鹿児島
2026-09-21,JAL693,HND,KMI,14:20,16:00,羽田,宮崎
2026-09-21,JAL519,HND,CTS,14:25,16:00,羽田,新千歳
2026-09-21,JAL237,HND,OKJ,14:30,15:45,羽田,岡山
2026-09-21,JAL121,HND,ITM,14:35,15:40,羽田,伊丹
2026-09-21,JAL633,HND,KMJ,14:40,16:20,羽田,熊本
2026-09-21,JAL165,HND,AXT,14:50,15:55,羽田,秋田
2026-09-21,JAL973,HND,ISG,14:50,17:40,羽田,新石垣
2026-09-21,JAL157,HND,MSJ,14:55,16:10,羽田,三沢
2026-09-21,JAL125,HND,ITM,14:55,16:00,羽田,伊丹
2026-09-21,JAL283,HND,IZO,14:55,16:15,羽田,出雲
2026-09-21,JAL667,HND,OIT,15:05,16:40,羽田,大分
2026-09-21,JAL483,HND,TAK,15:10,16:30,羽田,高松
2026-09-21,JAL919,HND,OKA,15:10,17:40,羽田,那覇
2026-09-21,JAL521,HND,CTS,15:25,17:00,羽田,新千歳
2026-09-21,JAL323,HND,FUK,15:25,17:15,羽田,福岡
2026-09-21,JAL437,HND,MYJ,15:30,16:55,羽田,松山
2026-09-21,JAL461,HND,TKS,15:40,16:55,羽田,徳島
2026-09-21,JAL325,HND,FUK,15:55,17:50,羽田,福岡
2026-09-21,JAL921,HND,OKA,15:55,18:25,羽田,那覇
2026-09-21,JAL147,HND,AOJ,16:00,17:10,羽田,青森
2026-09-21,JAL695,HND,KMI,16:25,18:00,羽田,宮崎
2026-09-21,JAL127,HND,ITM,16:30,17:35,羽田,伊丹
2026-09-21,JAL219,HND,SHM,16:30,17:40,羽田,南紀白浜
2026-09-21,JAL651,HND,KOJ,16:30,18:10,羽田,鹿児島
2026-09-21,JAL523,HND,CTS,16:40,18:20,羽田,新千歳
2026-09-21,JAL669,HND,OIT,16:40,18:15,羽田,大分
2026-09-21,JAL295,HND,UBJ,16:45,18:20,羽田,山口宇部
2026-09-21,JAL189,HND,KMQ,16:50,17:55,羽田,小松
2026-09-21,JAL285,HND,IZO,16:55,18:25,羽田,出雲
2026-09-21,JAL439,HND,MYJ,16:55,18:20,羽田,松山
2026-09-21,JAL497,HND,KCZ,16:55,18:15,羽田,高知
2026-09-21,JAL923,HND,OKA,16:55,19:30,羽田,那覇
2026-09-21,JAL327,HND,FUK,17:00,19:00,羽田,福岡
2026-09-21,JAL159,HND,MSJ,17:05,18:30,羽田,三沢
2026-09-21,JAL589,HND,HKD,17:10,18:35,羽田,函館
2026-09-21,JAL569,HND,MMB,17:15,19:10,羽田,女満別
2026-09-21,JAL545,HND,KUH,17:15,19:05,羽田,釧路
2026-09-21,JAL557,HND,AKJ,17:30,19:15,羽田,旭川
2026-09-21,JAL179,HND,GAJ,17:30,18:35,羽田,山形
2026-09-21,JAL239,HND,OKJ,17:30,18:45,羽田,岡山
2026-09-21,JAL525,HND,CTS,17:35,19:15,羽田,新千歳
2026-09-21,JAL579,HND,OBO,17:35,19:20,羽田,帯広
2026-09-21,JAL131,HND,ITM,17:35,18:40,羽田,伊丹
2026-09-21,JAL637,HND,KMJ,17:35,19:20,羽田,熊本
2026-09-21,JAL613,HND,NGS,17:45,19:40,羽田,長崎
2026-09-21,JAL329,HND,FUK,17:55,19:50,羽田,福岡
2026-09-21,JAL653,HND,KOJ,17:55,19:40,羽田,鹿児島
2026-09-21,JAL133,HND,ITM,18:00,19:10,羽田,伊丹
2026-09-21,JAL287,HND,IZO,18:15,19:45,羽田,出雲
2026-09-21,JAL265,HND,HIJ,18:20,19:45,羽田,広島
2026-09-21,JAL463,HND,TKS,18:20,19:35,羽田,徳島
2026-09-21,JAL377,HND,KKJ,18:25,20:00,羽田,北九州
2026-09-21,JAL527,HND,CTS,18:40,20:15,羽田,新千歳
2026-09-21,JAL149,HND,AOJ,18:40,19:55,羽田,青森
2026-09-21,JAL137,HND,ITM,18:40,19:50,羽田,伊丹
2026-09-21,JAL485,HND,TAK,18:40,19:55,羽田,高松
2026-09-21,JAL191,HND,KMQ,18:45,19:50,羽田,小松
2026-09-21,JAL331,HND,FUK,18:45,20:35,羽田,福岡
2026-09-21,JAL499,HND,KCZ,18:55,20:15,羽田,高知
2026-09-21,JAL697,HND,KMI,18:55,20:35,羽田,宮崎
2026-09-21,JAL297,HND,UBJ,19:00,20:35,羽田,山口宇部
2026-09-21,JAL167,HND,AXT,19:10,20:15,羽田,秋田
2026-09-21,JAL139,HND,ITM,19:10,20:30,羽田,伊丹
2026-09-21,JAL639,HND,KMJ,19:10,20:55,羽田,熊本
2026-09-21,JAL333,HND,FUK,19:15,21:05,羽田,福岡
2026-09-21,JAL655,HND,KOJ,19:25,21:05,羽田,鹿児島
2026-09-21,JAL615,HND,NGS,19:30,21:20,羽田,長崎
2026-09-21,JAL335,HND,FUK,19:35,21:30,羽田,福岡
2026-09-21,JAL241,HND,OKJ,19:40,20:55,羽田,岡山
2026-09-21,JAL443,HND,MYJ,19:45,21:10,羽田,松山
2026-09-21,JAL465,HND,TKS,19:45,20:55,羽田,徳島
2026-09-21,JAL151,HND,AOJ,19:50,21:05,羽田,青森
2026-09-21,JAL529,HND,CTS,19:55,21:30,羽田,新千歳
2026-09-21,JAL209,HND,NGO,19:55,20:55,羽田,中部国際
2026-09-21,JAL267,HND,HIJ,19:55,21:20,羽田,広島
2026-09-21,JAL925,HND,OKA,20:05,22:30,羽田,那覇
2026-09-21,JAL487,HND,TAK,20:15,21:30,羽田,高松
2026-09-21,JAL671,HND,OIT,20:15,21:45,羽田,大分
2026-09-21,JAL599,HND,CTS,20:30,22:05,羽田,新千歳
2026-09-21,JAL193,HND,KMQ,20:40,21:40,羽田,小松
2026-09-21,JAL229,HND,KIX,20:40,21:55,羽田,関西国際
2026-09-21,JAL531,HND,CTS,20:45,22:20,羽田,新千歳
2026-09-21,JAL4042,IKI,NGS,09:55,10:25,壱岐,長崎
2026-09-21,JAL4044,IKI,NGS,17:50,18:20,壱岐,長崎
2026-09-21,JTA600,ISG,OKA,08:55,10:00,新石垣,那覇
2026-09-21,RAC741,ISG,OGN,09:55,10:25,新石垣,与那国
2026-09-21,JAL972,ISG,HND,11:10,14:05,新石垣,羽田
2026-09-21,JTA608,ISG,OKA,11:15,12:20,新石垣,那覇
2026-09-21,RAC743,ISG,OGN,12:35,13:05,新石垣,与那国
2026-09-21,JTA612,ISG,OKA,13:00,14:05,新石垣,那覇
2026-09-21,JTA614,ISG,OKA,14:00,15:00,新石垣,那覇
2026-09-21,RAC834,ISG,MMY,14:45,15:15,新石垣,宮古
2026-09-21,JTA622,ISG,OKA,16:25,17:25,新石垣,那覇
2026-09-21,RAC747,ISG,OGN,17:50,18:20,新石垣,与那国
2026-09-21,JTA626,ISG,OKA,18:40,19:45,新石垣,那覇
2026-09-21,RAC838,ISG,MMY,19:00,19:30,新石垣,宮古
2026-09-21,JAL974,ISG,HND,19:15,22:10,新石垣,羽田
2026-09-21,JTA086,ISG,KIX,19:50,22:15,新石垣,関西国際
2026-09-21,JAL102,ITM,HND,07:05,08:15,伊丹,羽田
2026-09-21,JAL2371,ITM,NGS,07:05,08:15,伊丹,長崎
2026-09-21,JAL2401,ITM,KOJ,07:05,08:15,伊丹,鹿児島
2026-09-21,JAL2241,ITM,KIJ,07:10,08:15,伊丹,新潟
2026-09-21,JAL2345,ITM,IZO,07:10,08:00,伊丹,出雲
2026-09-21,JAL2431,ITM,KMI,07:10,08:15,伊丹,宮崎
2026-09-21,JAL2051,ITM,FUK,07:15,08:25,伊丹,福岡
2026-09-21,JAL2361,ITM,OIT,07:15,08:15,伊丹,大分
2026-09-21,JAL2201,ITM,SDJ,07:20,08:35,伊丹,仙台
2026-09-21,JAL2181,ITM,HNA,07:25,08:50,伊丹,花巻
2026-09-21,JAL104,ITM,HND,07:25,08:40,伊丹,羽田
2026-09-21,JAL2383,ITM,KMJ,07:30,08:40,伊丹,熊本
2026-09-21,JAL2001,ITM,CTS,07:40,09:30,伊丹,新千歳
2026-09-21,JAL2151,ITM,AOJ,07:45,09:15,伊丹,青森
2026-09-21,JAL2171,ITM,AXT,07:55,09:10,伊丹,秋田
2026-09-21,JAL2233,ITM,GAJ,08:00,09:15,伊丹,山形
2026-09-21,JAL2081,ITM,OKA,08:20,10:25,伊丹,那覇
2026-09-21,JAL106,ITM,HND,08:25,09:35,伊丹,羽田
2026-09-21,JAL2323,ITM,TJH,09:00,09:40,伊丹,但馬
2026-09-21,JAL2161,ITM,MSJ,09:15,10:45,伊丹,三沢
2026-09-21,JAL110,ITM,HND,09:20,10:35,伊丹,羽田
2026-09-21,JAL2405,ITM,KOJ,09:20,10:30,伊丹,鹿児島
2026-09-21,JAL2203,ITM,SDJ,09:30,10:45,伊丹,仙台
2026-09-21,JAL2301,ITM,MYJ,09:30,10:15,伊丹,松山
2026-09-21,JAL2465,ITM,ASJ,09:35,11:10,伊丹,奄美
2026-09-21,JAL2053,ITM,FUK,09:50,11:00,伊丹,福岡
2026-09-21,JAL2365,ITM,OIT,10:10,11:05,伊丹,大分
2026-09-21,JAL2351,ITM,IZO,10:20,11:10,伊丹,出雲
2026-09-21,JAL2385,ITM,KMJ,10:20,11:25,伊丹,熊本
2026-09-21,JAL112,ITM,HND,10:25,11:35,伊丹,羽田
2026-09-21,JAL2243,ITM,KIJ,10:35,11:35,伊丹,新潟
2026-09-21,JAL2433,ITM,KMI,10:35,11:35,伊丹,宮崎
2026-09-21,JAL2123,ITM,HKD,11:00,12:35,伊丹,函館
2026-09-21,JAL2205,ITM,SDJ,11:00,12:15,伊丹,仙台
2026-09-21,JAL2407,ITM,KOJ,11:05,12:15,伊丹,鹿児島
2026-09-21,JAL2373,ITM,NGS,11:20,12:30,伊丹,長崎
2026-09-21,JAL114,ITM,HND,11:25,12:40,伊丹,羽田
2026-09-21,JAL2451,ITM,KUM,11:25,13:10,伊丹,屋久島
2026-09-21,JAL2005,ITM,CTS,11:45,13:35,伊丹,新千歳
2026-09-21,JAL2183,ITM,HNA,11:45,13:00,伊丹,花巻
2026-09-21,JAL2153,ITM,AOJ,12:00,13:25,伊丹,青森
2026-09-21,JAL2173,ITM,AXT,12:20,13:35,伊丹,秋田
2026-09-21,JAL116,ITM,HND,12:25,13:40,伊丹,羽田
2026-09-21,JAL2007,ITM,CTS,12:45,14:30,伊丹,新千歳
2026-09-21,JAL3881,ITM,KMJ,12:50,14:20,伊丹,熊本
2026-09-21,JAL2375,ITM,NGS,13:00,14:15,伊丹,長崎
2026-09-21,JAL2235,ITM,GAJ,13:10,14:20,伊丹,山形
2026-09-21,JAL2057,ITM,FUK,13:10,14:20,伊丹,福岡
2026-09-21,JAL118,ITM,HND,13:25,14:40,伊丹,羽田
2026-09-21,JAL2185,ITM,HNA,13:35,14:55,伊丹,花巻
2026-09-21,JAL2331,ITM,OKI,13:45,14:35,伊丹,隠岐
2026-09-21,JAL2207,ITM,SDJ,13:50,15:00,伊丹,仙台
2026-09-21,JAL2387,ITM,KMJ,13:50,14:55,伊丹,熊本
2026-09-21,JAL120,ITM,HND,14:20,15:35,伊丹,羽田
2026-09-21,JAL2247,ITM,KIJ,14:30,15:30,伊丹,新潟
2026-09-21,JAL3006,ITM,NRT,14:35,16:00,伊丹,成田
2026-09-21,JAL2355,ITM,IZO,14:35,15:25,伊丹,出雲
2026-09-21,JAL2087,ITM,OKA,14:50,16:50,伊丹,那覇
2026-09-21,JAL2009,ITM,CTS,15:15,17:00,伊丹,新千歳
2026-09-21,JAL2409,ITM,KOJ,15:15,16:20,伊丹,鹿児島
2026-09-21,JAL2209,ITM,SDJ,15:30,16:45,伊丹,仙台
2026-09-21,JAL124,ITM,HND,15:35,17:00,伊丹,羽田
2026-09-21,JAL2163,ITM,MSJ,15:40,17:10,伊丹,三沢
2026-09-21,JAL2411,ITM,KOJ,16:15,17:25,伊丹,鹿児島
2026-09-21,JAL2237,ITM,GAJ,16:25,17:35,伊丹,山形
2026-09-21,JAL2179,ITM,AXT,16:30,17:45,伊丹,秋田
2026-09-21,JAL126,ITM,HND,16:30,17:50,伊丹,羽田
2026-09-21,JAL2309,ITM,MYJ,16:30,17:15,伊丹,松山
2026-09-21,JAL2439,ITM,KMI,16:30,17:35,伊丹,宮崎
2026-09-21,JAL2187,ITM,HNA,16:45,18:10,伊丹,花巻
2026-09-21,JAL2157,ITM,AOJ,16:50,18:15,伊丹,青森
2026-09-21,JAL128,ITM,HND,16:50,18:10,伊丹,羽田
2026-09-21,JAL2325,ITM,TJH,16:55,17:30,伊丹,但馬
2026-09-21,JAL2213,ITM,SDJ,17:10,18:25,伊丹,仙台
2026-09-21,JAL2377,ITM,NGS,17:20,18:35,伊丹,長崎
2026-09-21,JAL2389,ITM,KMJ,17:25,18:30,伊丹,熊本
2026-09-21,JAL2415,ITM,KOJ,17:25,18:35,伊丹,鹿児島
2026-09-21,JAL2443,ITM,KMI,17:30,18:35,伊丹,宮崎
2026-09-21,JAL2251,ITM,KIJ,17:35,18:40,伊丹,新潟
2026-09-21,JAL2367,ITM,OIT,17:40,18:35,伊丹,大分
2026-09-21,JAL2357,ITM,IZO,18:05,18:55,伊丹,出雲
2026-09-21,JAL130,ITM,HND,18:25,19:40,伊丹,羽田
2026-09-21,JAL2019,ITM,CTS,18:40,20:25,伊丹,新千歳
2026-09-21,JAL134,ITM,HND,19:35,20:50,伊丹,羽田
2026-09-21,JAL2217,ITM,SDJ,19:50,21:05,伊丹,仙台
2026-09-21,JAL2061,ITM,FUK,19:55,21:10,伊丹,福岡
2026-09-21,JAL2445,ITM,KMI,19:55,21:00,伊丹,宮崎
2026-09-21,JAL138,ITM,HND,20:05,21:20,伊丹,羽田
2026-09-21,JAL2419,ITM,KOJ,20:05,21:15,伊丹,鹿児島
2026-09-21,JAL276,IZO,HND,07:35,09:00,出雲,羽田
2026-09-21,JAL2344,IZO,ITM,08:30,09:15,出雲,伊丹
2026-09-21,JAL4462,IZO,NKM,08:45,09:45,出雲,名古屋
2026-09-21,JAL3433,IZO,OKI,09:00,09:30,出雲,隠岐
2026-09-21,JAL278,IZO,HND,09:15,10:35,出雲,羽田
2026-09-21,JAL3550,IZO,FUK,11:00,12:10,出雲,福岡
2026-09-21,JAL2346,IZO,ITM,11:40,12:25,出雲,伊丹
2026-09-21,JAL280,IZO,HND,11:55,13:20,出雲,羽田
2026-09-21,JAL4464,IZO,NKM,12:30,13:30,出雲,名古屋
2026-09-21,JAL2356,IZO,ITM,16:00,16:45,出雲,伊丹
2026-09-21,JAL284,IZO,HND,17:15,18:50,出雲,羽田
2026-09-21,JAL4468,IZO,NKM,18:35,19:35,出雲,名古屋
2026-09-21,JAL286,IZO,HND,19:10,20:35,出雲,羽田
2026-09-21,JAL3554,IZO,FUK,19:15,20:25,出雲,福岡
2026-09-21,JAL2358,IZO,ITM,19:30,20:20,出雲,伊丹
2026-09-21,JAL490,KCZ,HND,07:10,08:30,高知,羽田
2026-09-21,JAL4512,KCZ,NGO,09:15,10:15,高知,中部国際
2026-09-21,JAL492,KCZ,HND,09:35,11:00,高知,羽田
2026-09-21,JAL3582,KCZ,FUK,10:25,11:25,高知,福岡
2026-09-21,JAL494,KCZ,HND,11:15,12:40,高知,羽田
2026-09-21,JAL4376,KCZ,NKM,15:55,16:55,高知,名古屋
2026-09-21,JAL496,KCZ,HND,16:15,17:45,高知,羽田
2026-09-21,JAL3588,KCZ,FUK,17:30,18:25,高知,福岡
2026-09-21,JAL498,KCZ,HND,19:00,20:25,高知,羽田
2026-09-21,JAL4378,KCZ,NKM,19:50,20:50,高知,名古屋
2026-09-21,JAL2240,KIJ,ITM,08:45,09:50,新潟,伊丹
2026-09-21,JAL4484,KIJ,CTS,11:45,13:00,新潟,新千歳
2026-09-21,JAL2244,KIJ,ITM,12:10,13:15,新潟,伊丹
2026-09-21,JAL4476,KIJ,FUK,12:30,14:20,新潟,福岡
2026-09-21,JAL2246,KIJ,ITM,16:00,17:05,新潟,伊丹
2026-09-21,JAL4486,KIJ,CTS,16:15,17:30,新潟,新千歳
2026-09-21,JAL4436,KIJ,NKM,18:45,19:45,新潟,名古屋
2026-09-21,JAL2250,KIJ,ITM,19:10,20:30,新潟,伊丹
2026-09-21,JAL220,KIX,HND,06:40,07:50,関西国際,羽田
2026-09-21,JTA121,KIX,MMY,07:40,09:55,関西国際,宮古
2026-09-21,JTA001,KIX,OKA,08:20,10:25,関西国際,那覇
2026-09-21,JAL2501,KIX,CTS,09:15,11:10,関西国際,新千歳
2026-09-21,JTA083,KIX,ISG,09:50,12:20,関西国際,新石垣
2026-09-21,JTA005,KIX,OKA,14:05,16:10,関西国際,那覇
2026-09-21,JAL224,KIX,HND,14:45,16:05,関西国際,羽田
2026-09-21,JAL2505,KIX,CTS,15:10,17:05,関西国際,新千歳
2026-09-21,JTA009,KIX,OKA,20:25,22:30,関西国際,那覇
2026-09-21,JAL228,KIX,HND,21:10,22:30,関西国際,羽田
2026-09-21,JAL374,KKJ,HND,10:35,12:10,北九州,羽田
2026-09-21,JAL376,KKJ,HND,15:55,17:40,北九州,羽田
2026-09-21,JAL378,KKJ,HND,20:45,22:20,北九州,羽田
2026-09-21,JAL3780,KKX,KOJ,09:20,10:25,喜界,鹿児島
2026-09-21,JAL3830,KKX,ASJ,10:15,10:35,喜界,奄美
2026-09-21,JAL3786,KKX,KOJ,15:15,16:20,喜界,鹿児島
2026-09-21,JAL3836,KKX,ASJ,16:30,16:50,喜界,奄美
2026-09-21,JAL688,KMI,HND,07:35,09:20,宮崎,羽田
2026-09-21,JAL2430,KMI,ITM,07:35,08:40,宮崎,伊丹
2026-09-21,JAL3624,KMI,FUK,08:30,09:20,宮崎,福岡
2026-09-21,JAL2432,KMI,ITM,08:45,09:50,宮崎,伊丹
2026-09-21,JAL690,KMI,HND,10:30,12:10,宮崎,羽田
2026-09-21,JAL3626,KMI,FUK,11:05,11:55,宮崎,福岡
2026-09-21,JAL692,KMI,HND,12:10,13:55,宮崎,羽田
2026-09-21,JAL2434,KMI,ITM,12:10,13:15,宮崎,伊丹
2026-09-21,JAL3628,KMI,FUK,13:00,13:55,宮崎,福岡
2026-09-21,JAL694,KMI,HND,14:00,15:45,宮崎,羽田
2026-09-21,JAL3630,KMI,FUK,14:00,14:55,宮崎,福岡
2026-09-21,JAL3634,KMI,FUK,15:50,16:40,宮崎,福岡
2026-09-21,JAL696,KMI,HND,16:50,18:35,宮崎,羽田
2026-09-21,JAL3636,KMI,FUK,16:50,17:45,宮崎,福岡
2026-09-21,JAL2440,KMI,ITM,18:05,19:20,宮崎,伊丹
2026-09-21,JAL698,KMI,HND,18:45,20:30,宮崎,羽田
2026-09-21,JAL2444,KMI,ITM,19:05,20:20,宮崎,伊丹
2026-09-21,JAL3642,KMI,FUK,20:35,21:30,宮崎,福岡
2026-09-21,JAL622,KMJ,HND,07:35,09:20,熊本,羽田
2026-09-21,JAL624,KMJ,HND,08:40,10:20,熊本,羽田
2026-09-21,JAL2382,KMJ,ITM,09:15,10:20,熊本,伊丹
2026-09-21,JAL4400,KMJ,NKM,09:45,11:05,熊本,名古屋
2026-09-21,JAL626,KMJ,HND,10:20,12:05,熊本,羽田
2026-09-21,JAL3880,KMJ,ITM,10:45,12:10,熊本,伊丹
2026-09-21,JAL2386,KMJ,ITM,12:00,13:05,熊本,伊丹
2026-09-21,JAL628,KMJ,HND,12:25,14:10,熊本,羽田
2026-09-21,JAL4534,KMJ,NGO,12:40,14:00,熊本,中部国際
2026-09-21,JAL630,KMJ,HND,13:50,15:35,熊本,羽田
2026-09-21,JAL3873,KMJ,AXJ,14:50,15:15,熊本,天草
2026-09-21,JAL632,KMJ,HND,15:20,17:10,熊本,羽田
2026-09-21,JAL2388,KMJ,ITM,15:30,16:35,熊本,伊丹
2026-09-21,JAL4536,KMJ,NGO,16:30,17:50,熊本,中部国際
2026-09-21,JAL634,KMJ,HND,17:20,19:05,熊本,羽田
2026-09-21,JAL2392,KMJ,ITM,19:00,20:20,熊本,伊丹
2026-09-21,JAL4408,KMJ,NKM,20:00,21:20,熊本,名古屋
2026-09-21,JAL638,KMJ,HND,20:05,21:45,熊本,羽田
2026-09-21,JAL182,KMQ,HND,07:35,08:50,小松,羽田
2026-09-21,JAL184,KMQ,HND,08:50,10:00,小松,羽田
2026-09-21,JAL186,KMQ,HND,11:15,12:25,小松,羽田
2026-09-21,JTA037,KMQ,OKA,14:05,16:25,小松,那覇
2026-09-21,JAL188,KMQ,HND,14:50,16:10,小松,羽田
2026-09-21,JAL190,KMQ,HND,18:40,19:55,小松,羽田
2026-09-21,JAL192,KMQ,HND,20:30,21:40,小松,羽田
2026-09-21,JAL3801,KOJ,OKE,07:20,08:45,鹿児島,沖永良部
2026-09-21,JAL640,KOJ,HND,07:30,09:15,鹿児島,羽田
2026-09-21,JAL2400,KOJ,ITM,07:35,08:45,鹿児島,伊丹
2026-09-21,JAL3783,KOJ,KKX,07:35,08:50,鹿児島,喜界
2026-09-21,JAL3721,KOJ,ASJ,07:40,08:55,鹿児島,奄美
2026-09-21,JAL3791,KOJ,TKN,07:50,09:10,鹿児島,徳之島
2026-09-21,JAL3761,KOJ,TNE,08:10,08:50,鹿児島,種子島
2026-09-21,JAL3741,KOJ,KUM,08:40,09:20,鹿児島,屋久島
2026-09-21,JAL642,KOJ,HND,08:50,10:35,鹿児島,羽田
2026-09-21,JAL2402,KOJ,ITM,08:50,10:00,鹿児島,伊丹
2026-09-21,JAL3793,KOJ,TKN,08:55,09:55,鹿児島,徳之島
2026-09-21,JAL3727,KOJ,ASJ,10:15,11:10,鹿児島,奄美
2026-09-21,JAL3743,KOJ,KUM,10:30,11:10,鹿児島,屋久島
2026-09-21,JAL644,KOJ,HND,10:55,12:40,鹿児島,羽田
2026-09-21,JAL2406,KOJ,ITM,11:00,12:10,鹿児島,伊丹
2026-09-21,JAL3763,KOJ,TNE,11:00,11:40,鹿児島,種子島
2026-09-21,JAL3825,KOJ,RNJ,11:10,12:45,鹿児島,与論
2026-09-21,JAL3729,KOJ,ASJ,11:55,12:50,鹿児島,奄美
2026-09-21,JAL3654,KOJ,FUK,12:05,13:05,鹿児島,福岡
2026-09-21,JAL646,KOJ,HND,12:50,14:35,鹿児島,羽田
2026-09-21,JAL2408,KOJ,ITM,12:50,14:00,鹿児島,伊丹
2026-09-21,JAL3795,KOJ,TKN,13:00,14:25,鹿児島,徳之島
2026-09-21,JAL3731,KOJ,ASJ,13:10,14:05,鹿児島,奄美
2026-09-21,JAL3745,KOJ,KUM,13:25,14:05,鹿児島,屋久島
2026-09-21,JAL3785,KOJ,KKX,13:30,14:45,鹿児島,喜界
2026-09-21,JAL648,KOJ,HND,14:35,16:30,鹿児島,羽田
2026-09-21,JAL2410,KOJ,ITM,14:45,15:55,鹿児島,伊丹
2026-09-21,JAL3809,KOJ,OKE,14:55,16:20,鹿児島,沖永良部
2026-09-21,JAL4306,KOJ,FSZ,15:00,16:30,鹿児島,静岡
2026-09-21,JAL3753,KOJ,KUM,15:25,16:05,鹿児島,屋久島
2026-09-21,JAL3797,KOJ,TKN,16:05,17:05,鹿児島,徳之島
2026-09-21,JAL650,KOJ,HND,16:45,18:35,鹿児島,羽田
2026-09-21,JAL3777,KOJ,TNE,16:50,17:30,鹿児島,種子島
2026-09-21,JAL3735,KOJ,ASJ,16:55,17:50,鹿児島,奄美
2026-09-21,JAL3737,KOJ,ASJ,17:15,18:30,鹿児島,奄美
2026-09-21,JAL3759,KOJ,KUM,17:50,18:30,鹿児島,屋久島
2026-09-21,JAL2412,KOJ,ITM,18:05,19:15,鹿児島,伊丹
2026-09-21,JAL3687,KOJ,MYJ,18:50,19:50,鹿児島,松山
2026-09-21,JAL652,KOJ,HND,19:05,20:50,鹿児島,羽田
2026-09-21,JAL2414,KOJ,ITM,19:10,20:30,鹿児島,伊丹
2026-09-21,JAL654,KOJ,HND,20:35,22:25,鹿児島,羽田
2026-09-21,RAC842,KTD,OKA,12:50,13:55,北大東,那覇
2026-09-21,JAL2762,KUH,OKD,09:15,10:05,釧路,丘珠
2026-09-21,JAL540,KUH,HND,10:00,11:45,釧路,羽田
2026-09-21,JAL542,KUH,HND,14:50,16:35,釧路,羽田
2026-09-21,JAL2766,KUH,OKD,15:25,16:15,釧路,丘珠
2026-09-21,JAL2768,KUH,OKD,18:00,18:50,釧路,丘珠
2026-09-21,JAL544,KUH,HND,19:50,21:35,釧路,羽田
2026-09-21,JAL3740,KUM,KOJ,09:55,10:30,屋久島,鹿児島
2026-09-21,JAL3744,KUM,KOJ,11:45,12:20,屋久島,鹿児島
2026-09-21,JAL3746,KUM,KOJ,13:40,14:15,屋久島,鹿児島
2026-09-21,JAL2450,KUM,ITM,14:35,16:15,屋久島,伊丹
2026-09-21,JAL3676,KUM,FUK,15:30,16:45,屋久島,福岡
2026-09-21,JAL3750,KUM,KOJ,16:35,17:10,屋久島,鹿児島
2026-09-21,JAL3756,KUM,KOJ,19:00,19:35,屋久島,鹿児島
2026-09-21,JAL2710,MMB,CTS,08:55,09:40,女満別,新千歳
2026-09-21,JAL562,MMB,HND,09:25,11:20,女満別,羽田
2026-09-21,JAL2722,MMB,OKD,10:20,11:10,女満別,丘珠
2026-09-21,JAL2714,MMB,CTS,13:55,14:45,女満別,新千歳
2026-09-21,JAL564,MMB,HND,15:00,16:55,女満別,羽田
2026-09-21,JAL2718,MMB,CTS,17:25,18:10,女満別,新千歳
2026-09-21,JAL2728,MMB,OKD,19:10,20:00,女満別,丘珠
2026-09-21,JAL566,MMB,HND,19:50,21:45,女満別,羽田
2026-09-21,RAC862,MMD,OKA,09:30,10:35,南大東,那覇
2026-09-21,RAC864,MMD,OKA,15:55,16:55,南大東,那覇
2026-09-21,JAL4362,MMJ,UKB,10:00,11:00,松本,神戸
2026-09-21,JAL4352,MMJ,CTS,11:35,13:15,松本,新千歳
2026-09-21,JAL4344,MMJ,FUK,13:10,14:50,松本,福岡
2026-09-21,JAL4372,MMJ,OKD,16:10,17:40,松本,丘珠
2026-09-21,JAL4348,MMJ,FUK,17:45,19:25,松本,福岡
2026-09-21,JTA552,MMY,OKA,08:50,09:45,宮古,那覇
2026-09-21,RAC891,MMY,TRA,09:20,09:45,宮古,多良間
2026-09-21,JTA556,MMY,OKA,10:40,11:35,宮古,那覇
2026-09-21,RAC831,MMY,ISG,11:30,12:00,宮古,新石垣
2026-09-21,JTA558,MMY,OKA,12:10,13:05,宮古,那覇
2026-09-21,JTA560,MMY,OKA,13:25,14:20,宮古,那覇
2026-09-21,JAL934,MMY,HND,14:25,17:15,宮古,羽田
2026-09-21,RAC897,MMY,TRA,15:50,16:15,宮古,多良間
2026-09-21,JTA562,MMY,OKA,16:05,17:00,宮古,那覇
2026-09-21,JTA564,MMY,OKA,16:55,17:50,宮古,那覇
2026-09-21,RAC839,MMY,ISG,17:45,18:15,宮古,新石垣
2026-09-21,JTA572,MMY,OKA,17:55,18:50,宮古,那覇
2026-09-21,JTA128,MMY,KIX,19:25,21:40,宮古,関西国際
2026-09-21,RAC804,MMY,OKA,20:00,20:55,宮古,那覇
2026-09-21,JAL152,MSJ,HND,10:00,11:25,三沢,羽田
2026-09-21,JAL2162,MSJ,ITM,11:20,13:00,三沢,伊丹
2026-09-21,JAL154,MSJ,HND,12:50,14:15,三沢,羽田
2026-09-21,JAL2816,MSJ,OKD,13:10,14:05,三沢,丘珠
2026-09-21,JAL156,MSJ,HND,16:50,18:15,三沢,羽田
2026-09-21,JAL2166,MSJ,ITM,17:45,19:25,三沢,伊丹
2026-09-21,JAL158,MSJ,HND,19:10,20:35,三沢,羽田
2026-09-21,JAL430,MYJ,HND,07:10,08:40,松山,羽田
2026-09-21,JAL3592,MYJ,FUK,08:25,09:15,松山,福岡
2026-09-21,JAL432,MYJ,HND,09:10,10:40,松山,羽田
2026-09-21,JAL2300,MYJ,ITM,10:45,11:35,松山,伊丹
2026-09-21,JAL434,MYJ,HND,11:25,12:55,松山,羽田
2026-09-21,JAL3596,MYJ,FUK,13:30,14:15,松山,福岡
2026-09-21,JAL436,MYJ,HND,14:20,15:55,松山,羽田
2026-09-21,JAL3602,MYJ,FUK,14:45,15:35,松山,福岡
2026-09-21,JAL438,MYJ,HND,17:35,19:10,松山,羽田
2026-09-21,JAL3608,MYJ,FUK,17:45,18:40,松山,福岡
2026-09-21,JAL440,MYJ,HND,19:00,20:35,松山,羽田
2026-09-21,JAL2310,MYJ,ITM,19:00,20:00,松山,伊丹
2026-09-21,JAL3686,MYJ,KOJ,20:20,21:20,松山,鹿児島
2026-09-21,JAL202,NGO,HND,07:40,08:40,中部国際,羽田
2026-09-21,JAL3101,NGO,CTS,08:05,09:50,中部国際,新千歳
2026-09-21,JAL3082,NGO,NRT,08:20,09:30,中部国際,成田
2026-09-21,JTA045,NGO,OKA,08:30,10:45,中部国際,那覇
2026-09-21,JAL4535,NGO,KMJ,10:45,12:10,中部国際,熊本
2026-09-21,JAL3107,NGO,CTS,12:40,14:20,中部国際,新千歳
2026-09-21,JAL3084,NGO,NRT,14:35,15:50,中部国際,成田
2026-09-21,JAL4537,NGO,KMJ,14:35,16:00,中部国際,熊本
2026-09-21,JTA047,NGO,OKA,14:55,17:10,中部国際,那覇
2026-09-21,JAL3117,NGO,CTS,17:30,19:10,中部国際,新千歳
2026-09-21,JAL4517,NGO,KCZ,18:20,19:20,中部国際,高知
2026-09-21,JTA049,NGO,OKA,18:50,21:00,中部国際,那覇
2026-09-21,JAL208,NGO,HND,20:55,22:00,中部国際,羽田
2026-09-21,JAL606,NGS,HND,07:25,09:10,長崎,羽田
2026-09-21,JAL4051,NGS,TSJ,07:30,08:05,長崎,対馬
2026-09-21,JAL2372,NGS,ITM,08:50,10:00,長崎,伊丹
2026-09-21,JAL4041,NGS,IKI,08:55,09:25,長崎,壱岐
2026-09-21,JAL4073,NGS,FUJ,09:50,10:20,長崎,五島福江
2026-09-21,JAL608,NGS,HND,10:00,11:45,長崎,羽田
2026-09-21,JAL4053,NGS,TSJ,11:00,11:35,長崎,対馬
2026-09-21,JAL610,NGS,HND,12:35,14:25,長崎,羽田
2026-09-21,JAL2374,NGS,ITM,13:00,14:10,長崎,伊丹
2026-09-21,JAL4075,NGS,FUJ,13:20,13:50,長崎,五島福江
2026-09-21,JAL2376,NGS,ITM,14:45,15:55,長崎,伊丹
2026-09-21,JAL4077,NGS,FUJ,14:45,15:15,長崎,五島福江
2026-09-21,JAL612,NGS,HND,15:05,17:00,長崎,羽田
2026-09-21,JAL614,NGS,HND,16:05,18:00,長崎,羽田
2026-09-21,JAL4043,NGS,IKI,16:50,17:20,長崎,壱岐
2026-09-21,JAL4061,NGS,TSJ,19:00,19:35,長崎,対馬
2026-09-21,JAL2378,NGS,ITM,19:10,20:25,長崎,伊丹
2026-09-21,JAL616,NGS,HND,20:25,22:10,長崎,羽田
2026-09-21,JAL4381,NKM,FUK,07:00,08:25,名古屋,福岡
2026-09-21,JAL4461,NKM,IZO,07:15,08:15,名古屋,出雲
2026-09-21,JAL4451,NKM,OKD,07:20,09:00,名古屋,丘珠
2026-09-21,JAL4411,NKM,HNA,07:30,08:40,名古屋,花巻
2026-09-21,JAL4377,NKM,KCZ,07:45,08:45,名古屋,高知
2026-09-21,JAL4401,NKM,KMJ,07:50,09:15,名古屋,熊本
2026-09-21,JAL4383,NKM,FUK,08:00,09:25,名古屋,福岡
2026-09-21,JAL4421,NKM,AOJ,08:25,09:45,名古屋,青森
2026-09-21,JAL4441,NKM,GAJ,09:05,10:10,名古屋,山形
2026-09-21,JAL4433,NKM,KIJ,10:20,11:15,名古屋,新潟
2026-09-21,JAL4385,NKM,FUK,10:55,12:20,名古屋,福岡
2026-09-21,JAL4463,NKM,IZO,11:00,12:00,名古屋,出雲
2026-09-21,JAL4423,NKM,AOJ,11:35,12:55,名古屋,青森
2026-09-21,JAL4413,NKM,HNA,12:15,13:25,名古屋,花巻
2026-09-21,JAL4443,NKM,GAJ,12:20,13:25,名古屋,山形
2026-09-21,JAL4455,NKM,OKD,13:30,15:10,名古屋,丘珠
2026-09-21,JAL4379,NKM,KCZ,14:10,15:10,名古屋,高知
2026-09-21,JAL4417,NKM,HNA,16:00,17:10,名古屋,花巻
2026-09-21,JAL4457,NKM,OKD,16:50,18:30,名古屋,丘珠
2026-09-21,JAL4467,NKM,IZO,17:05,18:05,名古屋,出雲
2026-09-21,JAL4427,NKM,AOJ,18:00,19:20,名古屋,青森
2026-09-21,JAL4409,NKM,KMJ,18:05,19:30,名古屋,熊本
2026-09-21,JAL4393,NKM,FUK,19:35,21:00,名古屋,福岡
2026-09-21,JAL3083,NRT,NGO,10:30,11:40,成田,中部国際
2026-09-21,JAL3009,NRT,ITM,18:25,19:50,成田,伊丹
2026-09-21,JAL3087,NRT,NGO,18:55,20:10,成田,中部国際
2026-09-21,JAL570,OBO,HND,09:55,11:40,帯広,羽田
2026-09-21,JAL572,OBO,HND,13:10,14:55,帯広,羽田
2026-09-21,JAL574,OBO,HND,16:15,18:00,帯広,羽田
2026-09-21,JAL576,OBO,HND,20:00,21:40,帯広,羽田
2026-09-21,RAC742,OGN,ISG,08:55,09:25,与那国,新石垣
2026-09-21,RAC724,OGN,OKA,11:15,12:35,与那国,那覇
2026-09-21,RAC744,OGN,ISG,13:35,14:05,与那国,新石垣
2026-09-21,RAC746,OGN,ISG,16:50,17:20,与那国,新石垣
2026-09-21,RAC728,OGN,OKA,18:50,20:10,与那国,那覇
2026-09-21,JAL2792,OIR,HKD,12:45,13:15,奥尻,函館
2026-09-21,JAL662,OIT,HND,07:35,09:10,大分,羽田
2026-09-21,JAL2362,OIT,ITM,08:45,09:40,大分,伊丹
2026-09-21,JAL664,OIT,HND,10:25,11:55,大分,羽田
2026-09-21,JAL2364,OIT,ITM,11:35,12:35,大分,伊丹
2026-09-21,JAL668,OIT,HND,11:50,13:30,大分,羽田
2026-09-21,JAL670,OIT,HND,14:25,16:05,大分,羽田
2026-09-21,JAL672,OIT,HND,17:20,19:00,大分,羽田
2026-09-21,JAL674,OIT,HND,19:05,20:40,大分,羽田
2026-09-21,JAL2366,OIT,ITM,19:10,20:15,大分,伊丹
2026-09-21,JTA002,OKA,KIX,07:10,09:05,那覇,関西国際
2026-09-21,JTA050,OKA,FUK,07:10,08:50,那覇,福岡
2026-09-21,JTA551,OKA,MMY,07:15,08:10,那覇,宮古
2026-09-21,JTA601,OKA,ISG,07:15,08:15,那覇,新石垣
2026-09-21,RAC721,OKA,OGN,07:15,08:25,那覇,与那国
2026-09-21,JAL900,OKA,HND,07:25,09:50,那覇,羽田
2026-09-21,RAC871,OKA,UEO,07:45,08:15,那覇,久米島
2026-09-21,RAC861,OKA,MMD,08:00,09:00,那覇,南大東
2026-09-21,RAC801,OKA,MMY,08:00,08:50,那覇,宮古
2026-09-21,JTA605,OKA,ISG,09:35,10:30,那覇,新石垣
2026-09-21,JAL902,OKA,HND,09:55,12:25,那覇,羽田
2026-09-21,RAC873,OKA,UEO,09:55,10:25,那覇,久米島
2026-09-21,JTA052,OKA,FUK,10:25,12:10,那覇,福岡
2026-09-21,JTA557,OKA,MMY,10:40,11:30,那覇,宮古
2026-09-21,JAL904,OKA,HND,10:50,13:25,那覇,羽田
2026-09-21,JTA036,OKA,KMQ,11:10,13:25,那覇,小松
2026-09-21,JTA004,OKA,KIX,11:10,13:10,那覇,関西国際
2026-09-21,RAC841,OKA,KTD,11:20,12:20,那覇,北大東
2026-09-21,JAL906,OKA,HND,11:40,14:15,那覇,羽田
2026-09-21,JTA042,OKA,NGO,11:55,14:05,那覇,中部国際
2026-09-21,JAL2084,OKA,ITM,11:55,13:55,那覇,伊丹
2026-09-21,JTA559,OKA,MMY,11:55,12:45,那覇,宮古
2026-09-21,JAL908,OKA,HND,12:15,14:50,那覇,羽田
2026-09-21,JTA609,OKA,ISG,12:15,13:15,那覇,新石垣
2026-09-21,RAC877,OKA,UEO,12:20,12:50,那覇,久米島
2026-09-21,JAL910,OKA,HND,13:15,15:50,那覇,羽田
2026-09-21,RAC815,OKA,RNJ,13:15,13:55,那覇,与論
2026-09-21,JTA054,OKA,FUK,13:20,15:05,那覇,福岡
2026-09-21,JTA211,OKA,UEO,13:45,14:20,那覇,久米島
2026-09-21,JAL3867,OKA,ASJ,13:55,14:55,那覇,奄美
2026-09-21,JAL912,OKA,HND,14:00,16:35,那覇,羽田
2026-09-21,RAC863,OKA,MMD,14:25,15:25,那覇,南大東
2026-09-21,JTA563,OKA,MMY,14:30,15:25,那覇,宮古
2026-09-21,JAL3715,OKA,OKE,14:35,15:25,那覇,沖永良部
2026-09-21,JTA617,OKA,ISG,14:45,15:45,那覇,新石垣
2026-09-21,JAL988,OKA,HND,14:55,17:35,那覇,羽田
2026-09-21,RAC727,OKA,OGN,14:55,16:10,那覇,与那国
2026-09-21,JTA058,OKA,FUK,15:00,16:45,那覇,福岡
2026-09-21,JTA565,OKA,MMY,15:25,16:15,那覇,宮古
2026-09-21,JAL914,OKA,HND,15:40,18:15,那覇,羽田
2026-09-21,RAC879,OKA,UEO,15:40,16:15,那覇,久米島
2026-09-21,JTA044,OKA,NGO,15:45,17:55,那覇,中部国際
2026-09-21,JTA2062,OKA,FUK,15:45,17:30,那覇,福岡
2026-09-21,JTA571,OKA,MMY,16:25,17:15,那覇,宮古
2026-09-21,JTA621,OKA,ISG,17:00,18:00,那覇,新石垣
2026-09-21,RAC881,OKA,UEO,17:25,17:55,那覇,久米島
2026-09-21,JTA008,OKA,KIX,17:40,19:40,那覇,関西国際
2026-09-21,JAL916,OKA,HND,17:45,20:15,那覇,羽田
2026-09-21,JAL2088,OKA,ITM,17:55,19:55,那覇,伊丹
2026-09-21,JTA573,OKA,MMY,17:55,18:45,那覇,宮古
2026-09-21,JTA625,OKA,ISG,18:10,19:10,那覇,新石垣
2026-09-21,JTA016,OKA,OKJ,18:30,20:20,那覇,岡山
2026-09-21,JTA060,OKA,FUK,18:30,20:10,那覇,福岡
2026-09-21,JAL918,OKA,HND,18:50,21:20,那覇,羽田
2026-09-21,JAL920,OKA,HND,19:30,22:00,那覇,羽田
2026-09-21,JTA062,OKA,FUK,19:40,21:25,那覇,福岡
2026-09-21,JTA046,OKA,NGO,19:45,21:55,那覇,中部国際
2026-09-21,JAL922,OKA,HND,20:30,23:00,那覇,羽田
2026-09-21,JAL2741,OKD,HKD,07:35,08:15,丘珠,函館
2026-09-21,JAL2783,OKD,RIS,07:50,08:45,丘珠,利尻
2026-09-21,JAL2761,OKD,KUH,08:00,08:45,丘珠,釧路
2026-09-21,JAL2721,OKD,MMB,09:05,09:50,丘珠,女満別
2026-09-21,JAL4371,OKD,MMJ,09:30,11:05,丘珠,松本
2026-09-21,JAL2731,OKD,SHB,09:55,10:45,丘珠,根室中標津
2026-09-21,JAL2745,OKD,HKD,10:35,11:15,丘珠,函館
2026-09-21,JAL2823,OKD,AXT,10:45,11:55,丘珠,秋田
2026-09-21,JAL4452,OKD,NKM,11:10,12:55,丘珠,名古屋
2026-09-21,JAL2815,OKD,MSJ,11:40,12:40,丘珠,三沢
2026-09-21,JAL2749,OKD,HKD,12:45,13:25,丘珠,函館
2026-09-21,JAL2765,OKD,KUH,14:10,14:55,丘珠,釧路
2026-09-21,JAL2751,OKD,HKD,14:45,15:25,丘珠,函館
2026-09-21,JAL2787,OKD,RIS,15:00,15:55,丘珠,利尻
2026-09-21,JAL2737,OKD,SHB,15:10,16:00,丘珠,根室中標津
2026-09-21,JAL4456,OKD,NKM,15:40,17:25,丘珠,名古屋
2026-09-21,JAL2767,OKD,KUH,16:45,17:30,丘珠,釧路
2026-09-21,JAL2825,OKD,AXT,17:05,18:15,丘珠,秋田
2026-09-21,JAL2727,OKD,MMB,17:55,18:40,丘珠,女満別
2026-09-21,JAL2755,OKD,HKD,18:05,18:45,丘珠,函館
2026-09-21,JAL4332,OKD,FSZ,18:15,20:05,丘珠,静岡
2026-09-21,JAL4458,OKD,NKM,19:00,20:45,丘珠,名古屋
2026-09-21,JAL2759,OKD,HKD,19:20,20:00,丘珠,函館
2026-09-21,JAL3800,OKE,KOJ,09:15,10:35,沖永良部,鹿児島
2026-09-21,JAL3716,OKE,OKA,12:55,13:45,沖永良部,那覇
2026-09-21,JAL3710,OKE,TKN,15:55,16:20,沖永良部,徳之島
2026-09-21,JAL3808,OKE,KOJ,16:50,18:10,沖永良部,鹿児島
2026-09-21,JAL3434,OKI,IZO,10:00,10:30,隠岐,出雲
2026-09-21,JAL2332,OKI,ITM,15:05,15:50,隠岐,伊丹
2026-09-21,JAL232,OKJ,HND,07:05,08:25,岡山,羽田
2026-09-21,JTA013,OKJ,OKA,08:30,10:30,岡山,那覇
2026-09-21,JAL234,OKJ,HND,10:15,11:30,岡山,羽田
2026-09-21,JAL236,OKJ,HND,12:20,13:40,岡山,羽田
2026-09-21,JAL240,OKJ,HND,17:30,18:55,岡山,羽田
2026-09-21,JAL242,OKJ,HND,19:25,20:40,岡山,羽田
2026-09-21,JAL2784,RIS,OKD,09:15,10:05,利尻,丘珠
2026-09-21,JAL2788,RIS,OKD,16:25,17:15,利尻,丘珠
2026-09-21,JAL3866,RNJ,OKA,12:30,13:15,与論,那覇
2026-09-21,JAL3826,RNJ,KOJ,13:15,14:45,与論,鹿児島
2026-09-21,RAC816,RNJ,OKA,14:25,15:00,与論,那覇
2026-09-21,JAL2200,SDJ,ITM,07:35,08:55,仙台,伊丹
2026-09-21,JAL2901,SDJ,CTS,07:50,09:00,仙台,新千歳
2026-09-21,JAL2903,SDJ,CTS,09:10,10:25,仙台,新千歳
2026-09-21,JAL2202,SDJ,ITM,09:15,10:30,仙台,伊丹
2026-09-21,JAL4528,SDJ,FUK,11:15,13:20,仙台,福岡
2026-09-21,JAL2204,SDJ,ITM,11:20,12:35,仙台,伊丹
2026-09-21,JAL2206,SDJ,ITM,12:40,13:55,仙台,伊丹
2026-09-21,JAL2905,SDJ,CTS,12:45,13:55,仙台,新千歳
2026-09-21,JAL2210,SDJ,ITM,15:35,16:50,仙台,伊丹
2026-09-21,JAL2212,SDJ,ITM,16:10,17:25,仙台,伊丹
2026-09-21,JAL2907,SDJ,CTS,17:15,18:25,仙台,新千歳
2026-09-21,JAL4530,SDJ,FUK,17:45,19:50,仙台,福岡
2026-09-21,JAL2216,SDJ,ITM,19:00,20:25,仙台,伊丹
2026-09-21,JAL2909,SDJ,CTS,20:30,21:40,仙台,新千歳
2026-09-21,JAL2732,SHB,OKD,11:15,12:10,根室中標津,丘珠
2026-09-21,JAL2738,SHB,OKD,16:30,17:25,根室中標津,丘珠
2026-09-21,SKY542,SHI,OKA,11:50,12:40,下地島,那覇
2026-09-21,SKY546,SHI,OKA,13:50,14:40,下地島,那覇
2026-09-21,SKY164,SHI,UKB,15:25,17:35,下地島,神戸
2026-09-21,SKY564,SHI,FUK,16:00,18:00,下地島,福岡
2026-09-21,SKY618,SHI,HND,17:10,19:50,下地島,羽田
2026-09-21,JAL212,SHM,HND,09:30,10:40,南紀白浜,羽田
2026-09-21,JAL214,SHM,HND,13:45,15:00,南紀白浜,羽田
2026-09-21,JAL218,SHM,HND,18:25,19:40,南紀白浜,羽田
2026-09-21,JAL474,TAK,HND,07:05,08:25,高松,羽田
2026-09-21,JAL476,TAK,HND,09:45,11:00,高松,羽田
2026-09-21,JAL478,TAK,HND,11:45,13:05,高松,羽田
2026-09-21,JAL480,TAK,HND,13:10,14:30,高松,羽田
2026-09-21,JAL482,TAK,HND,15:15,16:40,高松,羽田
2026-09-21,JAL484,TAK,HND,17:20,18:45,高松,羽田
2026-09-21,JAL486,TAK,HND,20:40,21:55,高松,羽田
2026-09-21,JAL2324,TJH,ITM,10:10,10:45,但馬,伊丹
2026-09-21,JAL2326,TJH,ITM,18:00,18:40,但馬,伊丹
2026-09-21,JAL3842,TKN,ASJ,09:40,10:10,徳之島,奄美
2026-09-21,JAL3792,TKN,KOJ,10:25,11:20,徳之島,鹿児島
2026-09-21,JAL3711,TKN,OKE,12:00,12:25,徳之島,沖永良部
2026-09-21,JAL3794,TKN,KOJ,14:55,16:15,徳之島,鹿児島
2026-09-21,JAL3844,TKN,ASJ,16:50,17:20,徳之島,奄美
2026-09-21,JAL3796,TKN,KOJ,17:40,18:35,徳之島,鹿児島
2026-09-21,JAL3798,TKN,KOJ,19:00,20:15,徳之島,鹿児島
2026-09-21,JAL452,TKS,HND,07:05,08:20,徳島,羽田
2026-09-21,JAL454,TKS,HND,08:55,10:15,徳島,羽田
2026-09-21,JAL3564,TKS,FUK,11:30,12:35,徳島,福岡
2026-09-21,JAL456,TKS,HND,12:20,13:40,徳島,羽田
2026-09-21,JAL460,TKS,HND,14:45,16:10,徳島,羽田
2026-09-21,JAL462,TKS,HND,17:40,19:05,徳島,羽田
2026-09-21,JAL3568,TKS,FUK,20:05,21:10,徳島,福岡
2026-09-21,JAL464,TKS,HND,20:35,21:55,徳島,羽田
2026-09-21,JAL3760,TNE,KOJ,09:20,09:55,種子島,鹿児島
2026-09-21,JAL3764,TNE,KOJ,12:10,12:45,種子島,鹿児島
2026-09-21,JAL3772,TNE,KOJ,18:00,18:35,種子島,鹿児島
2026-09-21,RAC892,TRA,MMY,10:20,10:45,多良間,宮古
2026-09-21,RAC898,TRA,MMY,16:50,17:15,多良間,宮古
2026-09-21,JAL4052,TSJ,NGS,08:35,09:15,対馬,長崎
2026-09-21,JAL4080,TSJ,FUK,08:50,09:25,対馬,福岡
2026-09-21,JAL4082,TSJ,FUK,11:00,11:35,対馬,福岡
2026-09-21,JAL4054,TSJ,NGS,12:05,12:45,対馬,長崎
2026-09-21,JAL4062,TSJ,NGS,20:05,20:45,対馬,長崎
2026-09-21,JAL290,UBJ,HND,07:40,09:20,山口宇部,羽田
2026-09-21,JAL292,UBJ,HND,10:20,12:00,山口宇部,羽田
2026-09-21,JAL294,UBJ,HND,15:00,16:45,山口宇部,羽田
2026-09-21,JAL296,UBJ,HND,19:00,20:40,山口宇部,羽田
2026-09-21,RAC872,UEO,OKA,08:45,09:20,久米島,那覇
2026-09-21,RAC874,UEO,OKA,10:55,11:30,久米島,那覇
2026-09-21,RAC878,UEO,OKA,13:20,13:55,久米島,那覇
2026-09-21,JTA212,UEO,OKA,15:00,15:40,久米島,那覇
2026-09-21,RAC880,UEO,OKA,16:45,17:20,久米島,那覇
2026-09-21,RAC882,UEO,OKA,18:25,19:00,久米島,那覇
2026-09-21,JAL4363,UKB,MMJ,11:40,12:40,神戸,松本
2026-09-22,JAL552,AKJ,HND,09:50,11:35,旭川,羽田
2026-09-22,JAL554,AKJ,HND,13:40,15:25,旭川,羽田
2026-09-22,JAL556,AKJ,HND,16:25,18:15,旭川,羽田
2026-09-22,JAL558,AKJ,HND,19:55,21:40,旭川,羽田
2026-09-22,JAL140,AOJ,HND,07:35,08:55,青森,羽田
2026-09-22,JAL142,AOJ,HND,08:35,09:55,青森,羽田
2026-09-22,JAL2150,AOJ,ITM,09:50,11:20,青森,伊丹
2026-09-22,JAL4422,AOJ,NKM,10:15,11:40,青森,名古屋
2026-09-22,JAL2804,AOJ,CTS,11:00,11:45,青森,新千歳
2026-09-22,JAL144,AOJ,HND,12:00,13:20,青森,羽田
2026-09-22,JAL4424,AOJ,NKM,13:25,14:50,青森,名古屋
2026-09-22,JAL2154,AOJ,ITM,14:00,15:30,青森,伊丹
2026-09-22,JAL2806,AOJ,CTS,15:00,15:45,青森,新千歳
2026-09-22,JAL146,AOJ,HND,15:20,16:40,青森,羽田
2026-09-22,JAL148,AOJ,HND,17:55,19:15,青森,羽田
2026-09-22,JAL2158,AOJ,ITM,18:45,20:30,青森,伊丹
2026-09-22,JAL4428,AOJ,NKM,19:50,21:15,青森,名古屋
2026-09-22,JAL2810,AOJ,CTS,20:15,21:00,青森,新千歳
2026-09-22,JAL150,AOJ,HND,20:45,22:05,青森,羽田
2026-09-22,JAL3722,ASJ,KOJ,08:45,09:35,奄美,鹿児島
2026-09-22,JAL3831,ASJ,KKX,09:25,09:45,奄美,喜界
2026-09-22,JAL3841,ASJ,TKN,10:55,11:25,奄美,徳之島
2026-09-22,JAL3861,ASJ,RNJ,11:15,12:00,奄美,与論
2026-09-22,JAL3726,ASJ,KOJ,11:45,12:35,奄美,鹿児島
2026-09-22,JAL2464,ASJ,ITM,12:05,13:35,奄美,伊丹
2026-09-22,JAL3728,ASJ,KOJ,13:20,14:15,奄美,鹿児島
2026-09-22,JAL658,ASJ,HND,14:20,16:30,奄美,羽田
2026-09-22,JAL3730,ASJ,KOJ,14:35,15:30,奄美,鹿児島
2026-09-22,JAL3837,ASJ,KKX,15:40,16:00,奄美,喜界
2026-09-22,JAL3734,ASJ,KOJ,17:25,18:30,奄美,鹿児島
2026-09-22,JAL3843,ASJ,TKN,18:00,18:30,奄美,徳之島
2026-09-22,JAL3684,ASJ,FUK,18:20,19:40,奄美,福岡
2026-09-22,JAL3738,ASJ,KOJ,19:00,20:05,奄美,鹿児島
2026-09-22,JAL3890,AXJ,FUK,07:40,08:20,天草,福岡
2026-09-22,JAL3872,AXJ,KMJ,09:55,10:15,天草,熊本
2026-09-22,JAL3894,AXJ,FUK,15:45,16:25,天草,福岡
2026-09-22,JAL3898,AXJ,FUK,18:00,18:40,天草,福岡
2026-09-22,JAL162,AXT,HND,08:45,09:55,秋田,羽田
2026-09-22,JAL2172,AXT,ITM,09:45,11:10,秋田,伊丹
2026-09-22,JAL164,AXT,HND,12:10,13:20,秋田,羽田
2026-09-22,JAL2824,AXT,OKD,12:25,13:30,秋田,丘珠
2026-09-22,JAL2174,AXT,ITM,14:10,15:35,秋田,伊丹
2026-09-22,JAL166,AXT,HND,17:00,18:10,秋田,羽田
2026-09-22,JAL2176,AXT,ITM,18:15,19:40,秋田,伊丹
2026-09-22,JAL2826,AXT,OKD,18:45,19:50,秋田,丘珠
2026-09-22,JAL168,AXT,HND,20:50,22:00,秋田,羽田
2026-09-22,JAL2900,CTS,SDJ,07:35,08:40,新千歳,仙台
2026-09-22,JAL590,CTS,HND,07:35,09:10,新千歳,羽田
2026-09-22,JAL2713,CTS,MMB,07:40,08:25,新千歳,女満別
2026-09-22,JAL500,CTS,HND,07:40,09:20,新千歳,羽田
2026-09-22,JAL502,CTS,HND,08:50,10:25,新千歳,羽田
2026-09-22,JAL2000,CTS,ITM,09:00,10:50,新千歳,伊丹
2026-09-22,JAL2803,CTS,AOJ,09:40,10:25,新千歳,青森
2026-09-22,JAL504,CTS,HND,09:45,11:25,新千歳,羽田
2026-09-22,JAL3106,CTS,NGO,10:10,11:55,新千歳,中部国際
2026-09-22,JAL2831,CTS,HNA,10:15,11:10,新千歳,花巻
2026-09-22,JAL3510,CTS,FUK,10:30,12:55,新千歳,福岡
2026-09-22,JAL4483,CTS,KIJ,10:40,12:00,新千歳,新潟
2026-09-22,JAL506,CTS,HND,10:50,12:30,新千歳,羽田
2026-09-22,JAL2902,CTS,SDJ,11:00,12:10,新千歳,仙台
2026-09-22,JAL508,CTS,HND,11:25,13:05,新千歳,羽田
2026-09-22,JAL2504,CTS,KIX,11:50,14:05,新千歳,関西国際
2026-09-22,JAL2004,CTS,ITM,12:05,14:00,新千歳,伊丹
2026-09-22,JAL2715,CTS,MMB,12:30,13:15,新千歳,女満別
2026-09-22,JAL510,CTS,HND,12:45,14:30,新千歳,羽田
2026-09-22,JAL3512,CTS,FUK,13:30,15:55,新千歳,福岡
2026-09-22,JAL4324,CTS,FSZ,13:35,15:30,新千歳,静岡
2026-09-22,JAL2805,CTS,AOJ,13:40,14:25,新千歳,青森
2026-09-22,JAL512,CTS,HND,14:00,15:40,新千歳,羽田
2026-09-22,JAL4485,CTS,KIJ,14:05,15:25,新千歳,新潟
2026-09-22,JAL4491,CTS,GAJ,14:35,15:50,新千歳,山形
2026-09-22,JAL2904,CTS,SDJ,14:35,15:40,新千歳,仙台
2026-09-22,JAL3406,CTS,HIJ,15:00,17:05,新千歳,広島
2026-09-22,JAL3114,CTS,NGO,15:05,16:50,新千歳,中部国際
2026-09-22,JAL2008,CTS,ITM,15:05,17:00,新千歳,伊丹
2026-09-22,JAL514,CTS,HND,15:10,16:55,新千歳,羽田
2026-09-22,JAL4353,CTS,MMJ,15:40,17:15,新千歳,松本
2026-09-22,JAL2010,CTS,ITM,15:55,17:45,新千歳,伊丹
2026-09-22,JAL516,CTS,HND,16:05,17:45,新千歳,羽田
2026-09-22,JAL2719,CTS,MMB,16:10,16:50,新千歳,女満別
2026-09-22,JAL2839,CTS,HNA,16:30,17:25,新千歳,花巻
2026-09-22,JAL596,CTS,HND,16:30,18:15,新千歳,羽田
2026-09-22,JAL518,CTS,HND,17:00,18:45,新千歳,羽田
2026-09-22,JAL520,CTS,HND,17:15,18:55,新千歳,羽田
2026-09-22,JAL2016,CTS,ITM,17:45,19:40,新千歳,伊丹
2026-09-22,JAL2506,CTS,KIX,17:55,20:10,新千歳,関西国際
2026-09-22,JAL522,CTS,HND,18:00,19:45,新千歳,羽田
2026-09-22,JAL4472,CTS,FUK,18:05,20:55,新千歳,福岡
2026-09-22,JAL2809,CTS,AOJ,18:45,19:30,新千歳,青森
2026-09-22,JAL2906,CTS,SDJ,18:55,20:00,新千歳,仙台
2026-09-22,JAL524,CTS,HND,19:15,20:55,新千歳,羽田
2026-09-22,JAL2910,CTS,SDJ,19:45,20:50,新千歳,仙台
2026-09-22,JAL3118,CTS,NGO,19:55,21:40,新千歳,中部国際
2026-09-22,JAL526,CTS,HND,20:15,21:55,新千歳,羽田
2026-09-22,JAL528,CTS,HND,21:10,22:55,新千歳,羽田
2026-09-22,JAL530,CTS,HND,21:20,23:05,新千歳,羽田
2026-09-22,JAL4312,FSZ,FUK,08:10,09:50,静岡,福岡
2026-09-22,JAL4331,FSZ,OKD,08:55,10:40,静岡,丘珠
2026-09-22,JAL4323,FSZ,CTS,12:10,14:00,静岡,新千歳
2026-09-22,JAL4305,FSZ,KOJ,12:40,14:15,静岡,鹿児島
2026-09-22,JAL4314,FSZ,FUK,16:15,18:00,静岡,福岡
2026-09-22,JAL4316,FSZ,FUK,17:00,18:45,静岡,福岡
2026-09-22,JAL4094,FUJ,FUK,10:50,11:35,五島福江,福岡
2026-09-22,JAL4074,FUJ,NGS,13:40,14:10,五島福江,長崎
2026-09-22,JAL4098,FUJ,FUK,14:20,15:05,五島福江,福岡
2026-09-22,JAL4076,FUJ,NGS,15:45,16:15,五島福江,長崎
2026-09-22,JAL4078,FUJ,NGS,17:00,17:30,五島福江,長崎
2026-09-22,JAL4096,FUJ,FUK,17:55,18:40,五島福江,福岡
2026-09-22,JAL300,FUK,HND,07:00,08:45,福岡,羽田
2026-09-22,JAL3681,FUK,ASJ,07:05,08:15,福岡,奄美
2026-09-22,JAL3591,FUK,MYJ,07:10,07:55,福岡,松山
2026-09-22,JAL3551,FUK,IZO,07:15,08:25,福岡,出雲
2026-09-22,JAL3623,FUK,KMI,07:15,08:00,福岡,宮崎
2026-09-22,JTA051,FUK,OKA,07:15,08:50,福岡,那覇
2026-09-22,JAL302,FUK,HND,07:20,09:05,福岡,羽田
2026-09-22,JAL4471,FUK,CTS,07:45,10:05,福岡,新千歳
2026-09-22,JAL4079,FUK,TSJ,07:45,08:20,福岡,対馬
2026-09-22,JAL2050,FUK,ITM,07:50,08:55,福岡,伊丹
2026-09-22,JAL4341,FUK,MMJ,08:00,09:30,福岡,松本
2026-09-22,JAL304,FUK,HND,08:05,09:50,福岡,羽田
2026-09-22,JAL3891,FUK,AXJ,08:50,09:25,福岡,天草
2026-09-22,JAL4529,FUK,SDJ,08:55,10:45,福岡,仙台
2026-09-22,JAL3581,FUK,KCZ,09:00,09:55,福岡,高知
2026-09-22,JAL306,FUK,HND,09:10,10:55,福岡,羽田
2026-09-22,JAL4382,FUK,NKM,09:10,10:30,福岡,名古屋
2026-09-22,JTA053,FUK,OKA,09:30,11:15,福岡,那覇
2026-09-22,JAL3625,FUK,KMI,09:45,10:35,福岡,宮崎
2026-09-22,JAL3563,FUK,TKS,09:55,10:55,福岡,徳島
2026-09-22,JAL4313,FUK,FSZ,09:55,11:25,福岡,静岡
2026-09-22,JAL4081,FUK,TSJ,09:55,10:30,福岡,対馬
2026-09-22,JAL308,FUK,HND,10:00,11:45,福岡,羽田
2026-09-22,JAL4315,FUK,FSZ,10:25,11:55,福岡,静岡
2026-09-22,JAL310,FUK,HND,11:00,12:50,福岡,羽田
2026-09-22,JAL3627,FUK,KMI,11:40,12:30,福岡,宮崎
2026-09-22,JAL3513,FUK,CTS,11:50,14:10,福岡,新千歳
2026-09-22,JAL312,FUK,HND,11:55,13:40,福岡,羽田
2026-09-22,JAL3595,FUK,MYJ,11:55,12:40,福岡,松山
2026-09-22,JAL4095,FUK,FUJ,12:10,13:00,福岡,五島福江
2026-09-22,JAL3629,FUK,KMI,12:40,13:25,福岡,宮崎
2026-09-22,JAL314,FUK,HND,12:50,14:40,福岡,羽田
2026-09-22,JAL3653,FUK,KOJ,12:50,13:40,福岡,鹿児島
2026-09-22,JAL4525,FUK,HNA,12:55,14:50,福岡,花巻
2026-09-22,JTA057,FUK,OKA,12:55,14:40,福岡,那覇
2026-09-22,JAL3601,FUK,MYJ,13:30,14:15,福岡,松山
2026-09-22,JAL3673,FUK,KUM,13:50,15:00,福岡,屋久島
2026-09-22,JAL4345,FUK,MMJ,13:55,15:25,福岡,松本
2026-09-22,JAL316,FUK,HND,14:00,15:50,福岡,羽田
2026-09-22,JAL3515,FUK,CTS,14:15,16:30,福岡,新千歳
2026-09-22,JAL318,FUK,HND,14:30,16:25,福岡,羽田
2026-09-22,JAL3633,FUK,KMI,14:30,15:20,福岡,宮崎
2026-09-22,JAL4390,FUK,NKM,14:55,16:15,福岡,名古屋
2026-09-22,JAL2056,FUK,ITM,15:00,16:15,福岡,伊丹
2026-09-22,JAL4531,FUK,SDJ,15:25,17:15,福岡,仙台
2026-09-22,JAL3635,FUK,KMI,15:25,16:10,福岡,宮崎
2026-09-22,JAL4099,FUK,FUJ,15:40,16:30,福岡,五島福江
2026-09-22,JAL2058,FUK,ITM,15:50,17:00,福岡,伊丹
2026-09-22,JTA061,FUK,OKA,15:55,17:35,福岡,那覇
2026-09-22,JAL320,FUK,HND,16:00,17:50,福岡,羽田
2026-09-22,JAL3587,FUK,KCZ,16:10,17:00,福岡,高知
2026-09-22,JAL322,FUK,HND,16:30,18:20,福岡,羽田
2026-09-22,JAL4477,FUK,KIJ,16:35,18:15,福岡,新潟
2026-09-22,JAL4097,FUK,FUJ,16:40,17:25,福岡,五島福江
2026-09-22,JAL3895,FUK,AXJ,16:55,17:30,福岡,天草
2026-09-22,JAL324,FUK,HND,17:05,18:55,福岡,羽田
2026-09-22,JTA063,FUK,OKA,17:25,19:05,福岡,那覇
2026-09-22,JAL3555,FUK,IZO,17:35,18:45,福岡,出雲
2026-09-22,JAL3607,FUK,MYJ,17:40,18:25,福岡,松山
2026-09-22,JAL326,FUK,HND,18:15,20:05,福岡,羽田
2026-09-22,JAL3567,FUK,TKS,18:20,19:20,福岡,徳島
2026-09-22,JAL4317,FUK,FSZ,18:50,20:20,福岡,静岡
2026-09-22,JAL2060,FUK,ITM,19:00,20:20,福岡,伊丹
2026-09-22,JAL328,FUK,HND,19:10,20:55,福岡,羽田
2026-09-22,JAL3899,FUK,AXJ,19:10,19:45,福岡,天草
2026-09-22,JAL4392,FUK,NKM,19:15,20:35,福岡,名古屋
2026-09-22,JAL3639,FUK,KMI,19:15,20:00,福岡,宮崎
2026-09-22,JAL330,FUK,HND,20:00,21:45,福岡,羽田
2026-09-22,JAL4394,FUK,NKM,20:00,21:20,福岡,名古屋
2026-09-22,JTA065,FUK,OKA,20:55,22:30,福岡,那覇
2026-09-22,JAL332,FUK,HND,21:00,22:45,福岡,羽田
2026-09-22,JAL2234,GAJ,ITM,08:50,10:10,山形,伊丹
2026-09-22,JAL174,GAJ,HND,09:50,10:55,山形,羽田
2026-09-22,JAL4442,GAJ,NKM,10:40,11:50,山形,名古屋
2026-09-22,JAL4490,GAJ,CTS,13:55,15:05,山形,新千歳
2026-09-22,JAL2236,GAJ,ITM,14:50,16:10,山形,伊丹
2026-09-22,JAL4446,GAJ,NKM,16:20,17:30,山形,名古屋
2026-09-22,JAL2238,GAJ,ITM,18:05,19:20,山形,伊丹
2026-09-22,JAL178,GAJ,HND,19:10,20:15,山形,羽田
2026-09-22,JAL252,HIJ,HND,07:35,09:00,広島,羽田
2026-09-22,JAL254,HIJ,HND,09:25,10:50,広島,羽田
2026-09-22,JAL3403,HIJ,CTS,10:50,12:45,広島,新千歳
2026-09-22,JAL256,HIJ,HND,12:10,13:35,広島,羽田
2026-09-22,JAL258,HIJ,HND,13:45,15:10,広島,羽田
2026-09-22,JAL262,HIJ,HND,16:25,17:55,広島,羽田
2026-09-22,JAL264,HIJ,HND,18:10,19:40,広島,羽田
2026-09-22,JAL266,HIJ,HND,20:35,22:00,広島,羽田
2026-09-22,JAL2740,HKD,OKD,07:50,08:30,函館,丘珠
2026-09-22,JAL2742,HKD,OKD,08:45,09:25,函館,丘珠
2026-09-22,JAL584,HKD,HND,09:40,11:10,函館,羽田
2026-09-22,JAL2791,HKD,OIR,11:45,12:15,函館,奥尻
2026-09-22,JAL2124,HKD,ITM,13:10,14:50,函館,伊丹
2026-09-22,JAL2748,HKD,OKD,13:45,14:25,函館,丘珠
2026-09-22,JAL2750,HKD,OKD,14:00,14:40,函館,丘珠
2026-09-22,JAL586,HKD,HND,15:00,16:25,函館,羽田
2026-09-22,JAL2752,HKD,OKD,15:55,16:35,函館,丘珠
2026-09-22,JAL2756,HKD,OKD,19:15,19:55,函館,丘珠
2026-09-22,JAL588,HKD,HND,19:30,21:00,函館,羽田
2026-09-22,JAL4412,HNA,NKM,09:10,10:25,花巻,名古屋
2026-09-22,JAL2180,HNA,ITM,09:20,10:45,花巻,伊丹
2026-09-22,JAL2830,HNA,CTS,11:40,12:35,花巻,新千歳
2026-09-22,JAL2182,HNA,ITM,13:30,14:55,花巻,伊丹
2026-09-22,JAL4524,HNA,FUK,13:55,16:05,花巻,福岡
2026-09-22,JAL4416,HNA,NKM,15:20,16:35,花巻,名古屋
2026-09-22,JAL2186,HNA,ITM,15:25,16:50,花巻,伊丹
2026-09-22,JAL4418,HNA,NKM,17:40,18:55,花巻,名古屋
2026-09-22,JAL2838,HNA,CTS,17:55,18:55,花巻,新千歳
2026-09-22,JAL2190,HNA,ITM,18:40,20:15,花巻,伊丹
2026-09-22,JAL623,HND,KMJ,06:20,08:00,羽田,熊本
2026-09-22,JAL303,HND,FUK,06:25,08:10,羽田,福岡
2026-09-22,JAL641,HND,KOJ,06:25,08:05,羽田,鹿児島
2026-09-22,JAL101,HND,ITM,06:30,07:35,羽田,伊丹
2026-09-22,JAL901,HND,OKA,06:30,09:00,羽田,那覇
2026-09-22,JAL501,HND,CTS,06:35,08:05,羽田,新千歳
2026-09-22,JAL141,HND,AOJ,06:45,07:55,羽田,青森
2026-09-22,JAL431,HND,MYJ,06:50,08:15,羽田,松山
2026-09-22,JAL161,HND,AXT,07:00,08:05,羽田,秋田
2026-09-22,JAL453,HND,TKS,07:00,08:10,羽田,徳島
2026-09-22,JAL565,HND,MMB,07:05,08:45,羽田,女満別
2026-09-22,JAL305,HND,FUK,07:05,08:50,羽田,福岡
2026-09-22,JAL971,HND,ISG,07:05,09:55,羽田,新石垣
2026-09-22,JAL183,HND,KMQ,07:10,08:10,羽田,小松
2026-09-22,JAL277,HND,IZO,07:10,08:30,羽田,出雲
2026-09-22,JAL503,HND,CTS,07:15,08:45,羽田,新千歳
2026-09-22,JAL175,HND,GAJ,07:20,08:15,羽田,山形
2026-09-22,JAL221,HND,KIX,07:20,08:35,羽田,関西国際
2026-09-22,JAL903,HND,OKA,07:20,09:50,羽田,那覇
2026-09-22,JAL253,HND,HIJ,07:25,08:40,羽田,広島
2026-09-22,JAL585,HND,HKD,07:30,08:50,羽田,函館
2026-09-22,JAL103,HND,ITM,07:30,08:35,羽田,伊丹
2026-09-22,JAL491,HND,KCZ,07:30,08:50,羽田,高知
2026-09-22,JAL605,HND,NGS,07:30,09:15,羽田,長崎
2026-09-22,JAL551,HND,AKJ,07:35,09:10,羽田,旭川
2026-09-22,JAL541,HND,KUH,07:45,09:20,羽田,釧路
2026-09-22,JAL573,HND,OBO,07:45,09:15,羽田,帯広
2026-09-22,JAL213,HND,SHM,07:45,08:55,羽田,南紀白浜
2026-09-22,JAL475,HND,TAK,07:50,09:05,羽田,高松
2026-09-22,JAL291,HND,UBJ,08:00,09:40,羽田,山口宇部
2026-09-22,JAL307,HND,FUK,08:00,09:45,羽田,福岡
2026-09-22,JAL661,HND,OIT,08:00,09:35,羽田,大分
2026-09-22,JAL625,HND,KMJ,08:00,09:45,羽田,熊本
2026-09-22,JAL153,HND,MSJ,08:05,09:20,羽田,三沢
2026-09-22,JAL687,HND,KMI,08:05,09:45,羽田,宮崎
2026-09-22,JAL643,HND,KOJ,08:05,09:50,羽田,鹿児島
2026-09-22,JAL905,HND,OKA,08:05,10:40,羽田,那覇
2026-09-22,JAL201,HND,NGO,08:15,09:10,羽田,中部国際
2026-09-22,JAL231,HND,OKJ,08:15,09:30,羽田,岡山
2026-09-22,JAL373,HND,KKJ,08:15,09:50,羽田,北九州
2026-09-22,JAL505,HND,CTS,08:20,09:55,羽田,新千歳
2026-09-22,JAL107,HND,ITM,08:30,09:35,羽田,伊丹
2026-09-22,JAL907,HND,OKA,08:40,11:15,羽田,那覇
2026-09-22,JAL507,HND,CTS,08:50,10:25,羽田,新千歳
2026-09-22,JAL255,HND,HIJ,08:50,10:10,羽田,広島
2026-09-22,JAL309,HND,FUK,09:05,10:55,羽田,福岡
2026-09-22,JAL433,HND,MYJ,09:15,10:40,羽田,松山
2026-09-22,JAL493,HND,KCZ,09:15,10:35,羽田,高知
2026-09-22,JAL311,HND,FUK,09:15,11:05,羽田,福岡
2026-09-22,JAL185,HND,KMQ,09:30,10:35,羽田,小松
2026-09-22,JAL111,HND,ITM,09:35,10:40,羽田,伊丹
2026-09-22,JAL663,HND,OIT,09:35,11:10,羽田,大分
2026-09-22,JAL909,HND,OKA,09:40,12:15,羽田,那覇
2026-09-22,JAL509,HND,CTS,09:45,11:20,羽田,新千歳
2026-09-22,JAL279,HND,IZO,09:50,11:15,羽田,出雲
2026-09-22,JAL477,HND,TAK,09:50,11:05,羽田,高松
2026-09-22,JAL689,HND,KMI,09:55,11:35,羽田,宮崎
2026-09-22,JAL143,HND,AOJ,10:00,11:20,羽田,青森
2026-09-22,JAL313,HND,FUK,10:00,11:45,羽田,福岡
2026-09-22,JAL627,HND,KMJ,10:00,11:45,羽田,熊本
2026-09-22,JAL607,HND,NGS,10:05,11:55,羽田,長崎
2026-09-22,JAL645,HND,KOJ,10:05,11:50,羽田,鹿児島
2026-09-22,JAL257,HND,HIJ,10:10,11:30,羽田,広島
2026-09-22,JAL511,HND,CTS,10:15,11:50,羽田,新千歳
2026-09-22,JAL233,HND,OKJ,10:20,11:40,羽田,岡山
2026-09-22,JAL455,HND,TKS,10:25,11:40,羽田,徳島
2026-09-22,JAL163,HND,AXT,10:30,11:35,羽田,秋田
2026-09-22,JAL113,HND,ITM,10:30,11:35,羽田,伊丹
2026-09-22,JAL913,HND,OKA,10:35,13:10,羽田,那覇
2026-09-22,JAL933,HND,MMY,10:40,13:25,羽田,宮古
2026-09-22,JAL155,HND,MSJ,10:45,12:05,羽田,三沢
2026-09-22,JAL575,HND,OBO,11:00,12:35,羽田,帯広
2026-09-22,JAL315,HND,FUK,11:00,12:50,羽田,福岡
2026-09-22,JAL479,HND,TAK,11:05,12:25,羽田,高松
2026-09-22,JAL553,HND,AKJ,11:10,12:50,羽田,旭川
2026-09-22,JAL513,HND,CTS,11:25,13:05,羽田,新千歳
2026-09-22,JAL629,HND,KMJ,11:25,13:10,羽田,熊本
2026-09-22,JAL659,HND,ASJ,11:25,13:35,羽田,奄美
2026-09-22,JAL115,HND,ITM,11:30,12:35,羽田,伊丹
2026-09-22,JAL215,HND,SHM,11:30,12:40,羽田,南紀白浜
2026-09-22,JAL987,HND,OKA,11:30,14:05,羽田,那覇
2026-09-22,JAL259,HND,HIJ,11:40,13:05,羽田,広島
2026-09-22,JAL691,HND,KMI,11:40,13:25,羽田,宮崎
2026-09-22,JAL317,HND,FUK,11:55,13:45,羽田,福岡
2026-09-22,JAL915,HND,OKA,11:55,14:30,羽田,那覇
2026-09-22,JAL647,HND,KOJ,12:00,13:45,羽田,鹿児島
2026-09-22,JAL665,HND,OIT,12:05,13:40,羽田,大分
2026-09-22,JAL435,HND,MYJ,12:10,13:35,羽田,松山
2026-09-22,JAL543,HND,KUH,12:15,13:50,羽田,釧路
2026-09-22,JAL567,HND,MMB,12:25,14:10,羽田,女満別
2026-09-22,JAL117,HND,ITM,12:30,13:35,羽田,伊丹
2026-09-22,JAL609,HND,NGS,12:30,14:20,羽田,長崎
2026-09-22,JAL225,HND,KIX,12:35,14:00,羽田,関西国際
2026-09-22,JAL515,HND,CTS,12:40,14:15,羽田,新千歳
2026-09-22,JAL459,HND,TKS,12:40,14:00,羽田,徳島
2026-09-22,JAL293,HND,UBJ,12:45,14:20,羽田,山口宇部
2026-09-22,JAL587,HND,HKD,12:50,14:10,羽田,函館
2026-09-22,JAL631,HND,KMJ,12:50,14:35,羽田,熊本
2026-09-22,JAL319,HND,FUK,12:55,14:40,羽田,福岡
2026-09-22,JAL481,HND,TAK,13:00,14:15,羽田,高松
2026-09-22,JAL187,HND,KMQ,13:05,14:10,羽田,小松
2026-09-22,JAL145,HND,AOJ,13:15,14:30,羽田,青森
2026-09-22,JAL517,HND,CTS,13:30,15:05,羽田,新千歳
2026-09-22,JAL119,HND,ITM,13:30,14:35,羽田,伊丹
2026-09-22,JAL611,HND,NGS,13:30,15:20,羽田,長崎
2026-09-22,JAL375,HND,KKJ,13:40,15:15,羽田,北九州
2026-09-22,JAL321,HND,FUK,13:45,15:30,羽田,福岡
2026-09-22,JAL577,HND,OBO,13:50,15:25,羽田,帯広
2026-09-22,JAL917,HND,OKA,13:55,16:25,羽田,那覇
2026-09-22,JAL555,HND,AKJ,14:05,15:40,羽田,旭川
2026-09-22,JAL495,HND,KCZ,14:05,15:25,羽田,高知
2026-09-22,JAL595,HND,CTS,14:15,15:50,羽田,新千歳
2026-09-22,JAL263,HND,HIJ,14:15,15:40,羽田,広島
2026-09-22,JAL649,HND,KOJ,14:15,15:55,羽田,鹿児島
2026-09-22,JAL693,HND,KMI,14:20,16:00,羽田,宮崎
2026-09-22,JAL519,HND,CTS,14:25,16:00,羽田,新千歳
2026-09-22,JAL237,HND,OKJ,14:30,15:45,羽田,岡山
2026-09-22,JAL121,HND,ITM,14:35,15:40,羽田,伊丹
2026-09-22,JAL633,HND,KMJ,14:40,16:20,羽田,熊本
2026-09-22,JAL165,HND,AXT,14:50,15:55,羽田,秋田
2026-09-22,JAL973,HND,ISG,14:50,17:40,羽田,新石垣
2026-09-22,JAL157,HND,MSJ,14:55,16:10,羽田,三沢
2026-09-22,JAL125,HND,ITM,14:55,16:00,羽田,伊丹
2026-09-22,JAL283,HND,IZO,14:55,16:15,羽田,出雲
2026-09-22,JAL667,HND,OIT,15:05,16:40,羽田,大分
2026-09-22,JAL483,HND,TAK,15:10,16:30,羽田,高松
2026-09-22,JAL919,HND,OKA,15:10,17:40,羽田,那覇
2026-09-22,JAL521,HND,CTS,15:25,17:00,羽田,新千歳
2026-09-22,JAL323,HND,FUK,15:25,17:15,羽田,福岡
2026-09-22,JAL437,HND,MYJ,15:30,16:55,羽田,松山
2026-09-22,JAL461,HND,TKS,15:40,16:55,羽田,徳島
2026-09-22,JAL325,HND,FUK,15:55,17:50,羽田,福岡
2026-09-22,JAL921,HND,OKA,15:55,18:25,羽田,那覇
2026-09-22,JAL147,HND,AOJ,16:00,17:10,羽田,青森
2026-09-22,JAL997,HND,OKA,16:05,18:35,羽田,那覇
2026-09-22,JAL695,HND,KMI,16:25,18:00,羽田,宮崎
2026-09-22,JAL127,HND,ITM,16:30,17:35,羽田,伊丹
2026-09-22,JAL219,HND,SHM,16:30,17:40,羽田,南紀白浜
2026-09-22,JAL651,HND,KOJ,16:30,18:10,羽田,鹿児島
2026-09-22,JAL523,HND,CTS,16:40,18:20,羽田,新千歳
2026-09-22,JAL669,HND,OIT,16:40,18:15,羽田,大分
2026-09-22,JAL295,HND,UBJ,16:45,18:20,羽田,山口宇部
2026-09-22,JAL189,HND,KMQ,16:50,17:55,羽田,小松
2026-09-22,JAL285,HND,IZO,16:55,18:25,羽田,出雲
2026-09-22,JAL439,HND,MYJ,16:55,18:20,羽田,松山
2026-09-22,JAL497,HND,KCZ,16:55,18:15,羽田,高知
2026-09-22,JAL923,HND,OKA,16:55,19:30,羽田,那覇
2026-09-22,JAL327,HND,FUK,17:00,19:00,羽田,福岡
2026-09-22,JAL159,HND,MSJ,17:05,18:30,羽田,三沢
2026-09-22,JAL589,HND,HKD,17:10,18:35,羽田,函館
2026-09-22,JAL569,HND,MMB,17:15,19:10,羽田,女満別
2026-09-22,JAL545,HND,KUH,17:15,19:05,羽田,釧路
2026-09-22,JAL557,HND,AKJ,17:30,19:15,羽田,旭川
2026-09-22,JAL179,HND,GAJ,17:30,18:35,羽田,山形
2026-09-22,JAL239,HND,OKJ,17:30,18:45,羽田,岡山
2026-09-22,JAL525,HND,CTS,17:35,19:15,羽田,新千歳
2026-09-22,JAL579,HND,OBO,17:35,19:20,羽田,帯広
2026-09-22,JAL131,HND,ITM,17:35,18:40,羽田,伊丹
2026-09-22,JAL637,HND,KMJ,17:35,19:20,羽田,熊本
2026-09-22,JAL613,HND,NGS,17:45,19:40,羽田,長崎
2026-09-22,JAL329,HND,FUK,17:55,19:50,羽田,福岡
2026-09-22,JAL653,HND,KOJ,17:55,19:40,羽田,鹿児島
2026-09-22,JAL133,HND,ITM,18:00,19:10,羽田,伊丹
2026-09-22,JAL287,HND,IZO,18:15,19:45,羽田,出雲
2026-09-22,JAL265,HND,HIJ,18:20,19:45,羽田,広島
2026-09-22,JAL463,HND,TKS,18:20,19:35,羽田,徳島
2026-09-22,JAL377,HND,KKJ,18:25,20:00,羽田,北九州
2026-09-22,JAL527,HND,CTS,18:40,20:15,羽田,新千歳
2026-09-22,JAL149,HND,AOJ,18:40,19:55,羽田,青森
2026-09-22,JAL137,HND,ITM,18:40,19:50,羽田,伊丹
2026-09-22,JAL485,HND,TAK,18:40,19:55,羽田,高松
2026-09-22,JAL191,HND,KMQ,18:45,19:50,羽田,小松
2026-09-22,JAL331,HND,FUK,18:45,20:35,羽田,福岡
2026-09-22,JAL499,HND,KCZ,18:55,20:15,羽田,高知
2026-09-22,JAL697,HND,KMI,18:55,20:35,羽田,宮崎
2026-09-22,JAL297,HND,UBJ,19:00,20:35,羽田,山口宇部
2026-09-22,JAL167,HND,AXT,19:10,20:15,羽田,秋田
2026-09-22,JAL139,HND,ITM,19:10,20:30,羽田,伊丹
2026-09-22,JAL639,HND,KMJ,19:10,20:55,羽田,熊本
2026-09-22,JAL333,HND,FUK,19:15,21:05,羽田,福岡
2026-09-22,JAL655,HND,KOJ,19:25,21:05,羽田,鹿児島
2026-09-22,JAL615,HND,NGS,19:30,21:20,羽田,長崎
2026-09-22,JAL335,HND,FUK,19:35,21:30,羽田,福岡
2026-09-22,JAL241,HND,OKJ,19:40,20:55,羽田,岡山
2026-09-22,JAL443,HND,MYJ,19:45,21:10,羽田,松山
2026-09-22,JAL465,HND,TKS,19:45,20:55,羽田,徳島
2026-09-22,JAL151,HND,AOJ,19:50,21:05,羽田,青森
2026-09-22,JAL529,HND,CTS,19:55,21:30,羽田,新千歳
2026-09-22,JAL209,HND,NGO,19:55,20:55,羽田,中部国際
2026-09-22,JAL267,HND,HIJ,19:55,21:20,羽田,広島
2026-09-22,JAL925,HND,OKA,20:05,22:30,羽田,那覇
2026-09-22,JAL487,HND,TAK,20:15,21:30,羽田,高松
2026-09-22,JAL671,HND,OIT,20:15,21:45,羽田,大分
2026-09-22,JAL599,HND,CTS,20:30,22:05,羽田,新千歳
2026-09-22,JAL193,HND,KMQ,20:40,21:40,羽田,小松
2026-09-22,JAL229,HND,KIX,20:40,21:55,羽田,関西国際
2026-09-22,JAL531,HND,CTS,20:45,22:20,羽田,新千歳
2026-09-22,JAL4042,IKI,NGS,09:55,10:25,壱岐,長崎
2026-09-22,JAL4044,IKI,NGS,17:50,18:20,壱岐,長崎
2026-09-22,JTA600,ISG,OKA,08:55,10:00,新石垣,那覇
2026-09-22,RAC741,ISG,OGN,09:55,10:25,新石垣,与那国
2026-09-22,JAL972,ISG,HND,11:10,14:05,新石垣,羽田
2026-09-22,JTA608,ISG,OKA,11:15,12:20,新石垣,那覇
2026-09-22,RAC743,ISG,OGN,12:35,13:05,新石垣,与那国
2026-09-22,JTA612,ISG,OKA,13:00,14:05,新石垣,那覇
2026-09-22,JTA614,ISG,OKA,14:00,15:00,新石垣,那覇
2026-09-22,RAC834,ISG,MMY,14:45,15:15,新石垣,宮古
2026-09-22,JTA622,ISG,OKA,16:25,17:25,新石垣,那覇
2026-09-22,RAC747,ISG,OGN,17:50,18:20,新石垣,与那国
2026-09-22,JTA626,ISG,OKA,18:40,19:45,新石垣,那覇
2026-09-22,RAC838,ISG,MMY,19:00,19:30,新石垣,宮古
2026-09-22,JAL974,ISG,HND,19:15,22:10,新石垣,羽田
2026-09-22,JTA086,ISG,KIX,19:50,22:15,新石垣,関西国際
2026-09-22,JAL102,ITM,HND,07:05,08:15,伊丹,羽田
2026-09-22,JAL2371,ITM,NGS,07:05,08:15,伊丹,長崎
2026-09-22,JAL2401,ITM,KOJ,07:05,08:15,伊丹,鹿児島
2026-09-22,JAL2241,ITM,KIJ,07:10,08:15,伊丹,新潟
2026-09-22,JAL2345,ITM,IZO,07:10,08:00,伊丹,出雲
2026-09-22,JAL2431,ITM,KMI,07:10,08:15,伊丹,宮崎
2026-09-22,JAL2051,ITM,FUK,07:15,08:25,伊丹,福岡
2026-09-22,JAL2361,ITM,OIT,07:15,08:15,伊丹,大分
2026-09-22,JAL2201,ITM,SDJ,07:20,08:35,伊丹,仙台
2026-09-22,JAL2181,ITM,HNA,07:25,08:50,伊丹,花巻
2026-09-22,JAL104,ITM,HND,07:25,08:40,伊丹,羽田
2026-09-22,JAL2383,ITM,KMJ,07:30,08:40,伊丹,熊本
2026-09-22,JAL2001,ITM,CTS,07:40,09:30,伊丹,新千歳
2026-09-22,JAL2151,ITM,AOJ,07:45,09:15,伊丹,青森
2026-09-22,JAL2171,ITM,AXT,07:55,09:10,伊丹,秋田
2026-09-22,JAL2233,ITM,GAJ,08:00,09:15,伊丹,山形
2026-09-22,JAL2081,ITM,OKA,08:20,10:25,伊丹,那覇
2026-09-22,JAL106,ITM,HND,08:25,09:35,伊丹,羽田
2026-09-22,JAL2323,ITM,TJH,09:00,09:40,伊丹,但馬
2026-09-22,JAL2161,ITM,MSJ,09:15,10:45,伊丹,三沢
2026-09-22,JAL110,ITM,HND,09:20,10:35,伊丹,羽田
2026-09-22,JAL2405,ITM,KOJ,09:20,10:30,伊丹,鹿児島
2026-09-22,JAL2203,ITM,SDJ,09:30,10:45,伊丹,仙台
2026-09-22,JAL2301,ITM,MYJ,09:30,10:15,伊丹,松山
2026-09-22,JAL2465,ITM,ASJ,09:35,11:10,伊丹,奄美
2026-09-22,JAL2053,ITM,FUK,09:50,11:00,伊丹,福岡
2026-09-22,JAL2365,ITM,OIT,10:10,11:05,伊丹,大分
2026-09-22,JAL2351,ITM,IZO,10:20,11:10,伊丹,出雲
2026-09-22,JAL2385,ITM,KMJ,10:20,11:25,伊丹,熊本
2026-09-22,JAL112,ITM,HND,10:25,11:35,伊丹,羽田
2026-09-22,JAL2243,ITM,KIJ,10:35,11:35,伊丹,新潟
2026-09-22,JAL2433,ITM,KMI,10:35,11:35,伊丹,宮崎
2026-09-22,JAL2123,ITM,HKD,11:00,12:35,伊丹,函館
2026-09-22,JAL2205,ITM,SDJ,11:00,12:15,伊丹,仙台
2026-09-22,JAL2407,ITM,KOJ,11:05,12:15,伊丹,鹿児島
2026-09-22,JAL2373,ITM,NGS,11:20,12:30,伊丹,長崎
2026-09-22,JAL114,ITM,HND,11:25,12:40,伊丹,羽田
2026-09-22,JAL2451,ITM,KUM,11:25,13:10,伊丹,屋久島
2026-09-22,JAL2005,ITM,CTS,11:45,13:35,伊丹,新千歳
2026-09-22,JAL2183,ITM,HNA,11:45,13:00,伊丹,花巻
2026-09-22,JAL2153,ITM,AOJ,12:00,13:25,伊丹,青森
2026-09-22,JAL2173,ITM,AXT,12:20,13:35,伊丹,秋田
2026-09-22,JAL116,ITM,HND,12:25,13:40,伊丹,羽田
2026-09-22,JAL2007,ITM,CTS,12:45,14:30,伊丹,新千歳
2026-09-22,JAL3881,ITM,KMJ,12:50,14:20,伊丹,熊本
2026-09-22,JAL2375,ITM,NGS,13:00,14:15,伊丹,長崎
2026-09-22,JAL2235,ITM,GAJ,13:10,14:20,伊丹,山形
2026-09-22,JAL2057,ITM,FUK,13:10,14:20,伊丹,福岡
2026-09-22,JAL118,ITM,HND,13:25,14:40,伊丹,羽田
2026-09-22,JAL2185,ITM,HNA,13:35,14:55,伊丹,花巻
2026-09-22,JAL2331,ITM,OKI,13:45,14:35,伊丹,隠岐
2026-09-22,JAL2207,ITM,SDJ,13:50,15:00,伊丹,仙台
2026-09-22,JAL2387,ITM,KMJ,13:50,14:55,伊丹,熊本
2026-09-22,JAL120,ITM,HND,14:20,15:35,伊丹,羽田
2026-09-22,JAL2247,ITM,KIJ,14:30,15:30,伊丹,新潟
2026-09-22,JAL3006,ITM,NRT,14:35,16:00,伊丹,成田
2026-09-22,JAL2355,ITM,IZO,14:35,15:25,伊丹,出雲
2026-09-22,JAL2087,ITM,OKA,14:50,16:50,伊丹,那覇
2026-09-22,JAL2009,ITM,CTS,15:15,17:00,伊丹,新千歳
2026-09-22,JAL2409,ITM,KOJ,15:15,16:20,伊丹,鹿児島
2026-09-22,JAL2209,ITM,SDJ,15:30,16:45,伊丹,仙台
2026-09-22,JAL124,ITM,HND,15:35,17:00,伊丹,羽田
2026-09-22,JAL2163,ITM,MSJ,15:40,17:10,伊丹,三沢
2026-09-22,JAL2411,ITM,KOJ,16:15,17:25,伊丹,鹿児島
2026-09-22,JAL2237,ITM,GAJ,16:25,17:35,伊丹,山形
2026-09-22,JAL2179,ITM,AXT,16:30,17:45,伊丹,秋田
2026-09-22,JAL126,ITM,HND,16:30,17:50,伊丹,羽田
2026-09-22,JAL2309,ITM,MYJ,16:30,17:15,伊丹,松山
2026-09-22,JAL2439,ITM,KMI,16:30,17:35,伊丹,宮崎
2026-09-22,JAL2187,ITM,HNA,16:45,18:10,伊丹,花巻
2026-09-22,JAL2157,ITM,AOJ,16:50,18:15,伊丹,青森
2026-09-22,JAL128,ITM,HND,16:50,18:10,伊丹,羽田
2026-09-22,JAL2325,ITM,TJH,16:55,17:30,伊丹,但馬
2026-09-22,JAL2213,ITM,SDJ,17:10,18:25,伊丹,仙台
2026-09-22,JAL2377,ITM,NGS,17:20,18:35,伊丹,長崎
2026-09-22,JAL2389,ITM,KMJ,17:25,18:30,伊丹,熊本
2026-09-22,JAL2415,ITM,KOJ,17:25,18:35,伊丹,鹿児島
2026-09-22,JAL2443,ITM,KMI,17:30,18:35,伊丹,宮崎
2026-09-22,JAL2251,ITM,KIJ,17:35,18:40,伊丹,新潟
2026-09-22,JAL2367,ITM,OIT,17:40,18:35,伊丹,大分
2026-09-22,JAL2357,ITM,IZO,18:05,18:55,伊丹,出雲
2026-09-22,JAL130,ITM,HND,18:25,19:40,伊丹,羽田
2026-09-22,JAL2019,ITM,CTS,18:40,20:25,伊丹,新千歳
2026-09-22,JAL134,ITM,HND,19:35,20:50,伊丹,羽田
2026-09-22,JAL2217,ITM,SDJ,19:50,21:05,伊丹,仙台
2026-09-22,JAL2061,ITM,FUK,19:55,21:10,伊丹,福岡
2026-09-22,JAL2445,ITM,KMI,19:55,21:00,伊丹,宮崎
2026-09-22,JAL138,ITM,HND,20:05,21:20,伊丹,羽田
2026-09-22,JAL2419,ITM,KOJ,20:05,21:15,伊丹,鹿児島
2026-09-22,JAL276,IZO,HND,07:35,09:00,出雲,羽田
2026-09-22,JAL2344,IZO,ITM,08:30,09:15,出雲,伊丹
2026-09-22,JAL4462,IZO,NKM,08:45,09:45,出雲,名古屋
2026-09-22,JAL3433,IZO,OKI,09:00,09:30,出雲,隠岐
2026-09-22,JAL278,IZO,HND,09:15,10:35,出雲,羽田
2026-09-22,JAL3550,IZO,FUK,11:00,12:10,出雲,福岡
2026-09-22,JAL2346,IZO,ITM,11:40,12:25,出雲,伊丹
2026-09-22,JAL280,IZO,HND,11:55,13:20,出雲,羽田
2026-09-22,JAL4464,IZO,NKM,12:30,13:30,出雲,名古屋
2026-09-22,JAL2356,IZO,ITM,16:00,16:45,出雲,伊丹
2026-09-22,JAL284,IZO,HND,17:15,18:50,出雲,羽田
2026-09-22,JAL4468,IZO,NKM,18:35,19:35,出雲,名古屋
2026-09-22,JAL286,IZO,HND,19:10,20:35,出雲,羽田
2026-09-22,JAL3554,IZO,FUK,19:15,20:25,出雲,福岡
2026-09-22,JAL2358,IZO,ITM,19:30,20:20,出雲,伊丹
2026-09-22,JAL490,KCZ,HND,07:10,08:30,高知,羽田
2026-09-22,JAL4512,KCZ,NGO,09:15,10:15,高知,中部国際
2026-09-22,JAL492,KCZ,HND,09:35,11:00,高知,羽田
2026-09-22,JAL3582,KCZ,FUK,10:25,11:25,高知,福岡
2026-09-22,JAL494,KCZ,HND,11:15,12:40,高知,羽田
2026-09-22,JAL4376,KCZ,NKM,15:55,16:55,高知,名古屋
2026-09-22,JAL496,KCZ,HND,16:15,17:45,高知,羽田
2026-09-22,JAL3588,KCZ,FUK,17:30,18:25,高知,福岡
2026-09-22,JAL498,KCZ,HND,19:00,20:25,高知,羽田
2026-09-22,JAL4378,KCZ,NKM,19:50,20:50,高知,名古屋
2026-09-22,JAL2240,KIJ,ITM,08:45,09:50,新潟,伊丹
2026-09-22,JAL4484,KIJ,CTS,11:45,13:00,新潟,新千歳
2026-09-22,JAL2244,KIJ,ITM,12:10,13:15,新潟,伊丹
2026-09-22,JAL4476,KIJ,FUK,12:30,14:20,新潟,福岡
2026-09-22,JAL2246,KIJ,ITM,16:00,17:05,新潟,伊丹
2026-09-22,JAL4486,KIJ,CTS,16:15,17:30,新潟,新千歳
2026-09-22,JAL4436,KIJ,NKM,18:45,19:45,新潟,名古屋
2026-09-22,JAL2250,KIJ,ITM,19:10,20:30,新潟,伊丹
2026-09-22,JAL220,KIX,HND,06:40,07:50,関西国際,羽田
2026-09-22,JTA121,KIX,MMY,07:40,09:55,関西国際,宮古
2026-09-22,JTA001,KIX,OKA,08:20,10:25,関西国際,那覇
2026-09-22,JAL2501,KIX,CTS,09:15,11:10,関西国際,新千歳
2026-09-22,JTA083,KIX,ISG,09:50,12:20,関西国際,新石垣
2026-09-22,JTA005,KIX,OKA,14:05,16:10,関西国際,那覇
2026-09-22,JAL224,KIX,HND,14:45,16:05,関西国際,羽田
2026-09-22,JAL2505,KIX,CTS,15:10,17:05,関西国際,新千歳
2026-09-22,JTA009,KIX,OKA,20:25,22:30,関西国際,那覇
2026-09-22,JAL228,KIX,HND,21:10,22:30,関西国際,羽田
2026-09-22,JAL374,KKJ,HND,10:35,12:10,北九州,羽田
2026-09-22,JAL376,KKJ,HND,15:55,17:40,北九州,羽田
2026-09-22,JAL378,KKJ,HND,20:45,22:20,北九州,羽田
2026-09-22,JAL3780,KKX,KOJ,09:20,10:25,喜界,鹿児島
2026-09-22,JAL3830,KKX,ASJ,10:15,10:35,喜界,奄美
2026-09-22,JAL3786,KKX,KOJ,15:15,16:20,喜界,鹿児島
2026-09-22,JAL3836,KKX,ASJ,16:30,16:50,喜界,奄美
2026-09-22,JAL688,KMI,HND,07:35,09:20,宮崎,羽田
2026-09-22,JAL2430,KMI,ITM,07:35,08:40,宮崎,伊丹
2026-09-22,JAL3624,KMI,FUK,08:30,09:20,宮崎,福岡
2026-09-22,JAL2432,KMI,ITM,08:45,09:50,宮崎,伊丹
2026-09-22,JAL690,KMI,HND,10:30,12:10,宮崎,羽田
2026-09-22,JAL3626,KMI,FUK,11:05,11:55,宮崎,福岡
2026-09-22,JAL692,KMI,HND,12:10,13:55,宮崎,羽田
2026-09-22,JAL2434,KMI,ITM,12:10,13:15,宮崎,伊丹
2026-09-22,JAL3628,KMI,FUK,13:00,13:55,宮崎,福岡
2026-09-22,JAL694,KMI,HND,14:00,15:45,宮崎,羽田
2026-09-22,JAL3630,KMI,FUK,14:00,14:55,宮崎,福岡
2026-09-22,JAL3634,KMI,FUK,15:50,16:40,宮崎,福岡
2026-09-22,JAL696,KMI,HND,16:50,18:35,宮崎,羽田
2026-09-22,JAL3636,KMI,FUK,16:50,17:45,宮崎,福岡
2026-09-22,JAL2440,KMI,ITM,18:05,19:20,宮崎,伊丹
2026-09-22,JAL698,KMI,HND,18:45,20:30,宮崎,羽田
2026-09-22,JAL2444,KMI,ITM,19:05,20:20,宮崎,伊丹
2026-09-22,JAL3642,KMI,FUK,20:35,21:30,宮崎,福岡
2026-09-22,JAL622,KMJ,HND,07:35,09:20,熊本,羽田
2026-09-22,JAL624,KMJ,HND,08:40,10:20,熊本,羽田
2026-09-22,JAL2382,KMJ,ITM,09:15,10:20,熊本,伊丹
2026-09-22,JAL4400,KMJ,NKM,09:45,11:05,熊本,名古屋
2026-09-22,JAL626,KMJ,HND,10:20,12:05,熊本,羽田
2026-09-22,JAL3880,KMJ,ITM,10:45,12:10,熊本,伊丹
2026-09-22,JAL2386,KMJ,ITM,12:00,13:05,熊本,伊丹
2026-09-22,JAL628,KMJ,HND,12:25,14:10,熊本,羽田
2026-09-22,JAL4534,KMJ,NGO,12:40,14:00,熊本,中部国際
2026-09-22,JAL630,KMJ,HND,13:50,15:35,熊本,羽田
2026-09-22,JAL3873,KMJ,AXJ,14:50,15:15,熊本,天草
2026-09-22,JAL632,KMJ,HND,15:20,17:10,熊本,羽田
2026-09-22,JAL2388,KMJ,ITM,15:30,16:35,熊本,伊丹
2026-09-22,JAL4536,KMJ,NGO,16:30,17:50,熊本,中部国際
2026-09-22,JAL634,KMJ,HND,17:20,19:05,熊本,羽田
2026-09-22,JAL2392,KMJ,ITM,19:00,20:20,熊本,伊丹
2026-09-22,JAL4408,KMJ,NKM,20:00,21:20,熊本,名古屋
2026-09-22,JAL638,KMJ,HND,20:05,21:45,熊本,羽田
2026-09-22,JAL182,KMQ,HND,07:35,08:50,小松,羽田
2026-09-22,JAL184,KMQ,HND,08:50,10:00,小松,羽田
2026-09-22,JAL186,KMQ,HND,11:15,12:25,小松,羽田
2026-09-22,JTA037,KMQ,OKA,14:05,16:25,小松,那覇
2026-09-22,JAL188,KMQ,HND,14:50,16:10,小松,羽田
2026-09-22,JAL190,KMQ,HND,18:40,19:55,小松,羽田
2026-09-22,JAL192,KMQ,HND,20:30,21:40,小松,羽田
2026-09-22,JAL3801,KOJ,OKE,07:20,08:45,鹿児島,沖永良部
2026-09-22,JAL640,KOJ,HND,07:30,09:15,鹿児島,羽田
2026-09-22,JAL2400,KOJ,ITM,07:35,08:45,鹿児島,伊丹
2026-09-22,JAL3783,KOJ,KKX,07:35,08:50,鹿児島,喜界
2026-09-22,JAL3721,KOJ,ASJ,07:40,08:55,鹿児島,奄美
2026-09-22,JAL3791,KOJ,TKN,07:50,09:10,鹿児島,徳之島
2026-09-22,JAL3761,KOJ,TNE,08:10,08:50,鹿児島,種子島
2026-09-22,JAL3741,KOJ,KUM,08:40,09:20,鹿児島,屋久島
2026-09-22,JAL642,KOJ,HND,08:50,10:35,鹿児島,羽田
2026-09-22,JAL2402,KOJ,ITM,08:50,10:00,鹿児島,伊丹
2026-09-22,JAL3793,KOJ,TKN,08:55,09:55,鹿児島,徳之島
2026-09-22,JAL3727,KOJ,ASJ,10:15,11:10,鹿児島,奄美
2026-09-22,JAL3743,KOJ,KUM,10:30,11:10,鹿児島,屋久島
2026-09-22,JAL644,KOJ,HND,10:55,12:40,鹿児島,羽田
2026-09-22,JAL2406,KOJ,ITM,11:00,12:10,鹿児島,伊丹
2026-09-22,JAL3763,KOJ,TNE,11:00,11:40,鹿児島,種子島
2026-09-22,JAL3825,KOJ,RNJ,11:10,12:45,鹿児島,与論
2026-09-22,JAL3729,KOJ,ASJ,11:55,12:50,鹿児島,奄美
2026-09-22,JAL3654,KOJ,FUK,12:05,13:05,鹿児島,福岡
2026-09-22,JAL646,KOJ,HND,12:50,14:35,鹿児島,羽田
2026-09-22,JAL2408,KOJ,ITM,12:50,14:00,鹿児島,伊丹
2026-09-22,JAL3795,KOJ,TKN,13:00,14:25,鹿児島,徳之島
2026-09-22,JAL3731,KOJ,ASJ,13:10,14:05,鹿児島,奄美
2026-09-22,JAL3745,KOJ,KUM,13:25,14:05,鹿児島,屋久島
2026-09-22,JAL3785,KOJ,KKX,13:30,14:45,鹿児島,喜界
2026-09-22,JAL648,KOJ,HND,14:35,16:30,鹿児島,羽田
2026-09-22,JAL2410,KOJ,ITM,14:45,15:55,鹿児島,伊丹
2026-09-22,JAL3809,KOJ,OKE,14:55,16:20,鹿児島,沖永良部
2026-09-22,JAL4306,KOJ,FSZ,15:00,16:30,鹿児島,静岡
2026-09-22,JAL3753,KOJ,KUM,15:25,16:05,鹿児島,屋久島
2026-09-22,JAL3797,KOJ,TKN,16:05,17:05,鹿児島,徳之島
2026-09-22,JAL650,KOJ,HND,16:45,18:35,鹿児島,羽田
2026-09-22,JAL3777,KOJ,TNE,16:50,17:30,鹿児島,種子島
2026-09-22,JAL3735,KOJ,ASJ,16:55,17:50,鹿児島,奄美
2026-09-22,JAL3737,KOJ,ASJ,17:15,18:30,鹿児島,奄美
2026-09-22,JAL3759,KOJ,KUM,17:50,18:30,鹿児島,屋久島
2026-09-22,JAL2412,KOJ,ITM,18:05,19:15,鹿児島,伊丹
2026-09-22,JAL3687,KOJ,MYJ,18:50,19:50,鹿児島,松山
2026-09-22,JAL652,KOJ,HND,19:05,20:50,鹿児島,羽田
2026-09-22,JAL2414,KOJ,ITM,19:10,20:30,鹿児島,伊丹
2026-09-22,JAL654,KOJ,HND,20:35,22:25,鹿児島,羽田
2026-09-22,RAC842,KTD,OKA,12:50,13:55,北大東,那覇
2026-09-22,JAL2762,KUH,OKD,09:15,10:05,釧路,丘珠
2026-09-22,JAL540,KUH,HND,10:00,11:45,釧路,羽田
2026-09-22,JAL542,KUH,HND,14:50,16:35,釧路,羽田
2026-09-22,JAL2766,KUH,OKD,15:25,16:15,釧路,丘珠
2026-09-22,JAL2768,KUH,OKD,18:00,18:50,釧路,丘珠
2026-09-22,JAL544,KUH,HND,19:50,21:35,釧路,羽田
2026-09-22,JAL3740,KUM,KOJ,09:55,10:30,屋久島,鹿児島
2026-09-22,JAL3744,KUM,KOJ,11:45,12:20,屋久島,鹿児島
2026-09-22,JAL3746,KUM,KOJ,13:40,14:15,屋久島,鹿児島
2026-09-22,JAL2450,KUM,ITM,14:35,16:15,屋久島,伊丹
2026-09-22,JAL3676,KUM,FUK,15:30,16:45,屋久島,福岡
2026-09-22,JAL3750,KUM,KOJ,16:35,17:10,屋久島,鹿児島
2026-09-22,JAL3756,KUM,KOJ,19:00,19:35,屋久島,鹿児島
2026-09-22,JAL2710,MMB,CTS,08:55,09:40,女満別,新千歳
2026-09-22,JAL562,MMB,HND,09:25,11:20,女満別,羽田
2026-09-22,JAL2722,MMB,OKD,10:20,11:10,女満別,丘珠
2026-09-22,JAL2714,MMB,CTS,13:55,14:45,女満別,新千歳
2026-09-22,JAL564,MMB,HND,15:00,16:55,女満別,羽田
2026-09-22,JAL2718,MMB,CTS,17:25,18:10,女満別,新千歳
2026-09-22,JAL2728,MMB,OKD,19:10,20:00,女満別,丘珠
2026-09-22,JAL566,MMB,HND,19:50,21:45,女満別,羽田
2026-09-22,RAC862,MMD,OKA,09:30,10:35,南大東,那覇
2026-09-22,RAC864,MMD,OKA,15:55,16:55,南大東,那覇
2026-09-22,JAL4362,MMJ,UKB,10:00,11:00,松本,神戸
2026-09-22,JAL4352,MMJ,CTS,11:35,13:15,松本,新千歳
2026-09-22,JAL4344,MMJ,FUK,13:10,14:50,松本,福岡
2026-09-22,JAL4372,MMJ,OKD,16:10,17:40,松本,丘珠
2026-09-22,JAL4348,MMJ,FUK,17:45,19:25,松本,福岡
2026-09-22,JTA552,MMY,OKA,08:50,09:45,宮古,那覇
2026-09-22,RAC891,MMY,TRA,09:20,09:45,宮古,多良間
2026-09-22,JTA556,MMY,OKA,10:40,11:35,宮古,那覇
2026-09-22,RAC831,MMY,ISG,11:30,12:00,宮古,新石垣
2026-09-22,JTA558,MMY,OKA,12:10,13:05,宮古,那覇
2026-09-22,JTA560,MMY,OKA,13:25,14:20,宮古,那覇
2026-09-22,JAL934,MMY,HND,14:25,17:15,宮古,羽田
2026-09-22,RAC897,MMY,TRA,15:50,16:15,宮古,多良間
2026-09-22,JTA562,MMY,OKA,16:05,17:00,宮古,那覇
2026-09-22,JTA564,MMY,OKA,16:55,17:50,宮古,那覇
2026-09-22,RAC839,MMY,ISG,17:45,18:15,宮古,新石垣
2026-09-22,JTA572,MMY,OKA,17:55,18:50,宮古,那覇
2026-09-22,JTA128,MMY,KIX,19:25,21:40,宮古,関西国際
2026-09-22,RAC804,MMY,OKA,20:00,20:55,宮古,那覇
2026-09-22,JAL152,MSJ,HND,10:00,11:25,三沢,羽田
2026-09-22,JAL2162,MSJ,ITM,11:20,13:00,三沢,伊丹
2026-09-22,JAL154,MSJ,HND,12:50,14:15,三沢,羽田
2026-09-22,JAL2816,MSJ,OKD,13:10,14:05,三沢,丘珠
2026-09-22,JAL156,MSJ,HND,16:50,18:15,三沢,羽田
2026-09-22,JAL2166,MSJ,ITM,17:45,19:25,三沢,伊丹
2026-09-22,JAL158,MSJ,HND,19:10,20:35,三沢,羽田
2026-09-22,JAL430,MYJ,HND,07:10,08:40,松山,羽田
2026-09-22,JAL3592,MYJ,FUK,08:25,09:15,松山,福岡
2026-09-22,JAL432,MYJ,HND,09:10,10:40,松山,羽田
2026-09-22,JAL2300,MYJ,ITM,10:45,11:35,松山,伊丹
2026-09-22,JAL434,MYJ,HND,11:25,12:55,松山,羽田
2026-09-22,JAL3596,MYJ,FUK,13:30,14:15,松山,福岡
2026-09-22,JAL436,MYJ,HND,14:20,15:55,松山,羽田
2026-09-22,JAL3602,MYJ,FUK,14:45,15:35,松山,福岡
2026-09-22,JAL438,MYJ,HND,17:35,19:10,松山,羽田
2026-09-22,JAL3608,MYJ,FUK,17:45,18:40,松山,福岡
2026-09-22,JAL440,MYJ,HND,19:00,20:35,松山,羽田
2026-09-22,JAL2310,MYJ,ITM,19:00,20:00,松山,伊丹
2026-09-22,JAL3686,MYJ,KOJ,20:20,21:20,松山,鹿児島
2026-09-22,JAL202,NGO,HND,07:40,08:40,中部国際,羽田
2026-09-22,JAL3101,NGO,CTS,08:05,09:50,中部国際,新千歳
2026-09-22,JAL3082,NGO,NRT,08:20,09:30,中部国際,成田
2026-09-22,JTA045,NGO,OKA,08:30,10:45,中部国際,那覇
2026-09-22,JAL4535,NGO,KMJ,10:45,12:10,中部国際,熊本
2026-09-22,JAL3107,NGO,CTS,12:40,14:20,中部国際,新千歳
2026-09-22,JAL3084,NGO,NRT,14:35,15:50,中部国際,成田
2026-09-22,JAL4537,NGO,KMJ,14:35,16:00,中部国際,熊本
2026-09-22,JTA047,NGO,OKA,14:55,17:10,中部国際,那覇
2026-09-22,JAL3117,NGO,CTS,17:30,19:10,中部国際,新千歳
2026-09-22,JAL4517,NGO,KCZ,18:20,19:20,中部国際,高知
2026-09-22,JTA049,NGO,OKA,18:50,21:00,中部国際,那覇
2026-09-22,JAL208,NGO,HND,20:55,22:00,中部国際,羽田
2026-09-22,JAL606,NGS,HND,07:25,09:10,長崎,羽田
2026-09-22,JAL4051,NGS,TSJ,07:30,08:05,長崎,対馬
2026-09-22,JAL2372,NGS,ITM,08:50,10:00,長崎,伊丹
2026-09-22,JAL4041,NGS,IKI,08:55,09:25,長崎,壱岐
2026-09-22,JAL4073,NGS,FUJ,09:50,10:20,長崎,五島福江
2026-09-22,JAL608,NGS,HND,10:00,11:45,長崎,羽田
2026-09-22,JAL4053,NGS,TSJ,11:00,11:35,長崎,対馬
2026-09-22,JAL610,NGS,HND,12:35,14:25,長崎,羽田
2026-09-22,JAL2374,NGS,ITM,13:00,14:10,長崎,伊丹
2026-09-22,JAL4075,NGS,FUJ,13:20,13:50,長崎,五島福江
2026-09-22,JAL2376,NGS,ITM,14:45,15:55,長崎,伊丹
2026-09-22,JAL4077,NGS,FUJ,14:45,15:15,長崎,五島福江
2026-09-22,JAL612,NGS,HND,15:05,17:00,長崎,羽田
2026-09-22,JAL614,NGS,HND,16:05,18:00,長崎,羽田
2026-09-22,JAL4043,NGS,IKI,16:50,17:20,長崎,壱岐
2026-09-22,JAL4061,NGS,TSJ,19:00,19:35,長崎,対馬
2026-09-22,JAL2378,NGS,ITM,19:10,20:25,長崎,伊丹
2026-09-22,JAL616,NGS,HND,20:25,22:10,長崎,羽田
2026-09-22,JAL4381,NKM,FUK,07:00,08:25,名古屋,福岡
2026-09-22,JAL4461,NKM,IZO,07:15,08:15,名古屋,出雲
2026-09-22,JAL4451,NKM,OKD,07:20,09:00,名古屋,丘珠
2026-09-22,JAL4411,NKM,HNA,07:30,08:40,名古屋,花巻
2026-09-22,JAL4377,NKM,KCZ,07:45,08:45,名古屋,高知
2026-09-22,JAL4401,NKM,KMJ,07:50,09:15,名古屋,熊本
2026-09-22,JAL4383,NKM,FUK,08:00,09:25,名古屋,福岡
2026-09-22,JAL4421,NKM,AOJ,08:25,09:45,名古屋,青森
2026-09-22,JAL4441,NKM,GAJ,09:05,10:10,名古屋,山形
2026-09-22,JAL4433,NKM,KIJ,10:20,11:15,名古屋,新潟
2026-09-22,JAL4385,NKM,FUK,10:55,12:20,名古屋,福岡
2026-09-22,JAL4463,NKM,IZO,11:00,12:00,名古屋,出雲
2026-09-22,JAL4423,NKM,AOJ,11:35,12:55,名古屋,青森
2026-09-22,JAL4413,NKM,HNA,12:15,13:25,名古屋,花巻
2026-09-22,JAL4443,NKM,GAJ,12:20,13:25,名古屋,山形
2026-09-22,JAL4455,NKM,OKD,13:30,15:10,名古屋,丘珠
2026-09-22,JAL4379,NKM,KCZ,14:10,15:10,名古屋,高知
2026-09-22,JAL4417,NKM,HNA,16:00,17:10,名古屋,花巻
2026-09-22,JAL4457,NKM,OKD,16:50,18:30,名古屋,丘珠
2026-09-22,JAL4467,NKM,IZO,17:05,18:05,名古屋,出雲
2026-09-22,JAL4427,NKM,AOJ,18:00,19:20,名古屋,青森
2026-09-22,JAL4409,NKM,KMJ,18:05,19:30,名古屋,熊本
2026-09-22,JAL4393,NKM,FUK,19:35,21:00,名古屋,福岡
2026-09-22,JAL3083,NRT,NGO,10:30,11:40,成田,中部国際
2026-09-22,JAL3009,NRT,ITM,18:25,19:50,成田,伊丹
2026-09-22,JAL3087,NRT,NGO,18:55,20:10,成田,中部国際
2026-09-22,JAL570,OBO,HND,09:55,11:40,帯広,羽田
2026-09-22,JAL572,OBO,HND,13:10,14:55,帯広,羽田
2026-09-22,JAL574,OBO,HND,16:15,18:00,帯広,羽田
2026-09-22,JAL576,OBO,HND,20:00,21:40,帯広,羽田
2026-09-22,RAC742,OGN,ISG,08:55,09:25,与那国,新石垣
2026-09-22,RAC724,OGN,OKA,11:15,12:35,与那国,那覇
2026-09-22,RAC744,OGN,ISG,13:35,14:05,与那国,新石垣
2026-09-22,RAC746,OGN,ISG,16:50,17:20,与那国,新石垣
2026-09-22,RAC728,OGN,OKA,18:50,20:10,与那国,那覇
2026-09-22,JAL2792,OIR,HKD,12:45,13:15,奥尻,函館
2026-09-22,JAL662,OIT,HND,07:35,09:10,大分,羽田
2026-09-22,JAL2362,OIT,ITM,08:45,09:40,大分,伊丹
2026-09-22,JAL664,OIT,HND,10:25,11:55,大分,羽田
2026-09-22,JAL2364,OIT,ITM,11:35,12:35,大分,伊丹
2026-09-22,JAL668,OIT,HND,11:50,13:30,大分,羽田
2026-09-22,JAL670,OIT,HND,14:25,16:05,大分,羽田
2026-09-22,JAL672,OIT,HND,17:20,19:00,大分,羽田
2026-09-22,JAL674,OIT,HND,19:05,20:40,大分,羽田
2026-09-22,JAL2366,OIT,ITM,19:10,20:15,大分,伊丹
2026-09-22,JTA002,OKA,KIX,07:10,09:05,那覇,関西国際
2026-09-22,JTA050,OKA,FUK,07:10,08:50,那覇,福岡
2026-09-22,JTA551,OKA,MMY,07:15,08:10,那覇,宮古
2026-09-22,JTA601,OKA,ISG,07:15,08:15,那覇,新石垣
2026-09-22,RAC721,OKA,OGN,07:15,08:25,那覇,与那国
2026-09-22,JAL900,OKA,HND,07:25,09:50,那覇,羽田
2026-09-22,RAC871,OKA,UEO,07:45,08:15,那覇,久米島
2026-09-22,RAC861,OKA,MMD,08:00,09:00,那覇,南大東
2026-09-22,RAC801,OKA,MMY,08:00,08:50,那覇,宮古
2026-09-22,JTA605,OKA,ISG,09:35,10:30,那覇,新石垣
2026-09-22,JAL902,OKA,HND,09:55,12:25,那覇,羽田
2026-09-22,RAC873,OKA,UEO,09:55,10:25,那覇,久米島
2026-09-22,JTA052,OKA,FUK,10:25,12:10,那覇,福岡
2026-09-22,JTA557,OKA,MMY,10:40,11:30,那覇,宮古
2026-09-22,JAL904,OKA,HND,10:50,13:25,那覇,羽田
2026-09-22,JTA036,OKA,KMQ,11:10,13:25,那覇,小松
2026-09-22,JTA004,OKA,KIX,11:10,13:10,那覇,関西国際
2026-09-22,RAC841,OKA,KTD,11:20,12:20,那覇,北大東
2026-09-22,JAL906,OKA,HND,11:40,14:15,那覇,羽田
2026-09-22,JTA042,OKA,NGO,11:55,14:05,那覇,中部国際
2026-09-22,JAL2084,OKA,ITM,11:55,13:55,那覇,伊丹
2026-09-22,JTA559,OKA,MMY,11:55,12:45,那覇,宮古
2026-09-22,JAL992,OKA,HND,12:05,14:40,那覇,羽田
2026-09-22,JAL908,OKA,HND,12:15,14:50,那覇,羽田
2026-09-22,JTA609,OKA,ISG,12:15,13:15,那覇,新石垣
2026-09-22,JAL910,OKA,HND,13:15,15:50,那覇,羽田
2026-09-22,RAC815,OKA,RNJ,13:15,13:55,那覇,与論
2026-09-22,JTA054,OKA,FUK,13:20,15:05,那覇,福岡
2026-09-22,JTA211,OKA,UEO,13:45,14:20,那覇,久米島
2026-09-22,JAL3867,OKA,ASJ,13:55,14:55,那覇,奄美
2026-09-22,JAL912,OKA,HND,14:00,16:35,那覇,羽田
2026-09-22,RAC863,OKA,MMD,14:25,15:25,那覇,南大東
2026-09-22,JTA563,OKA,MMY,14:30,15:25,那覇,宮古
2026-09-22,JAL3715,OKA,OKE,14:35,15:25,那覇,沖永良部
2026-09-22,JTA617,OKA,ISG,14:45,15:45,那覇,新石垣
2026-09-22,JAL988,OKA,HND,14:55,17:35,那覇,羽田
2026-09-22,RAC727,OKA,OGN,14:55,16:10,那覇,与那国
2026-09-22,JTA058,OKA,FUK,15:00,16:45,那覇,福岡
2026-09-22,JTA565,OKA,MMY,15:25,16:15,那覇,宮古
2026-09-22,JAL914,OKA,HND,15:40,18:15,那覇,羽田
2026-09-22,RAC879,OKA,UEO,15:40,16:15,那覇,久米島
2026-09-22,JTA044,OKA,NGO,15:45,17:55,那覇,中部国際
2026-09-22,JTA571,OKA,MMY,16:25,17:15,那覇,宮古
2026-09-22,JTA621,OKA,ISG,17:00,18:00,那覇,新石垣
2026-09-22,RAC881,OKA,UEO,17:25,17:55,那覇,久米島
2026-09-22,JTA008,OKA,KIX,17:40,19:40,那覇,関西国際
2026-09-22,JAL916,OKA,HND,17:45,20:15,那覇,羽田
2026-09-22,JAL2088,OKA,ITM,17:55,19:55,那覇,伊丹
2026-09-22,JTA573,OKA,MMY,17:55,18:45,那覇,宮古
2026-09-22,JTA625,OKA,ISG,18:10,19:10,那覇,新石垣
2026-09-22,JTA016,OKA,OKJ,18:30,20:20,那覇,岡山
2026-09-22,JTA060,OKA,FUK,18:30,20:10,那覇,福岡
2026-09-22,JAL918,OKA,HND,18:50,21:20,那覇,羽田
2026-09-22,JAL920,OKA,HND,19:30,22:00,那覇,羽田
2026-09-22,JTA062,OKA,FUK,19:40,21:25,那覇,福岡
2026-09-22,JTA046,OKA,NGO,19:45,21:55,那覇,中部国際
2026-09-22,JAL922,OKA,HND,20:30,23:00,那覇,羽田
2026-09-22,JAL2741,OKD,HKD,07:35,08:15,丘珠,函館
2026-09-22,JAL2783,OKD,RIS,07:50,08:45,丘珠,利尻
2026-09-22,JAL2761,OKD,KUH,08:00,08:45,丘珠,釧路
2026-09-22,JAL2721,OKD,MMB,09:05,09:50,丘珠,女満別
2026-09-22,JAL4371,OKD,MMJ,09:30,11:05,丘珠,松本
2026-09-22,JAL2731,OKD,SHB,09:55,10:45,丘珠,根室中標津
2026-09-22,JAL2745,OKD,HKD,10:35,11:15,丘珠,函館
2026-09-22,JAL2823,OKD,AXT,10:45,11:55,丘珠,秋田
2026-09-22,JAL4452,OKD,NKM,11:10,12:55,丘珠,名古屋
2026-09-22,JAL2815,OKD,MSJ,11:40,12:40,丘珠,三沢
2026-09-22,JAL2749,OKD,HKD,12:45,13:25,丘珠,函館
2026-09-22,JAL2765,OKD,KUH,14:10,14:55,丘珠,釧路
2026-09-22,JAL2751,OKD,HKD,14:45,15:25,丘珠,函館
2026-09-22,JAL2787,OKD,RIS,15:00,15:55,丘珠,利尻
2026-09-22,JAL2737,OKD,SHB,15:10,16:00,丘珠,根室中標津
2026-09-22,JAL4456,OKD,NKM,15:40,17:25,丘珠,名古屋
2026-09-22,JAL2767,OKD,KUH,16:45,17:30,丘珠,釧路
2026-09-22,JAL2825,OKD,AXT,17:05,18:15,丘珠,秋田
2026-09-22,JAL2727,OKD,MMB,17:55,18:40,丘珠,女満別
2026-09-22,JAL2755,OKD,HKD,18:05,18:45,丘珠,函館
2026-09-22,JAL4332,OKD,FSZ,18:15,20:05,丘珠,静岡
2026-09-22,JAL4458,OKD,NKM,19:00,20:45,丘珠,名古屋
2026-09-22,JAL2759,OKD,HKD,19:20,20:00,丘珠,函館
2026-09-22,JAL3800,OKE,KOJ,09:15,10:35,沖永良部,鹿児島
2026-09-22,JAL3716,OKE,OKA,12:55,13:45,沖永良部,那覇
2026-09-22,JAL3710,OKE,TKN,15:55,16:20,沖永良部,徳之島
2026-09-22,JAL3808,OKE,KOJ,16:50,18:10,沖永良部,鹿児島
2026-09-22,JAL3434,OKI,IZO,10:00,10:30,隠岐,出雲
2026-09-22,JAL2332,OKI,ITM,15:05,15:50,隠岐,伊丹
2026-09-22,JAL232,OKJ,HND,07:05,08:25,岡山,羽田
2026-09-22,JTA013,OKJ,OKA,08:30,10:30,岡山,那覇
2026-09-22,JAL234,OKJ,HND,10:15,11:30,岡山,羽田
2026-09-22,JAL236,OKJ,HND,12:20,13:40,岡山,羽田
2026-09-22,JAL240,OKJ,HND,17:30,18:55,岡山,羽田
2026-09-22,JAL242,OKJ,HND,19:25,20:40,岡山,羽田
2026-09-22,JAL2784,RIS,OKD,09:15,10:05,利尻,丘珠
2026-09-22,JAL2788,RIS,OKD,16:25,17:15,利尻,丘珠
2026-09-22,JAL3866,RNJ,OKA,12:30,13:15,与論,那覇
2026-09-22,JAL3826,RNJ,KOJ,13:15,14:45,与論,鹿児島
2026-09-22,RAC816,RNJ,OKA,14:25,15:00,与論,那覇
2026-09-22,JAL2200,SDJ,ITM,07:35,08:55,仙台,伊丹
2026-09-22,JAL2901,SDJ,CTS,07:50,09:00,仙台,新千歳
2026-09-22,JAL2903,SDJ,CTS,09:10,10:25,仙台,新千歳
2026-09-22,JAL2202,SDJ,ITM,09:15,10:30,仙台,伊丹
2026-09-22,JAL4528,SDJ,FUK,11:15,13:20,仙台,福岡
2026-09-22,JAL2204,SDJ,ITM,11:20,12:35,仙台,伊丹
2026-09-22,JAL2206,SDJ,ITM,12:40,13:55,仙台,伊丹
2026-09-22,JAL2905,SDJ,CTS,12:45,13:55,仙台,新千歳
2026-09-22,JAL2210,SDJ,ITM,15:35,16:50,仙台,伊丹
2026-09-22,JAL2212,SDJ,ITM,16:10,17:25,仙台,伊丹
2026-09-22,JAL2907,SDJ,CTS,17:15,18:25,仙台,新千歳
2026-09-22,JAL4530,SDJ,FUK,17:45,19:50,仙台,福岡
2026-09-22,JAL2216,SDJ,ITM,19:00,20:25,仙台,伊丹
2026-09-22,JAL2909,SDJ,CTS,20:30,21:40,仙台,新千歳
2026-09-22,JAL2732,SHB,OKD,11:15,12:10,根室中標津,丘珠
2026-09-22,JAL2738,SHB,OKD,16:30,17:25,根室中標津,丘珠
2026-09-22,SKY542,SHI,OKA,11:50,12:40,下地島,那覇
2026-09-22,SKY546,SHI,OKA,13:50,14:40,下地島,那覇
2026-09-22,SKY164,SHI,UKB,15:25,17:35,下地島,神戸
2026-09-22,SKY564,SHI,FUK,16:00,18:00,下地島,福岡
2026-09-22,SKY618,SHI,HND,17:10,19:50,下地島,羽田
2026-09-22,JAL212,SHM,HND,09:30,10:40,南紀白浜,羽田
2026-09-22,JAL214,SHM,HND,13:45,15:00,南紀白浜,羽田
2026-09-22,JAL218,SHM,HND,18:25,19:40,南紀白浜,羽田
2026-09-22,JAL474,TAK,HND,07:05,08:25,高松,羽田
2026-09-22,JAL476,TAK,HND,09:45,11:00,高松,羽田
2026-09-22,JAL478,TAK,HND,11:45,13:05,高松,羽田
2026-09-22,JAL480,TAK,HND,13:10,14:30,高松,羽田
2026-09-22,JAL482,TAK,HND,15:15,16:40,高松,羽田
2026-09-22,JAL484,TAK,HND,17:20,18:45,高松,羽田
2026-09-22,JAL486,TAK,HND,20:40,21:55,高松,羽田
2026-09-22,JAL2324,TJH,ITM,10:10,10:45,但馬,伊丹
2026-09-22,JAL2326,TJH,ITM,18:00,18:40,但馬,伊丹
2026-09-22,JAL3842,TKN,ASJ,09:40,10:10,徳之島,奄美
2026-09-22,JAL3792,TKN,KOJ,10:25,11:20,徳之島,鹿児島
2026-09-22,JAL3711,TKN,OKE,12:00,12:25,徳之島,沖永良部
2026-09-22,JAL3794,TKN,KOJ,14:55,16:15,徳之島,鹿児島
2026-09-22,JAL3844,TKN,ASJ,16:50,17:20,徳之島,奄美
2026-09-22,JAL3796,TKN,KOJ,17:40,18:35,徳之島,鹿児島
2026-09-22,JAL3798,TKN,KOJ,19:00,20:15,徳之島,鹿児島
2026-09-22,JAL452,TKS,HND,07:05,08:20,徳島,羽田
2026-09-22,JAL454,TKS,HND,08:55,10:15,徳島,羽田
2026-09-22,JAL3564,TKS,FUK,11:30,12:35,徳島,福岡
2026-09-22,JAL456,TKS,HND,12:20,13:40,徳島,羽田
2026-09-22,JAL460,TKS,HND,14:45,16:10,徳島,羽田
2026-09-22,JAL462,TKS,HND,17:40,19:05,徳島,羽田
2026-09-22,JAL3568,TKS,FUK,20:05,21:10,徳島,福岡
2026-09-22,JAL464,TKS,HND,20:35,21:55,徳島,羽田
2026-09-22,JAL3760,TNE,KOJ,09:20,09:55,種子島,鹿児島
2026-09-22,JAL3764,TNE,KOJ,12:10,12:45,種子島,鹿児島
2026-09-22,JAL3772,TNE,KOJ,18:00,18:35,種子島,鹿児島
2026-09-22,RAC892,TRA,MMY,10:20,10:45,多良間,宮古
2026-09-22,RAC898,TRA,MMY,16:50,17:15,多良間,宮古
2026-09-22,JAL4052,TSJ,NGS,08:35,09:15,対馬,長崎
2026-09-22,JAL4080,TSJ,FUK,08:50,09:25,対馬,福岡
2026-09-22,JAL4082,TSJ,FUK,11:00,11:35,対馬,福岡
2026-09-22,JAL4054,TSJ,NGS,12:05,12:45,対馬,長崎
2026-09-22,JAL4062,TSJ,NGS,20:05,20:45,対馬,長崎
2026-09-22,JAL290,UBJ,HND,07:40,09:20,山口宇部,羽田
2026-09-22,JAL292,UBJ,HND,10:20,12:00,山口宇部,羽田
2026-09-22,JAL294,UBJ,HND,15:00,16:45,山口宇部,羽田
2026-09-22,JAL296,UBJ,HND,19:00,20:40,山口宇部,羽田
2026-09-22,RAC872,UEO,OKA,08:45,09:20,久米島,那覇
2026-09-22,RAC874,UEO,OKA,10:55,11:30,久米島,那覇
2026-09-22,JTA212,UEO,OKA,15:00,15:40,久米島,那覇
2026-09-22,RAC880,UEO,OKA,16:45,17:20,久米島,那覇
2026-09-22,RAC882,UEO,OKA,18:25,19:00,久米島,那覇
2026-09-22,JAL4363,UKB,MMJ,11:40,12:40,神戸,松本
2026-09-23,JAL552,AKJ,HND,09:50,11:35,旭川,羽田
2026-09-23,JAL554,AKJ,HND,13:40,15:25,旭川,羽田
2026-09-23,JAL556,AKJ,HND,16:25,18:15,旭川,羽田
2026-09-23,JAL558,AKJ,HND,19:55,21:40,旭川,羽田
2026-09-23,JAL140,AOJ,HND,07:35,08:55,青森,羽田
2026-09-23,JAL142,AOJ,HND,08:35,09:55,青森,羽田
2026-09-23,JAL2150,AOJ,ITM,09:50,11:20,青森,伊丹
2026-09-23,JAL4422,AOJ,NKM,10:15,11:40,青森,名古屋
2026-09-23,JAL2804,AOJ,CTS,11:00,11:45,青森,新千歳
2026-09-23,JAL144,AOJ,HND,12:00,13:20,青森,羽田
2026-09-23,JAL4424,AOJ,NKM,13:25,14:50,青森,名古屋
2026-09-23,JAL2154,AOJ,ITM,14:00,15:30,青森,伊丹
2026-09-23,JAL2806,AOJ,CTS,15:00,15:45,青森,新千歳
2026-09-23,JAL146,AOJ,HND,15:20,16:40,青森,羽田
2026-09-23,JAL148,AOJ,HND,17:55,19:15,青森,羽田
2026-09-23,JAL2158,AOJ,ITM,18:45,20:30,青森,伊丹
2026-09-23,JAL4428,AOJ,NKM,19:50,21:15,青森,名古屋
2026-09-23,JAL2810,AOJ,CTS,20:15,21:00,青森,新千歳
2026-09-23,JAL150,AOJ,HND,20:45,22:05,青森,羽田
2026-09-23,JAL3722,ASJ,KOJ,08:45,09:35,奄美,鹿児島
2026-09-23,JAL3831,ASJ,KKX,09:25,09:45,奄美,喜界
2026-09-23,JAL3841,ASJ,TKN,10:55,11:25,奄美,徳之島
2026-09-23,JAL3861,ASJ,RNJ,11:15,12:00,奄美,与論
2026-09-23,JAL3726,ASJ,KOJ,11:45,12:35,奄美,鹿児島
2026-09-23,JAL2464,ASJ,ITM,12:05,13:35,奄美,伊丹
2026-09-23,JAL3728,ASJ,KOJ,13:20,14:15,奄美,鹿児島
2026-09-23,JAL658,ASJ,HND,14:20,16:30,奄美,羽田
2026-09-23,JAL3730,ASJ,KOJ,14:35,15:30,奄美,鹿児島
2026-09-23,JAL3837,ASJ,KKX,15:40,16:00,奄美,喜界
2026-09-23,JAL3734,ASJ,KOJ,17:25,18:30,奄美,鹿児島
2026-09-23,JAL3843,ASJ,TKN,18:00,18:30,奄美,徳之島
2026-09-23,JAL3684,ASJ,FUK,18:20,19:40,奄美,福岡
2026-09-23,JAL3738,ASJ,KOJ,19:00,20:05,奄美,鹿児島
2026-09-23,JAL3890,AXJ,FUK,07:40,08:20,天草,福岡
2026-09-23,JAL3872,AXJ,KMJ,09:55,10:15,天草,熊本
2026-09-23,JAL3894,AXJ,FUK,15:45,16:25,天草,福岡
2026-09-23,JAL3898,AXJ,FUK,18:00,18:40,天草,福岡
2026-09-23,JAL162,AXT,HND,08:45,09:55,秋田,羽田
2026-09-23,JAL2172,AXT,ITM,09:45,11:10,秋田,伊丹
2026-09-23,JAL164,AXT,HND,12:10,13:20,秋田,羽田
2026-09-23,JAL2824,AXT,OKD,12:25,13:30,秋田,丘珠
2026-09-23,JAL2174,AXT,ITM,14:10,15:35,秋田,伊丹
2026-09-23,JAL166,AXT,HND,17:00,18:10,秋田,羽田
2026-09-23,JAL2176,AXT,ITM,18:15,19:40,秋田,伊丹
2026-09-23,JAL2826,AXT,OKD,18:45,19:50,秋田,丘珠
2026-09-23,JAL168,AXT,HND,20:50,22:00,秋田,羽田
2026-09-23,JAL2900,CTS,SDJ,07:35,08:40,新千歳,仙台
2026-09-23,JAL590,CTS,HND,07:35,09:10,新千歳,羽田
2026-09-23,JAL2713,CTS,MMB,07:40,08:25,新千歳,女満別
2026-09-23,JAL500,CTS,HND,07:40,09:20,新千歳,羽田
2026-09-23,JAL502,CTS,HND,08:50,10:25,新千歳,羽田
2026-09-23,JAL2000,CTS,ITM,09:00,10:50,新千歳,伊丹
2026-09-23,JAL2803,CTS,AOJ,09:40,10:25,新千歳,青森
2026-09-23,JAL504,CTS,HND,09:45,11:25,新千歳,羽田
2026-09-23,JAL3106,CTS,NGO,10:10,11:55,新千歳,中部国際
2026-09-23,JAL2831,CTS,HNA,10:15,11:10,新千歳,花巻
2026-09-23,JAL3510,CTS,FUK,10:30,12:55,新千歳,福岡
2026-09-23,JAL4483,CTS,KIJ,10:40,12:00,新千歳,新潟
2026-09-23,JAL506,CTS,HND,10:50,12:30,新千歳,羽田
2026-09-23,JAL2902,CTS,SDJ,11:00,12:10,新千歳,仙台
2026-09-23,JAL508,CTS,HND,11:25,13:05,新千歳,羽田
2026-09-23,JAL2504,CTS,KIX,11:50,14:05,新千歳,関西国際
2026-09-23,JAL2004,CTS,ITM,12:05,14:00,新千歳,伊丹
2026-09-23,JAL2715,CTS,MMB,12:30,13:15,新千歳,女満別
2026-09-23,JAL510,CTS,HND,12:45,14:30,新千歳,羽田
2026-09-23,JAL3512,CTS,FUK,13:30,15:55,新千歳,福岡
2026-09-23,JAL4324,CTS,FSZ,13:35,15:30,新千歳,静岡
2026-09-23,JAL2805,CTS,AOJ,13:40,14:25,新千歳,青森
2026-09-23,JAL512,CTS,HND,14:00,15:40,新千歳,羽田
2026-09-23,JAL4485,CTS,KIJ,14:05,15:25,新千歳,新潟
2026-09-23,JAL4491,CTS,GAJ,14:35,15:50,新千歳,山形
2026-09-23,JAL2904,CTS,SDJ,14:35,15:40,新千歳,仙台
2026-09-23,JAL3406,CTS,HIJ,15:00,17:05,新千歳,広島
2026-09-23,JAL3114,CTS,NGO,15:05,16:50,新千歳,中部国際
2026-09-23,JAL2008,CTS,ITM,15:05,17:00,新千歳,伊丹
2026-09-23,JAL514,CTS,HND,15:10,16:55,新千歳,羽田
2026-09-23,JAL4353,CTS,MMJ,15:40,17:15,新千歳,松本
2026-09-23,JAL2010,CTS,ITM,15:55,17:45,新千歳,伊丹
2026-09-23,JAL516,CTS,HND,16:05,17:45,新千歳,羽田
2026-09-23,JAL2719,CTS,MMB,16:10,16:50,新千歳,女満別
2026-09-23,JAL2839,CTS,HNA,16:30,17:25,新千歳,花巻
2026-09-23,JAL518,CTS,HND,17:00,18:45,新千歳,羽田
2026-09-23,JAL520,CTS,HND,17:15,18:55,新千歳,羽田
2026-09-23,JAL2016,CTS,ITM,17:45,19:40,新千歳,伊丹
2026-09-23,JAL2506,CTS,KIX,17:55,20:10,新千歳,関西国際
2026-09-23,JAL522,CTS,HND,18:00,19:45,新千歳,羽田
2026-09-23,JAL4472,CTS,FUK,18:05,20:55,新千歳,福岡
2026-09-23,JAL2809,CTS,AOJ,18:45,19:30,新千歳,青森
2026-09-23,JAL2906,CTS,SDJ,18:55,20:00,新千歳,仙台
2026-09-23,JAL524,CTS,HND,19:15,20:55,新千歳,羽田
2026-09-23,JAL2910,CTS,SDJ,19:45,20:50,新千歳,仙台
2026-09-23,JAL3118,CTS,NGO,19:55,21:40,新千歳,中部国際
2026-09-23,JAL526,CTS,HND,20:15,21:55,新千歳,羽田
2026-09-23,JAL528,CTS,HND,21:10,22:55,新千歳,羽田
2026-09-23,JAL530,CTS,HND,21:20,23:05,新千歳,羽田
2026-09-23,JAL4312,FSZ,FUK,08:10,09:50,静岡,福岡
2026-09-23,JAL4331,FSZ,OKD,08:55,10:40,静岡,丘珠
2026-09-23,JAL4323,FSZ,CTS,12:10,14:00,静岡,新千歳
2026-09-23,JAL4305,FSZ,KOJ,12:40,14:15,静岡,鹿児島
2026-09-23,JAL4314,FSZ,FUK,16:15,18:00,静岡,福岡
2026-09-23,JAL4316,FSZ,FUK,17:00,18:45,静岡,福岡
2026-09-23,JAL4094,FUJ,FUK,10:50,11:35,五島福江,福岡
2026-09-23,JAL4074,FUJ,NGS,13:40,14:10,五島福江,長崎
2026-09-23,JAL4098,FUJ,FUK,14:20,15:05,五島福江,福岡
2026-09-23,JAL4076,FUJ,NGS,15:45,16:15,五島福江,長崎
2026-09-23,JAL4078,FUJ,NGS,17:00,17:30,五島福江,長崎
2026-09-23,JAL4096,FUJ,FUK,17:55,18:40,五島福江,福岡
2026-09-23,JAL300,FUK,HND,07:00,08:45,福岡,羽田
2026-09-23,JAL3681,FUK,ASJ,07:05,08:15,福岡,奄美
2026-09-23,JAL3591,FUK,MYJ,07:10,07:55,福岡,松山
2026-09-23,JAL3551,FUK,IZO,07:15,08:25,福岡,出雲
2026-09-23,JAL3623,FUK,KMI,07:15,08:00,福岡,宮崎
2026-09-23,JTA051,FUK,OKA,07:15,08:50,福岡,那覇
2026-09-23,JAL302,FUK,HND,07:20,09:05,福岡,羽田
2026-09-23,JAL4471,FUK,CTS,07:45,10:05,福岡,新千歳
2026-09-23,JAL4079,FUK,TSJ,07:45,08:20,福岡,対馬
2026-09-23,JAL2050,FUK,ITM,07:50,08:55,福岡,伊丹
2026-09-23,JAL4341,FUK,MMJ,08:00,09:30,福岡,松本
2026-09-23,JAL304,FUK,HND,08:05,09:50,福岡,羽田
2026-09-23,JAL3891,FUK,AXJ,08:50,09:25,福岡,天草
2026-09-23,JAL4529,FUK,SDJ,08:55,10:45,福岡,仙台
2026-09-23,JAL3581,FUK,KCZ,09:00,09:55,福岡,高知
2026-09-23,JAL306,FUK,HND,09:10,10:55,福岡,羽田
2026-09-23,JAL4382,FUK,NKM,09:10,10:30,福岡,名古屋
2026-09-23,JTA053,FUK,OKA,09:30,11:15,福岡,那覇
2026-09-23,JAL3625,FUK,KMI,09:45,10:35,福岡,宮崎
2026-09-23,JAL3563,FUK,TKS,09:55,10:55,福岡,徳島
2026-09-23,JAL4313,FUK,FSZ,09:55,11:25,福岡,静岡
2026-09-23,JAL4081,FUK,TSJ,09:55,10:30,福岡,対馬
2026-09-23,JAL308,FUK,HND,10:00,11:45,福岡,羽田
2026-09-23,JAL4315,FUK,FSZ,10:25,11:55,福岡,静岡
2026-09-23,JAL310,FUK,HND,11:00,12:50,福岡,羽田
2026-09-23,JAL3627,FUK,KMI,11:40,12:30,福岡,宮崎
2026-09-23,JAL3513,FUK,CTS,11:50,14:10,福岡,新千歳
2026-09-23,JAL312,FUK,HND,11:55,13:40,福岡,羽田
2026-09-23,JAL3595,FUK,MYJ,11:55,12:40,福岡,松山
2026-09-23,JAL4095,FUK,FUJ,12:10,13:00,福岡,五島福江
2026-09-23,JAL3629,FUK,KMI,12:40,13:25,福岡,宮崎
2026-09-23,JAL314,FUK,HND,12:50,14:40,福岡,羽田
2026-09-23,JAL3653,FUK,KOJ,12:50,13:40,福岡,鹿児島
2026-09-23,JAL4525,FUK,HNA,12:55,14:50,福岡,花巻
2026-09-23,JTA057,FUK,OKA,12:55,14:40,福岡,那覇
2026-09-23,JAL3601,FUK,MYJ,13:30,14:15,福岡,松山
2026-09-23,JAL3673,FUK,KUM,13:50,15:00,福岡,屋久島
2026-09-23,JAL4345,FUK,MMJ,13:55,15:25,福岡,松本
2026-09-23,JAL316,FUK,HND,14:00,15:50,福岡,羽田
2026-09-23,JAL3515,FUK,CTS,14:15,16:30,福岡,新千歳
2026-09-23,JAL318,FUK,HND,14:30,16:25,福岡,羽田
2026-09-23,JAL3633,FUK,KMI,14:30,15:20,福岡,宮崎
2026-09-23,JAL4390,FUK,NKM,14:55,16:15,福岡,名古屋
2026-09-23,JAL2056,FUK,ITM,15:00,16:15,福岡,伊丹
2026-09-23,JAL4531,FUK,SDJ,15:25,17:15,福岡,仙台
2026-09-23,JAL3635,FUK,KMI,15:25,16:10,福岡,宮崎
2026-09-23,JAL4099,FUK,FUJ,15:40,16:30,福岡,五島福江
2026-09-23,JAL2058,FUK,ITM,15:50,17:00,福岡,伊丹
2026-09-23,JTA061,FUK,OKA,15:55,17:35,福岡,那覇
2026-09-23,JAL320,FUK,HND,16:00,17:50,福岡,羽田
2026-09-23,JAL3587,FUK,KCZ,16:10,17:00,福岡,高知
2026-09-23,JAL322,FUK,HND,16:30,18:20,福岡,羽田
2026-09-23,JAL4477,FUK,KIJ,16:35,18:15,福岡,新潟
2026-09-23,JAL4097,FUK,FUJ,16:40,17:25,福岡,五島福江
2026-09-23,JAL3895,FUK,AXJ,16:55,17:30,福岡,天草
2026-09-23,JAL324,FUK,HND,17:05,18:55,福岡,羽田
2026-09-23,JTA063,FUK,OKA,17:25,19:05,福岡,那覇
2026-09-23,JAL3555,FUK,IZO,17:35,18:45,福岡,出雲
2026-09-23,JAL3607,FUK,MYJ,17:40,18:25,福岡,松山
2026-09-23,JAL326,FUK,HND,18:15,20:05,福岡,羽田
2026-09-23,JAL3567,FUK,TKS,18:20,19:20,福岡,徳島
2026-09-23,JAL4317,FUK,FSZ,18:50,20:20,福岡,静岡
2026-09-23,JAL2060,FUK,ITM,19:00,20:20,福岡,伊丹
2026-09-23,JAL328,FUK,HND,19:10,20:55,福岡,羽田
2026-09-23,JAL3899,FUK,AXJ,19:10,19:45,福岡,天草
2026-09-23,JAL4392,FUK,NKM,19:15,20:35,福岡,名古屋
2026-09-23,JAL3639,FUK,KMI,19:15,20:00,福岡,宮崎
2026-09-23,JAL330,FUK,HND,20:00,21:45,福岡,羽田
2026-09-23,JAL4394,FUK,NKM,20:00,21:20,福岡,名古屋
2026-09-23,JTA065,FUK,OKA,20:55,22:30,福岡,那覇
2026-09-23,JAL332,FUK,HND,21:00,22:45,福岡,羽田
2026-09-23,JAL2234,GAJ,ITM,08:50,10:10,山形,伊丹
2026-09-23,JAL174,GAJ,HND,09:50,10:55,山形,羽田
2026-09-23,JAL4442,GAJ,NKM,10:40,11:50,山形,名古屋
2026-09-23,JAL4490,GAJ,CTS,13:55,15:05,山形,新千歳
2026-09-23,JAL2236,GAJ,ITM,14:50,16:10,山形,伊丹
2026-09-23,JAL4446,GAJ,NKM,16:20,17:30,山形,名古屋
2026-09-23,JAL2238,GAJ,ITM,18:05,19:20,山形,伊丹
2026-09-23,JAL178,GAJ,HND,19:10,20:15,山形,羽田
2026-09-23,JAL252,HIJ,HND,07:35,09:00,広島,羽田
2026-09-23,JAL254,HIJ,HND,09:25,10:50,広島,羽田
2026-09-23,JAL3403,HIJ,CTS,10:50,12:45,広島,新千歳
2026-09-23,JAL256,HIJ,HND,12:10,13:35,広島,羽田
2026-09-23,JAL258,HIJ,HND,13:45,15:10,広島,羽田
2026-09-23,JAL262,HIJ,HND,16:25,17:55,広島,羽田
2026-09-23,JAL264,HIJ,HND,18:10,19:40,広島,羽田
2026-09-23,JAL266,HIJ,HND,20:35,22:00,広島,羽田
2026-09-23,JAL2740,HKD,OKD,07:50,08:30,函館,丘珠
2026-09-23,JAL2742,HKD,OKD,08:45,09:25,函館,丘珠
2026-09-23,JAL584,HKD,HND,09:40,11:10,函館,羽田
2026-09-23,JAL2791,HKD,OIR,11:45,12:15,函館,奥尻
2026-09-23,JAL2124,HKD,ITM,13:10,14:50,函館,伊丹
2026-09-23,JAL2748,HKD,OKD,13:45,14:25,函館,丘珠
2026-09-23,JAL2750,HKD,OKD,14:00,14:40,函館,丘珠
2026-09-23,JAL586,HKD,HND,15:00,16:25,函館,羽田
2026-09-23,JAL2752,HKD,OKD,15:55,16:35,函館,丘珠
2026-09-23,JAL2756,HKD,OKD,19:15,19:55,函館,丘珠
2026-09-23,JAL588,HKD,HND,19:30,21:00,函館,羽田
2026-09-23,JAL4412,HNA,NKM,09:10,10:25,花巻,名古屋
2026-09-23,JAL2180,HNA,ITM,09:20,10:45,花巻,伊丹
2026-09-23,JAL2830,HNA,CTS,11:40,12:35,花巻,新千歳
2026-09-23,JAL2182,HNA,ITM,13:30,14:55,花巻,伊丹
2026-09-23,JAL4524,HNA,FUK,13:55,16:05,花巻,福岡
2026-09-23,JAL4416,HNA,NKM,15:20,16:35,花巻,名古屋
2026-09-23,JAL2186,HNA,ITM,15:25,16:50,花巻,伊丹
2026-09-23,JAL4418,HNA,NKM,17:40,18:55,花巻,名古屋
2026-09-23,JAL2838,HNA,CTS,17:55,18:55,花巻,新千歳
2026-09-23,JAL2190,HNA,ITM,18:40,20:15,花巻,伊丹
2026-09-23,JAL623,HND,KMJ,06:20,08:00,羽田,熊本
2026-09-23,JAL303,HND,FUK,06:25,08:10,羽田,福岡
2026-09-23,JAL641,HND,KOJ,06:25,08:05,羽田,鹿児島
2026-09-23,JAL101,HND,ITM,06:30,07:35,羽田,伊丹
2026-09-23,JAL901,HND,OKA,06:30,09:00,羽田,那覇
2026-09-23,JAL501,HND,CTS,06:35,08:05,羽田,新千歳
2026-09-23,JAL141,HND,AOJ,06:45,07:55,羽田,青森
2026-09-23,JAL431,HND,MYJ,06:50,08:15,羽田,松山
2026-09-23,JAL161,HND,AXT,07:00,08:05,羽田,秋田
2026-09-23,JAL453,HND,TKS,07:00,08:10,羽田,徳島
2026-09-23,JAL565,HND,MMB,07:05,08:45,羽田,女満別
2026-09-23,JAL305,HND,FUK,07:05,08:50,羽田,福岡
2026-09-23,JAL971,HND,ISG,07:05,09:55,羽田,新石垣
2026-09-23,JAL183,HND,KMQ,07:10,08:10,羽田,小松
2026-09-23,JAL277,HND,IZO,07:10,08:30,羽田,出雲
2026-09-23,JAL503,HND,CTS,07:15,08:45,羽田,新千歳
2026-09-23,JAL175,HND,GAJ,07:20,08:15,羽田,山形
2026-09-23,JAL221,HND,KIX,07:20,08:35,羽田,関西国際
2026-09-23,JAL903,HND,OKA,07:20,09:50,羽田,那覇
2026-09-23,JAL253,HND,HIJ,07:25,08:40,羽田,広島
2026-09-23,JAL585,HND,HKD,07:30,08:50,羽田,函館
2026-09-23,JAL103,HND,ITM,07:30,08:35,羽田,伊丹
2026-09-23,JAL491,HND,KCZ,07:30,08:50,羽田,高知
2026-09-23,JAL605,HND,NGS,07:30,09:15,羽田,長崎
2026-09-23,JAL551,HND,AKJ,07:35,09:10,羽田,旭川
2026-09-23,JAL541,HND,KUH,07:45,09:20,羽田,釧路
2026-09-23,JAL573,HND,OBO,07:45,09:15,羽田,帯広
2026-09-23,JAL213,HND,SHM,07:45,08:55,羽田,南紀白浜
2026-09-23,JAL475,HND,TAK,07:50,09:05,羽田,高松
2026-09-23,JAL291,HND,UBJ,08:00,09:40,羽田,山口宇部
2026-09-23,JAL307,HND,FUK,08:00,09:45,羽田,福岡
2026-09-23,JAL661,HND,OIT,08:00,09:35,羽田,大分
2026-09-23,JAL625,HND,KMJ,08:00,09:45,羽田,熊本
2026-09-23,JAL153,HND,MSJ,08:05,09:20,羽田,三沢
2026-09-23,JAL687,HND,KMI,08:05,09:45,羽田,宮崎
2026-09-23,JAL643,HND,KOJ,08:05,09:50,羽田,鹿児島
2026-09-23,JAL905,HND,OKA,08:05,10:40,羽田,那覇
2026-09-23,JAL201,HND,NGO,08:15,09:10,羽田,中部国際
2026-09-23,JAL231,HND,OKJ,08:15,09:30,羽田,岡山
2026-09-23,JAL373,HND,KKJ,08:15,09:50,羽田,北九州
2026-09-23,JAL505,HND,CTS,08:20,09:55,羽田,新千歳
2026-09-23,JAL107,HND,ITM,08:30,09:35,羽田,伊丹
2026-09-23,JAL907,HND,OKA,08:40,11:15,羽田,那覇
2026-09-23,JAL507,HND,CTS,08:50,10:25,羽田,新千歳
2026-09-23,JAL255,HND,HIJ,08:50,10:10,羽田,広島
2026-09-23,JAL309,HND,FUK,09:05,10:55,羽田,福岡
2026-09-23,JAL433,HND,MYJ,09:15,10:40,羽田,松山
2026-09-23,JAL493,HND,KCZ,09:15,10:35,羽田,高知
2026-09-23,JAL311,HND,FUK,09:15,11:05,羽田,福岡
2026-09-23,JAL185,HND,KMQ,09:30,10:35,羽田,小松
2026-09-23,JAL111,HND,ITM,09:35,10:40,羽田,伊丹
2026-09-23,JAL663,HND,OIT,09:35,11:10,羽田,大分
2026-09-23,JAL909,HND,OKA,09:40,12:15,羽田,那覇
2026-09-23,JAL509,HND,CTS,09:45,11:20,羽田,新千歳
2026-09-23,JAL279,HND,IZO,09:50,11:15,羽田,出雲
2026-09-23,JAL477,HND,TAK,09:50,11:05,羽田,高松
2026-09-23,JAL689,HND,KMI,09:55,11:35,羽田,宮崎
2026-09-23,JAL143,HND,AOJ,10:00,11:20,羽田,青森
2026-09-23,JAL313,HND,FUK,10:00,11:45,羽田,福岡
2026-09-23,JAL627,HND,KMJ,10:00,11:45,羽田,熊本
2026-09-23,JAL607,HND,NGS,10:05,11:55,羽田,長崎
2026-09-23,JAL645,HND,KOJ,10:05,11:50,羽田,鹿児島
2026-09-23,JAL257,HND,HIJ,10:10,11:30,羽田,広島
2026-09-23,JAL511,HND,CTS,10:15,11:50,羽田,新千歳
2026-09-23,JAL233,HND,OKJ,10:20,11:40,羽田,岡山
2026-09-23,JAL455,HND,TKS,10:25,11:40,羽田,徳島
2026-09-23,JAL163,HND,AXT,10:30,11:35,羽田,秋田
2026-09-23,JAL113,HND,ITM,10:30,11:35,羽田,伊丹
2026-09-23,JAL913,HND,OKA,10:35,13:10,羽田,那覇
2026-09-23,JAL933,HND,MMY,10:40,13:25,羽田,宮古
2026-09-23,JAL155,HND,MSJ,10:45,12:05,羽田,三沢
2026-09-23,JAL575,HND,OBO,11:00,12:35,羽田,帯広
2026-09-23,JAL315,HND,FUK,11:00,12:50,羽田,福岡
2026-09-23,JAL479,HND,TAK,11:05,12:25,羽田,高松
2026-09-23,JAL553,HND,AKJ,11:10,12:50,羽田,旭川
2026-09-23,JAL513,HND,CTS,11:25,13:05,羽田,新千歳
2026-09-23,JAL629,HND,KMJ,11:25,13:10,羽田,熊本
2026-09-23,JAL659,HND,ASJ,11:25,13:35,羽田,奄美
2026-09-23,JAL115,HND,ITM,11:30,12:35,羽田,伊丹
2026-09-23,JAL215,HND,SHM,11:30,12:40,羽田,南紀白浜
2026-09-23,JAL987,HND,OKA,11:30,14:05,羽田,那覇
2026-09-23,JAL259,HND,HIJ,11:40,13:05,羽田,広島
2026-09-23,JAL691,HND,KMI,11:40,13:25,羽田,宮崎
2026-09-23,JAL317,HND,FUK,11:55,13:45,羽田,福岡
2026-09-23,JAL915,HND,OKA,11:55,14:30,羽田,那覇
2026-09-23,JAL647,HND,KOJ,12:00,13:45,羽田,鹿児島
2026-09-23,JAL665,HND,OIT,12:05,13:40,羽田,大分
2026-09-23,JAL435,HND,MYJ,12:10,13:35,羽田,松山
2026-09-23,JAL543,HND,KUH,12:15,13:50,羽田,釧路
2026-09-23,JAL567,HND,MMB,12:25,14:10,羽田,女満別
2026-09-23,JAL117,HND,ITM,12:30,13:35,羽田,伊丹
2026-09-23,JAL609,HND,NGS,12:30,14:20,羽田,長崎
2026-09-23,JAL225,HND,KIX,12:35,14:00,羽田,関西国際
2026-09-23,JAL515,HND,CTS,12:40,14:15,羽田,新千歳
2026-09-23,JAL459,HND,TKS,12:40,14:00,羽田,徳島
2026-09-23,JAL293,HND,UBJ,12:45,14:20,羽田,山口宇部
2026-09-23,JAL587,HND,HKD,12:50,14:10,羽田,函館
2026-09-23,JAL631,HND,KMJ,12:50,14:35,羽田,熊本
2026-09-23,JAL319,HND,FUK,12:55,14:40,羽田,福岡
2026-09-23,JAL481,HND,TAK,13:00,14:15,羽田,高松
2026-09-23,JAL187,HND,KMQ,13:05,14:10,羽田,小松
2026-09-23,JAL145,HND,AOJ,13:15,14:30,羽田,青森
2026-09-23,JAL517,HND,CTS,13:30,15:05,羽田,新千歳
2026-09-23,JAL119,HND,ITM,13:30,14:35,羽田,伊丹
2026-09-23,JAL611,HND,NGS,13:30,15:20,羽田,長崎
2026-09-23,JAL375,HND,KKJ,13:40,15:15,羽田,北九州
2026-09-23,JAL321,HND,FUK,13:45,15:30,羽田,福岡
2026-09-23,JAL577,HND,OBO,13:50,15:25,羽田,帯広
2026-09-23,JAL917,HND,OKA,13:55,16:25,羽田,那覇
2026-09-23,JAL555,HND,AKJ,14:05,15:40,羽田,旭川
2026-09-23,JAL495,HND,KCZ,14:05,15:25,羽田,高知
2026-09-23,JAL263,HND,HIJ,14:15,15:40,羽田,広島
2026-09-23,JAL649,HND,KOJ,14:15,15:55,羽田,鹿児島
2026-09-23,JAL693,HND,KMI,14:20,16:00,羽田,宮崎
2026-09-23,JAL519,HND,CTS,14:25,16:00,羽田,新千歳
2026-09-23,JAL237,HND,OKJ,14:30,15:45,羽田,岡山
2026-09-23,JAL121,HND,ITM,14:35,15:40,羽田,伊丹
2026-09-23,JAL633,HND,KMJ,14:40,16:20,羽田,熊本
2026-09-23,JAL165,HND,AXT,14:50,15:55,羽田,秋田
2026-09-23,JAL973,HND,ISG,14:50,17:40,羽田,新石垣
2026-09-23,JAL157,HND,MSJ,14:55,16:10,羽田,三沢
2026-09-23,JAL125,HND,ITM,14:55,16:00,羽田,伊丹
2026-09-23,JAL283,HND,IZO,14:55,16:15,羽田,出雲
2026-09-23,JAL667,HND,OIT,15:05,16:40,羽田,大分
2026-09-23,JAL483,HND,TAK,15:10,16:30,羽田,高松
2026-09-23,JAL919,HND,OKA,15:10,17:40,羽田,那覇
2026-09-23,JAL521,HND,CTS,15:25,17:00,羽田,新千歳
2026-09-23,JAL323,HND,FUK,15:25,17:15,羽田,福岡
2026-09-23,JAL437,HND,MYJ,15:30,16:55,羽田,松山
2026-09-23,JAL461,HND,TKS,15:40,16:55,羽田,徳島
2026-09-23,JAL325,HND,FUK,15:55,17:50,羽田,福岡
2026-09-23,JAL921,HND,OKA,15:55,18:25,羽田,那覇
2026-09-23,JAL147,HND,AOJ,16:00,17:10,羽田,青森
2026-09-23,JAL695,HND,KMI,16:25,18:00,羽田,宮崎
2026-09-23,JAL127,HND,ITM,16:30,17:35,羽田,伊丹
2026-09-23,JAL219,HND,SHM,16:30,17:40,羽田,南紀白浜
2026-09-23,JAL651,HND,KOJ,16:30,18:10,羽田,鹿児島
2026-09-23,JAL523,HND,CTS,16:40,18:20,羽田,新千歳
2026-09-23,JAL669,HND,OIT,16:40,18:15,羽田,大分
2026-09-23,JAL295,HND,UBJ,16:45,18:20,羽田,山口宇部
2026-09-23,JAL189,HND,KMQ,16:50,17:55,羽田,小松
2026-09-23,JAL285,HND,IZO,16:55,18:25,羽田,出雲
2026-09-23,JAL439,HND,MYJ,16:55,18:20,羽田,松山
2026-09-23,JAL497,HND,KCZ,16:55,18:15,羽田,高知
2026-09-23,JAL923,HND,OKA,16:55,19:30,羽田,那覇
2026-09-23,JAL327,HND,FUK,17:00,19:00,羽田,福岡
2026-09-23,JAL159,HND,MSJ,17:05,18:30,羽田,三沢
2026-09-23,JAL589,HND,HKD,17:10,18:35,羽田,函館
2026-09-23,JAL569,HND,MMB,17:15,19:10,羽田,女満別
2026-09-23,JAL545,HND,KUH,17:15,19:05,羽田,釧路
2026-09-23,JAL557,HND,AKJ,17:30,19:15,羽田,旭川
2026-09-23,JAL179,HND,GAJ,17:30,18:35,羽田,山形
2026-09-23,JAL239,HND,OKJ,17:30,18:45,羽田,岡山
2026-09-23,JAL525,HND,CTS,17:35,19:15,羽田,新千歳
2026-09-23,JAL579,HND,OBO,17:35,19:20,羽田,帯広
2026-09-23,JAL131,HND,ITM,17:35,18:40,羽田,伊丹
2026-09-23,JAL637,HND,KMJ,17:35,19:20,羽田,熊本
2026-09-23,JAL613,HND,NGS,17:45,19:40,羽田,長崎
2026-09-23,JAL329,HND,FUK,17:55,19:50,羽田,福岡
2026-09-23,JAL653,HND,KOJ,17:55,19:40,羽田,鹿児島
2026-09-23,JAL133,HND,ITM,18:00,19:10,羽田,伊丹
2026-09-23,JAL287,HND,IZO,18:15,19:45,羽田,出雲
2026-09-23,JAL265,HND,HIJ,18:20,19:45,羽田,広島
2026-09-23,JAL463,HND,TKS,18:20,19:35,羽田,徳島
2026-09-23,JAL377,HND,KKJ,18:25,20:00,羽田,北九州
2026-09-23,JAL527,HND,CTS,18:40,20:15,羽田,新千歳
2026-09-23,JAL149,HND,AOJ,18:40,19:55,羽田,青森
2026-09-23,JAL137,HND,ITM,18:40,19:50,羽田,伊丹
2026-09-23,JAL485,HND,TAK,18:40,19:55,羽田,高松
2026-09-23,JAL191,HND,KMQ,18:45,19:50,羽田,小松
2026-09-23,JAL331,HND,FUK,18:45,20:35,羽田,福岡
2026-09-23,JAL499,HND,KCZ,18:55,20:15,羽田,高知
2026-09-23,JAL697,HND,KMI,18:55,20:35,羽田,宮崎
2026-09-23,JAL297,HND,UBJ,19:00,20:35,羽田,山口宇部
2026-09-23,JAL167,HND,AXT,19:10,20:15,羽田,秋田
2026-09-23,JAL139,HND,ITM,19:10,20:30,羽田,伊丹
2026-09-23,JAL639,HND,KMJ,19:10,20:55,羽田,熊本
2026-09-23,JAL333,HND,FUK,19:15,21:05,羽田,福岡
2026-09-23,JAL655,HND,KOJ,19:25,21:05,羽田,鹿児島
2026-09-23,JAL615,HND,NGS,19:30,21:20,羽田,長崎
2026-09-23,JAL335,HND,FUK,19:35,21:30,羽田,福岡
2026-09-23,JAL241,HND,OKJ,19:40,20:55,羽田,岡山
2026-09-23,JAL443,HND,MYJ,19:45,21:10,羽田,松山
2026-09-23,JAL465,HND,TKS,19:45,20:55,羽田,徳島
2026-09-23,JAL151,HND,AOJ,19:50,21:05,羽田,青森
2026-09-23,JAL529,HND,CTS,19:55,21:30,羽田,新千歳
2026-09-23,JAL209,HND,NGO,19:55,20:55,羽田,中部国際
2026-09-23,JAL267,HND,HIJ,19:55,21:20,羽田,広島
2026-09-23,JAL925,HND,OKA,20:05,22:30,羽田,那覇
2026-09-23,JAL487,HND,TAK,20:15,21:30,羽田,高松
2026-09-23,JAL671,HND,OIT,20:15,21:45,羽田,大分
2026-09-23,JAL599,HND,CTS,20:30,22:05,羽田,新千歳
2026-09-23,JAL193,HND,KMQ,20:40,21:40,羽田,小松
2026-09-23,JAL229,HND,KIX,20:40,21:55,羽田,関西国際
2026-09-23,JAL531,HND,CTS,20:45,22:20,羽田,新千歳
2026-09-23,JAL4042,IKI,NGS,09:55,10:25,壱岐,長崎
2026-09-23,JAL4044,IKI,NGS,17:50,18:20,壱岐,長崎
2026-09-23,JTA600,ISG,OKA,08:55,10:00,新石垣,那覇
2026-09-23,RAC741,ISG,OGN,09:55,10:25,新石垣,与那国
2026-09-23,JAL972,ISG,HND,11:10,14:05,新石垣,羽田
2026-09-23,JTA608,ISG,OKA,11:15,12:20,新石垣,那覇
2026-09-23,RAC743,ISG,OGN,12:35,13:05,新石垣,与那国
2026-09-23,JTA612,ISG,OKA,13:00,14:05,新石垣,那覇
2026-09-23,JTA614,ISG,OKA,14:00,15:00,新石垣,那覇
2026-09-23,RAC834,ISG,MMY,14:45,15:15,新石垣,宮古
2026-09-23,JTA622,ISG,OKA,16:25,17:25,新石垣,那覇
2026-09-23,RAC747,ISG,OGN,17:50,18:20,新石垣,与那国
2026-09-23,JTA626,ISG,OKA,18:40,19:45,新石垣,那覇
2026-09-23,RAC838,ISG,MMY,19:00,19:30,新石垣,宮古
2026-09-23,JAL974,ISG,HND,19:15,22:10,新石垣,羽田
2026-09-23,JTA086,ISG,KIX,19:50,22:15,新石垣,関西国際
2026-09-23,JAL102,ITM,HND,07:05,08:15,伊丹,羽田
2026-09-23,JAL2371,ITM,NGS,07:05,08:15,伊丹,長崎
2026-09-23,JAL2401,ITM,KOJ,07:05,08:15,伊丹,鹿児島
2026-09-23,JAL2241,ITM,KIJ,07:10,08:15,伊丹,新潟
2026-09-23,JAL2345,ITM,IZO,07:10,08:00,伊丹,出雲
2026-09-23,JAL2431,ITM,KMI,07:10,08:15,伊丹,宮崎
2026-09-23,JAL2051,ITM,FUK,07:15,08:25,伊丹,福岡
2026-09-23,JAL2361,ITM,OIT,07:15,08:15,伊丹,大分
2026-09-23,JAL2201,ITM,SDJ,07:20,08:35,伊丹,仙台
2026-09-23,JAL2181,ITM,HNA,07:25,08:50,伊丹,花巻
2026-09-23,JAL104,ITM,HND,07:25,08:40,伊丹,羽田
2026-09-23,JAL2383,ITM,KMJ,07:30,08:40,伊丹,熊本
2026-09-23,JAL2001,ITM,CTS,07:40,09:30,伊丹,新千歳
2026-09-23,JAL2151,ITM,AOJ,07:45,09:15,伊丹,青森
2026-09-23,JAL2171,ITM,AXT,07:55,09:10,伊丹,秋田
2026-09-23,JAL2233,ITM,GAJ,08:00,09:15,伊丹,山形
2026-09-23,JAL2081,ITM,OKA,08:20,10:25,伊丹,那覇
2026-09-23,JAL106,ITM,HND,08:25,09:35,伊丹,羽田
2026-09-23,JAL2323,ITM,TJH,09:00,09:40,伊丹,但馬
2026-09-23,JAL2161,ITM,MSJ,09:15,10:45,伊丹,三沢
2026-09-23,JAL110,ITM,HND,09:20,10:35,伊丹,羽田
2026-09-23,JAL2405,ITM,KOJ,09:20,10:30,伊丹,鹿児島
2026-09-23,JAL2203,ITM,SDJ,09:30,10:45,伊丹,仙台
2026-09-23,JAL2301,ITM,MYJ,09:30,10:15,伊丹,松山
2026-09-23,JAL2465,ITM,ASJ,09:35,11:10,伊丹,奄美
2026-09-23,JAL2053,ITM,FUK,09:50,11:00,伊丹,福岡
2026-09-23,JAL2365,ITM,OIT,10:10,11:05,伊丹,大分
2026-09-23,JAL2351,ITM,IZO,10:20,11:10,伊丹,出雲
2026-09-23,JAL2385,ITM,KMJ,10:20,11:25,伊丹,熊本
2026-09-23,JAL112,ITM,HND,10:25,11:35,伊丹,羽田
2026-09-23,JAL2243,ITM,KIJ,10:35,11:35,伊丹,新潟
2026-09-23,JAL2433,ITM,KMI,10:35,11:35,伊丹,宮崎
2026-09-23,JAL2123,ITM,HKD,11:00,12:35,伊丹,函館
2026-09-23,JAL2205,ITM,SDJ,11:00,12:15,伊丹,仙台
2026-09-23,JAL2407,ITM,KOJ,11:05,12:15,伊丹,鹿児島
2026-09-23,JAL2373,ITM,NGS,11:20,12:30,伊丹,長崎
2026-09-23,JAL114,ITM,HND,11:25,12:40,伊丹,羽田
2026-09-23,JAL2451,ITM,KUM,11:25,13:10,伊丹,屋久島
2026-09-23,JAL2005,ITM,CTS,11:45,13:35,伊丹,新千歳
2026-09-23,JAL2183,ITM,HNA,11:45,13:00,伊丹,花巻
2026-09-23,JAL2153,ITM,AOJ,12:00,13:25,伊丹,青森
2026-09-23,JAL2173,ITM,AXT,12:20,13:35,伊丹,秋田
2026-09-23,JAL116,ITM,HND,12:25,13:40,伊丹,羽田
2026-09-23,JAL2007,ITM,CTS,12:45,14:30,伊丹,新千歳
2026-09-23,JAL3881,ITM,KMJ,12:50,14:20,伊丹,熊本
2026-09-23,JAL2375,ITM,NGS,13:00,14:15,伊丹,長崎
2026-09-23,JAL2235,ITM,GAJ,13:10,14:20,伊丹,山形
2026-09-23,JAL2057,ITM,FUK,13:10,14:20,伊丹,福岡
2026-09-23,JAL118,ITM,HND,13:25,14:40,伊丹,羽田
2026-09-23,JAL2185,ITM,HNA,13:35,14:55,伊丹,花巻
2026-09-23,JAL2331,ITM,OKI,13:45,14:35,伊丹,隠岐
2026-09-23,JAL2207,ITM,SDJ,13:50,15:00,伊丹,仙台
2026-09-23,JAL2387,ITM,KMJ,13:50,14:55,伊丹,熊本
2026-09-23,JAL120,ITM,HND,14:20,15:35,伊丹,羽田
2026-09-23,JAL2247,ITM,KIJ,14:30,15:30,伊丹,新潟
2026-09-23,JAL3006,ITM,NRT,14:35,16:00,伊丹,成田
2026-09-23,JAL2355,ITM,IZO,14:35,15:25,伊丹,出雲
2026-09-23,JAL2087,ITM,OKA,14:50,16:50,伊丹,那覇
2026-09-23,JAL2009,ITM,CTS,15:15,17:00,伊丹,新千歳
2026-09-23,JAL2409,ITM,KOJ,15:15,16:20,伊丹,鹿児島
2026-09-23,JAL2209,ITM,SDJ,15:30,16:45,伊丹,仙台
2026-09-23,JAL124,ITM,HND,15:35,17:00,伊丹,羽田
2026-09-23,JAL2163,ITM,MSJ,15:40,17:10,伊丹,三沢
2026-09-23,JAL2411,ITM,KOJ,16:15,17:25,伊丹,鹿児島
2026-09-23,JAL2237,ITM,GAJ,16:25,17:35,伊丹,山形
2026-09-23,JAL2179,ITM,AXT,16:30,17:45,伊丹,秋田
2026-09-23,JAL126,ITM,HND,16:30,17:50,伊丹,羽田
2026-09-23,JAL2309,ITM,MYJ,16:30,17:15,伊丹,松山
2026-09-23,JAL2439,ITM,KMI,16:30,17:35,伊丹,宮崎
2026-09-23,JAL2187,ITM,HNA,16:45,18:10,伊丹,花巻
2026-09-23,JAL2157,ITM,AOJ,16:50,18:15,伊丹,青森
2026-09-23,JAL128,ITM,HND,16:50,18:10,伊丹,羽田
2026-09-23,JAL2325,ITM,TJH,16:55,17:30,伊丹,但馬
2026-09-23,JAL2213,ITM,SDJ,17:10,18:25,伊丹,仙台
2026-09-23,JAL2377,ITM,NGS,17:20,18:35,伊丹,長崎
2026-09-23,JAL2389,ITM,KMJ,17:25,18:30,伊丹,熊本
2026-09-23,JAL2415,ITM,KOJ,17:25,18:35,伊丹,鹿児島
2026-09-23,JAL2443,ITM,KMI,17:30,18:35,伊丹,宮崎
2026-09-23,JAL2251,ITM,KIJ,17:35,18:40,伊丹,新潟
2026-09-23,JAL2367,ITM,OIT,17:40,18:35,伊丹,大分
2026-09-23,JAL2357,ITM,IZO,18:05,18:55,伊丹,出雲
2026-09-23,JAL130,ITM,HND,18:25,19:40,伊丹,羽田
2026-09-23,JAL2019,ITM,CTS,18:40,20:25,伊丹,新千歳
2026-09-23,JAL134,ITM,HND,19:35,20:50,伊丹,羽田
2026-09-23,JAL2217,ITM,SDJ,19:50,21:05,伊丹,仙台
2026-09-23,JAL2061,ITM,FUK,19:55,21:10,伊丹,福岡
2026-09-23,JAL2445,ITM,KMI,19:55,21:00,伊丹,宮崎
2026-09-23,JAL138,ITM,HND,20:05,21:20,伊丹,羽田
2026-09-23,JAL2419,ITM,KOJ,20:05,21:15,伊丹,鹿児島
2026-09-23,JAL276,IZO,HND,07:35,09:00,出雲,羽田
2026-09-23,JAL2344,IZO,ITM,08:30,09:15,出雲,伊丹
2026-09-23,JAL4462,IZO,NKM,08:45,09:45,出雲,名古屋
2026-09-23,JAL3433,IZO,OKI,09:00,09:30,出雲,隠岐
2026-09-23,JAL278,IZO,HND,09:15,10:35,出雲,羽田
2026-09-23,JAL3550,IZO,FUK,11:00,12:10,出雲,福岡
2026-09-23,JAL2346,IZO,ITM,11:40,12:25,出雲,伊丹
2026-09-23,JAL280,IZO,HND,11:55,13:20,出雲,羽田
2026-09-23,JAL4464,IZO,NKM,12:30,13:30,出雲,名古屋
2026-09-23,JAL2356,IZO,ITM,16:00,16:45,出雲,伊丹
2026-09-23,JAL284,IZO,HND,17:15,18:50,出雲,羽田
2026-09-23,JAL4468,IZO,NKM,18:35,19:35,出雲,名古屋
2026-09-23,JAL286,IZO,HND,19:10,20:35,出雲,羽田
2026-09-23,JAL3554,IZO,FUK,19:15,20:25,出雲,福岡
2026-09-23,JAL2358,IZO,ITM,19:30,20:20,出雲,伊丹
2026-09-23,JAL490,KCZ,HND,07:10,08:30,高知,羽田
2026-09-23,JAL4512,KCZ,NGO,09:15,10:15,高知,中部国際
2026-09-23,JAL492,KCZ,HND,09:35,11:00,高知,羽田
2026-09-23,JAL3582,KCZ,FUK,10:25,11:25,高知,福岡
2026-09-23,JAL494,KCZ,HND,11:15,12:40,高知,羽田
2026-09-23,JAL4376,KCZ,NKM,15:55,16:55,高知,名古屋
2026-09-23,JAL496,KCZ,HND,16:15,17:45,高知,羽田
2026-09-23,JAL3588,KCZ,FUK,17:30,18:25,高知,福岡
2026-09-23,JAL498,KCZ,HND,19:00,20:25,高知,羽田
2026-09-23,JAL4378,KCZ,NKM,19:50,20:50,高知,名古屋
2026-09-23,JAL2240,KIJ,ITM,08:45,09:50,新潟,伊丹
2026-09-23,JAL4484,KIJ,CTS,11:45,13:00,新潟,新千歳
2026-09-23,JAL2244,KIJ,ITM,12:10,13:15,新潟,伊丹
2026-09-23,JAL4476,KIJ,FUK,12:30,14:20,新潟,福岡
2026-09-23,JAL2246,KIJ,ITM,16:00,17:05,新潟,伊丹
2026-09-23,JAL4486,KIJ,CTS,16:15,17:30,新潟,新千歳
2026-09-23,JAL4436,KIJ,NKM,18:45,19:45,新潟,名古屋
2026-09-23,JAL2250,KIJ,ITM,19:10,20:30,新潟,伊丹
2026-09-23,JAL220,KIX,HND,06:40,07:50,関西国際,羽田
2026-09-23,JTA121,KIX,MMY,07:40,09:55,関西国際,宮古
2026-09-23,JTA001,KIX,OKA,08:20,10:25,関西国際,那覇
2026-09-23,JAL2501,KIX,CTS,09:15,11:10,関西国際,新千歳
2026-09-23,JTA083,KIX,ISG,09:50,12:20,関西国際,新石垣
2026-09-23,JTA005,KIX,OKA,14:05,16:10,関西国際,那覇
2026-09-23,JAL224,KIX,HND,14:45,16:05,関西国際,羽田
2026-09-23,JAL2505,KIX,CTS,15:10,17:05,関西国際,新千歳
2026-09-23,JTA009,KIX,OKA,20:25,22:30,関西国際,那覇
2026-09-23,JAL228,KIX,HND,21:10,22:30,関西国際,羽田
2026-09-23,JAL374,KKJ,HND,10:35,12:10,北九州,羽田
2026-09-23,JAL376,KKJ,HND,15:55,17:40,北九州,羽田
2026-09-23,JAL378,KKJ,HND,20:45,22:20,北九州,羽田
2026-09-23,JAL3780,KKX,KOJ,09:20,10:25,喜界,鹿児島
2026-09-23,JAL3830,KKX,ASJ,10:15,10:35,喜界,奄美
2026-09-23,JAL3786,KKX,KOJ,15:15,16:20,喜界,鹿児島
2026-09-23,JAL3836,KKX,ASJ,16:30,16:50,喜界,奄美
2026-09-23,JAL688,KMI,HND,07:35,09:20,宮崎,羽田
2026-09-23,JAL2430,KMI,ITM,07:35,08:40,宮崎,伊丹
2026-09-23,JAL3624,KMI,FUK,08:30,09:20,宮崎,福岡
2026-09-23,JAL2432,KMI,ITM,08:45,09:50,宮崎,伊丹
2026-09-23,JAL690,KMI,HND,10:30,12:10,宮崎,羽田
2026-09-23,JAL3626,KMI,FUK,11:05,11:55,宮崎,福岡
2026-09-23,JAL692,KMI,HND,12:10,13:55,宮崎,羽田
2026-09-23,JAL2434,KMI,ITM,12:10,13:15,宮崎,伊丹
2026-09-23,JAL3628,KMI,FUK,13:00,13:55,宮崎,福岡
2026-09-23,JAL694,KMI,HND,14:00,15:45,宮崎,羽田
2026-09-23,JAL3630,KMI,FUK,14:00,14:55,宮崎,福岡
2026-09-23,JAL3634,KMI,FUK,15:50,16:40,宮崎,福岡
2026-09-23,JAL696,KMI,HND,16:50,18:35,宮崎,羽田
2026-09-23,JAL3636,KMI,FUK,16:50,17:45,宮崎,福岡
2026-09-23,JAL2440,KMI,ITM,18:05,19:20,宮崎,伊丹
2026-09-23,JAL698,KMI,HND,18:45,20:30,宮崎,羽田
2026-09-23,JAL2444,KMI,ITM,19:05,20:20,宮崎,伊丹
2026-09-23,JAL3642,KMI,FUK,20:35,21:30,宮崎,福岡
2026-09-23,JAL622,KMJ,HND,07:35,09:20,熊本,羽田
2026-09-23,JAL624,KMJ,HND,08:40,10:20,熊本,羽田
2026-09-23,JAL2382,KMJ,ITM,09:15,10:20,熊本,伊丹
2026-09-23,JAL4400,KMJ,NKM,09:45,11:05,熊本,名古屋
2026-09-23,JAL626,KMJ,HND,10:20,12:05,熊本,羽田
2026-09-23,JAL3880,KMJ,ITM,10:45,12:10,熊本,伊丹
2026-09-23,JAL2386,KMJ,ITM,12:00,13:05,熊本,伊丹
2026-09-23,JAL628,KMJ,HND,12:25,14:10,熊本,羽田
2026-09-23,JAL4534,KMJ,NGO,12:40,14:00,熊本,中部国際
2026-09-23,JAL630,KMJ,HND,13:50,15:35,熊本,羽田
2026-09-23,JAL3873,KMJ,AXJ,14:50,15:15,熊本,天草
2026-09-23,JAL632,KMJ,HND,15:20,17:10,熊本,羽田
2026-09-23,JAL2388,KMJ,ITM,15:30,16:35,熊本,伊丹
2026-09-23,JAL4536,KMJ,NGO,16:30,17:50,熊本,中部国際
2026-09-23,JAL634,KMJ,HND,17:20,19:05,熊本,羽田
2026-09-23,JAL2392,KMJ,ITM,19:00,20:20,熊本,伊丹
2026-09-23,JAL4408,KMJ,NKM,20:00,21:20,熊本,名古屋
2026-09-23,JAL638,KMJ,HND,20:05,21:45,熊本,羽田
2026-09-23,JAL182,KMQ,HND,07:35,08:50,小松,羽田
2026-09-23,JAL184,KMQ,HND,08:50,10:00,小松,羽田
2026-09-23,JAL186,KMQ,HND,11:15,12:25,小松,羽田
2026-09-23,JTA037,KMQ,OKA,14:05,16:25,小松,那覇
2026-09-23,JAL188,KMQ,HND,14:50,16:10,小松,羽田
2026-09-23,JAL190,KMQ,HND,18:40,19:55,小松,羽田
2026-09-23,JAL192,KMQ,HND,20:30,21:40,小松,羽田
2026-09-23,JAL3801,KOJ,OKE,07:20,08:45,鹿児島,沖永良部
2026-09-23,JAL640,KOJ,HND,07:30,09:15,鹿児島,羽田
2026-09-23,JAL2400,KOJ,ITM,07:35,08:45,鹿児島,伊丹
2026-09-23,JAL3783,KOJ,KKX,07:35,08:50,鹿児島,喜界
2026-09-23,JAL3721,KOJ,ASJ,07:40,08:55,鹿児島,奄美
2026-09-23,JAL3791,KOJ,TKN,07:50,09:10,鹿児島,徳之島
2026-09-23,JAL3761,KOJ,TNE,08:10,08:50,鹿児島,種子島
2026-09-23,JAL3741,KOJ,KUM,08:40,09:20,鹿児島,屋久島
2026-09-23,JAL642,KOJ,HND,08:50,10:35,鹿児島,羽田
2026-09-23,JAL2402,KOJ,ITM,08:50,10:00,鹿児島,伊丹
2026-09-23,JAL3793,KOJ,TKN,08:55,09:55,鹿児島,徳之島
2026-09-23,JAL3727,KOJ,ASJ,10:15,11:10,鹿児島,奄美
2026-09-23,JAL3743,KOJ,KUM,10:30,11:10,鹿児島,屋久島
2026-09-23,JAL644,KOJ,HND,10:55,12:40,鹿児島,羽田
2026-09-23,JAL2406,KOJ,ITM,11:00,12:10,鹿児島,伊丹
2026-09-23,JAL3763,KOJ,TNE,11:00,11:40,鹿児島,種子島
2026-09-23,JAL3825,KOJ,RNJ,11:10,12:45,鹿児島,与論
2026-09-23,JAL3729,KOJ,ASJ,11:55,12:50,鹿児島,奄美
2026-09-23,JAL3654,KOJ,FUK,12:05,13:05,鹿児島,福岡
2026-09-23,JAL646,KOJ,HND,12:50,14:35,鹿児島,羽田
2026-09-23,JAL2408,KOJ,ITM,12:50,14:00,鹿児島,伊丹
2026-09-23,JAL3795,KOJ,TKN,13:00,14:25,鹿児島,徳之島
2026-09-23,JAL3731,KOJ,ASJ,13:10,14:05,鹿児島,奄美
2026-09-23,JAL3745,KOJ,KUM,13:25,14:05,鹿児島,屋久島
2026-09-23,JAL3785,KOJ,KKX,13:30,14:45,鹿児島,喜界
2026-09-23,JAL648,KOJ,HND,14:35,16:30,鹿児島,羽田
2026-09-23,JAL2410,KOJ,ITM,14:45,15:55,鹿児島,伊丹
2026-09-23,JAL3809,KOJ,OKE,14:55,16:20,鹿児島,沖永良部
2026-09-23,JAL4306,KOJ,FSZ,15:00,16:30,鹿児島,静岡
2026-09-23,JAL3753,KOJ,KUM,15:25,16:05,鹿児島,屋久島
2026-09-23,JAL3797,KOJ,TKN,16:05,17:05,鹿児島,徳之島
2026-09-23,JAL650,KOJ,HND,16:45,18:35,鹿児島,羽田
2026-09-23,JAL3777,KOJ,TNE,16:50,17:30,鹿児島,種子島
2026-09-23,JAL3735,KOJ,ASJ,16:55,17:50,鹿児島,奄美
2026-09-23,JAL3737,KOJ,ASJ,17:15,18:30,鹿児島,奄美
2026-09-23,JAL3759,KOJ,KUM,17:50,18:30,鹿児島,屋久島
2026-09-23,JAL2412,KOJ,ITM,18:05,19:15,鹿児島,伊丹
2026-09-23,JAL3687,KOJ,MYJ,18:50,19:50,鹿児島,松山
2026-09-23,JAL652,KOJ,HND,19:05,20:50,鹿児島,羽田
2026-09-23,JAL2414,KOJ,ITM,19:10,20:30,鹿児島,伊丹
2026-09-23,JAL654,KOJ,HND,20:35,22:25,鹿児島,羽田
2026-09-23,RAC842,KTD,OKA,12:50,13:55,北大東,那覇
2026-09-23,JAL2762,KUH,OKD,09:15,10:05,釧路,丘珠
2026-09-23,JAL540,KUH,HND,10:00,11:45,釧路,羽田
2026-09-23,JAL542,KUH,HND,14:50,16:35,釧路,羽田
2026-09-23,JAL2766,KUH,OKD,15:25,16:15,釧路,丘珠
2026-09-23,JAL2768,KUH,OKD,18:00,18:50,釧路,丘珠
2026-09-23,JAL544,KUH,HND,19:50,21:35,釧路,羽田
2026-09-23,JAL3740,KUM,KOJ,09:55,10:30,屋久島,鹿児島
2026-09-23,JAL3744,KUM,KOJ,11:45,12:20,屋久島,鹿児島
2026-09-23,JAL3746,KUM,KOJ,13:40,14:15,屋久島,鹿児島
2026-09-23,JAL2450,KUM,ITM,14:35,16:15,屋久島,伊丹
2026-09-23,JAL3676,KUM,FUK,15:30,16:45,屋久島,福岡
2026-09-23,JAL3750,KUM,KOJ,16:35,17:10,屋久島,鹿児島
2026-09-23,JAL3756,KUM,KOJ,19:00,19:35,屋久島,鹿児島
2026-09-23,JAL2710,MMB,CTS,08:55,09:40,女満別,新千歳
2026-09-23,JAL562,MMB,HND,09:25,11:20,女満別,羽田
2026-09-23,JAL2722,MMB,OKD,10:20,11:10,女満別,丘珠
2026-09-23,JAL2714,MMB,CTS,13:55,14:45,女満別,新千歳
2026-09-23,JAL564,MMB,HND,15:00,16:55,女満別,羽田
2026-09-23,JAL2718,MMB,CTS,17:25,18:10,女満別,新千歳
2026-09-23,JAL2728,MMB,OKD,19:10,20:00,女満別,丘珠
2026-09-23,JAL566,MMB,HND,19:50,21:45,女満別,羽田
2026-09-23,RAC862,MMD,OKA,09:30,10:35,南大東,那覇
2026-09-23,RAC864,MMD,OKA,15:55,16:55,南大東,那覇
2026-09-23,JAL4362,MMJ,UKB,10:00,11:00,松本,神戸
2026-09-23,JAL4352,MMJ,CTS,11:35,13:15,松本,新千歳
2026-09-23,JAL4344,MMJ,FUK,13:10,14:50,松本,福岡
2026-09-23,JAL4372,MMJ,OKD,16:10,17:40,松本,丘珠
2026-09-23,JAL4348,MMJ,FUK,17:45,19:25,松本,福岡
2026-09-23,JTA552,MMY,OKA,08:50,09:45,宮古,那覇
2026-09-23,RAC891,MMY,TRA,09:20,09:45,宮古,多良間
2026-09-23,JTA556,MMY,OKA,10:40,11:35,宮古,那覇
2026-09-23,RAC831,MMY,ISG,11:30,12:00,宮古,新石垣
2026-09-23,JTA558,MMY,OKA,12:10,13:05,宮古,那覇
2026-09-23,JTA560,MMY,OKA,13:25,14:20,宮古,那覇
2026-09-23,JAL934,MMY,HND,14:25,17:15,宮古,羽田
2026-09-23,RAC897,MMY,TRA,15:50,16:15,宮古,多良間
2026-09-23,JTA562,MMY,OKA,16:05,17:00,宮古,那覇
2026-09-23,JTA564,MMY,OKA,16:55,17:50,宮古,那覇
2026-09-23,RAC839,MMY,ISG,17:45,18:15,宮古,新石垣
2026-09-23,JTA572,MMY,OKA,17:55,18:50,宮古,那覇
2026-09-23,JTA128,MMY,KIX,19:25,21:40,宮古,関西国際
2026-09-23,RAC804,MMY,OKA,20:00,20:55,宮古,那覇
2026-09-23,JAL152,MSJ,HND,10:00,11:25,三沢,羽田
2026-09-23,JAL2162,MSJ,ITM,11:20,13:00,三沢,伊丹
2026-09-23,JAL154,MSJ,HND,12:50,14:15,三沢,羽田
2026-09-23,JAL2816,MSJ,OKD,13:10,14:05,三沢,丘珠
2026-09-23,JAL156,MSJ,HND,16:50,18:15,三沢,羽田
2026-09-23,JAL2166,MSJ,ITM,17:45,19:25,三沢,伊丹
2026-09-23,JAL158,MSJ,HND,19:10,20:35,三沢,羽田
2026-09-23,JAL430,MYJ,HND,07:10,08:40,松山,羽田
2026-09-23,JAL3592,MYJ,FUK,08:25,09:15,松山,福岡
2026-09-23,JAL432,MYJ,HND,09:10,10:40,松山,羽田
2026-09-23,JAL2300,MYJ,ITM,10:45,11:35,松山,伊丹
2026-09-23,JAL434,MYJ,HND,11:25,12:55,松山,羽田
2026-09-23,JAL3596,MYJ,FUK,13:30,14:15,松山,福岡
2026-09-23,JAL436,MYJ,HND,14:20,15:55,松山,羽田
2026-09-23,JAL3602,MYJ,FUK,14:45,15:35,松山,福岡
2026-09-23,JAL438,MYJ,HND,17:35,19:10,松山,羽田
2026-09-23,JAL3608,MYJ,FUK,17:45,18:40,松山,福岡
2026-09-23,JAL440,MYJ,HND,19:00,20:35,松山,羽田
2026-09-23,JAL2310,MYJ,ITM,19:00,20:00,松山,伊丹
2026-09-23,JAL3686,MYJ,KOJ,20:20,21:20,松山,鹿児島
2026-09-23,JAL202,NGO,HND,07:40,08:40,中部国際,羽田
2026-09-23,JAL3101,NGO,CTS,08:05,09:50,中部国際,新千歳
2026-09-23,JAL3082,NGO,NRT,08:20,09:30,中部国際,成田
2026-09-23,JTA045,NGO,OKA,08:30,10:45,中部国際,那覇
2026-09-23,JAL4535,NGO,KMJ,10:45,12:10,中部国際,熊本
2026-09-23,JAL3107,NGO,CTS,12:40,14:20,中部国際,新千歳
2026-09-23,JAL3084,NGO,NRT,14:35,15:50,中部国際,成田
2026-09-23,JAL4537,NGO,KMJ,14:35,16:00,中部国際,熊本
2026-09-23,JTA047,NGO,OKA,14:55,17:10,中部国際,那覇
2026-09-23,JAL3117,NGO,CTS,17:30,19:10,中部国際,新千歳
2026-09-23,JAL4517,NGO,KCZ,18:20,19:20,中部国際,高知
2026-09-23,JTA049,NGO,OKA,18:50,21:00,中部国際,那覇
2026-09-23,JAL208,NGO,HND,20:55,22:00,中部国際,羽田
2026-09-23,JAL606,NGS,HND,07:25,09:10,長崎,羽田
2026-09-23,JAL4051,NGS,TSJ,07:30,08:05,長崎,対馬
2026-09-23,JAL2372,NGS,ITM,08:50,10:00,長崎,伊丹
2026-09-23,JAL4041,NGS,IKI,08:55,09:25,長崎,壱岐
2026-09-23,JAL4073,NGS,FUJ,09:50,10:20,長崎,五島福江
2026-09-23,JAL608,NGS,HND,10:00,11:45,長崎,羽田
2026-09-23,JAL4053,NGS,TSJ,11:00,11:35,長崎,対馬
2026-09-23,JAL610,NGS,HND,12:35,14:25,長崎,羽田
2026-09-23,JAL2374,NGS,ITM,13:00,14:10,長崎,伊丹
2026-09-23,JAL4075,NGS,FUJ,13:20,13:50,長崎,五島福江
2026-09-23,JAL2376,NGS,ITM,14:45,15:55,長崎,伊丹
2026-09-23,JAL4077,NGS,FUJ,14:45,15:15,長崎,五島福江
2026-09-23,JAL612,NGS,HND,15:05,17:00,長崎,羽田
2026-09-23,JAL614,NGS,HND,16:05,18:00,長崎,羽田
2026-09-23,JAL4043,NGS,IKI,16:50,17:20,長崎,壱岐
2026-09-23,JAL4061,NGS,TSJ,19:00,19:35,長崎,対馬
2026-09-23,JAL2378,NGS,ITM,19:10,20:25,長崎,伊丹
2026-09-23,JAL616,NGS,HND,20:25,22:10,長崎,羽田
2026-09-23,JAL4381,NKM,FUK,07:00,08:25,名古屋,福岡
2026-09-23,JAL4461,NKM,IZO,07:15,08:15,名古屋,出雲
2026-09-23,JAL4451,NKM,OKD,07:20,09:00,名古屋,丘珠
2026-09-23,JAL4411,NKM,HNA,07:30,08:40,名古屋,花巻
2026-09-23,JAL4377,NKM,KCZ,07:45,08:45,名古屋,高知
2026-09-23,JAL4401,NKM,KMJ,07:50,09:15,名古屋,熊本
2026-09-23,JAL4383,NKM,FUK,08:00,09:25,名古屋,福岡
2026-09-23,JAL4421,NKM,AOJ,08:25,09:45,名古屋,青森
2026-09-23,JAL4441,NKM,GAJ,09:05,10:10,名古屋,山形
2026-09-23,JAL4433,NKM,KIJ,10:20,11:15,名古屋,新潟
2026-09-23,JAL4385,NKM,FUK,10:55,12:20,名古屋,福岡
2026-09-23,JAL4463,NKM,IZO,11:00,12:00,名古屋,出雲
2026-09-23,JAL4423,NKM,AOJ,11:35,12:55,名古屋,青森
2026-09-23,JAL4413,NKM,HNA,12:15,13:25,名古屋,花巻
2026-09-23,JAL4443,NKM,GAJ,12:20,13:25,名古屋,山形
2026-09-23,JAL4455,NKM,OKD,13:30,15:10,名古屋,丘珠
2026-09-23,JAL4379,NKM,KCZ,14:10,15:10,名古屋,高知
2026-09-23,JAL4417,NKM,HNA,16:00,17:10,名古屋,花巻
2026-09-23,JAL4457,NKM,OKD,16:50,18:30,名古屋,丘珠
2026-09-23,JAL4467,NKM,IZO,17:05,18:05,名古屋,出雲
2026-09-23,JAL4427,NKM,AOJ,18:00,19:20,名古屋,青森
2026-09-23,JAL4409,NKM,KMJ,18:05,19:30,名古屋,熊本
2026-09-23,JAL4393,NKM,FUK,19:35,21:00,名古屋,福岡
2026-09-23,JAL3083,NRT,NGO,10:30,11:40,成田,中部国際
2026-09-23,JAL3009,NRT,ITM,18:25,19:50,成田,伊丹
2026-09-23,JAL3087,NRT,NGO,18:55,20:10,成田,中部国際
2026-09-23,JAL570,OBO,HND,09:55,11:40,帯広,羽田
2026-09-23,JAL572,OBO,HND,13:10,14:55,帯広,羽田
2026-09-23,JAL574,OBO,HND,16:15,18:00,帯広,羽田
2026-09-23,JAL576,OBO,HND,20:00,21:40,帯広,羽田
2026-09-23,RAC742,OGN,ISG,08:55,09:25,与那国,新石垣
2026-09-23,RAC724,OGN,OKA,11:15,12:35,与那国,那覇
2026-09-23,RAC744,OGN,ISG,13:35,14:05,与那国,新石垣
2026-09-23,RAC746,OGN,ISG,16:50,17:20,与那国,新石垣
2026-09-23,RAC728,OGN,OKA,18:50,20:10,与那国,那覇
2026-09-23,JAL2792,OIR,HKD,12:45,13:15,奥尻,函館
2026-09-23,JAL662,OIT,HND,07:35,09:10,大分,羽田
2026-09-23,JAL2362,OIT,ITM,08:45,09:40,大分,伊丹
2026-09-23,JAL664,OIT,HND,10:25,11:55,大分,羽田
2026-09-23,JAL2364,OIT,ITM,11:35,12:35,大分,伊丹
2026-09-23,JAL668,OIT,HND,11:50,13:30,大分,羽田
2026-09-23,JAL670,OIT,HND,14:25,16:05,大分,羽田
2026-09-23,JAL672,OIT,HND,17:20,19:00,大分,羽田
2026-09-23,JAL674,OIT,HND,19:05,20:40,大分,羽田
2026-09-23,JAL2366,OIT,ITM,19:10,20:15,大分,伊丹
2026-09-23,JTA002,OKA,KIX,07:10,09:05,那覇,関西国際
2026-09-23,JTA050,OKA,FUK,07:10,08:50,那覇,福岡
2026-09-23,JTA551,OKA,MMY,07:15,08:10,那覇,宮古
2026-09-23,JTA601,OKA,ISG,07:15,08:15,那覇,新石垣
2026-09-23,RAC721,OKA,OGN,07:15,08:25,那覇,与那国
2026-09-23,JAL900,OKA,HND,07:25,09:50,那覇,羽田
2026-09-23,RAC871,OKA,UEO,07:45,08:15,那覇,久米島
2026-09-23,RAC861,OKA,MMD,08:00,09:00,那覇,南大東
2026-09-23,RAC801,OKA,MMY,08:00,08:50,那覇,宮古
2026-09-23,JTA605,OKA,ISG,09:35,10:30,那覇,新石垣
2026-09-23,JAL902,OKA,HND,09:55,12:25,那覇,羽田
2026-09-23,RAC873,OKA,UEO,09:55,10:25,那覇,久米島
2026-09-23,JTA052,OKA,FUK,10:25,12:10,那覇,福岡
2026-09-23,JTA557,OKA,MMY,10:40,11:30,那覇,宮古
2026-09-23,JAL904,OKA,HND,10:50,13:25,那覇,羽田
2026-09-23,JTA036,OKA,KMQ,11:10,13:25,那覇,小松
2026-09-23,JTA004,OKA,KIX,11:10,13:10,那覇,関西国際
2026-09-23,RAC841,OKA,KTD,11:20,12:20,那覇,北大東
2026-09-23,JAL906,OKA,HND,11:40,14:15,那覇,羽田
2026-09-23,JTA042,OKA,NGO,11:55,14:05,那覇,中部国際
2026-09-23,JAL2084,OKA,ITM,11:55,13:55,那覇,伊丹
2026-09-23,JTA559,OKA,MMY,11:55,12:45,那覇,宮古
2026-09-23,JAL908,OKA,HND,12:15,14:50,那覇,羽田
2026-09-23,JTA609,OKA,ISG,12:15,13:15,那覇,新石垣
2026-09-23,RAC877,OKA,UEO,12:20,12:50,那覇,久米島
2026-09-23,JAL910,OKA,HND,13:15,15:50,那覇,羽田
2026-09-23,RAC815,OKA,RNJ,13:15,13:55,那覇,与論
2026-09-23,JTA054,OKA,FUK,13:20,15:05,那覇,福岡
2026-09-23,JTA211,OKA,UEO,13:45,14:20,那覇,久米島
2026-09-23,JAL3867,OKA,ASJ,13:55,14:55,那覇,奄美
2026-09-23,JAL912,OKA,HND,14:00,16:35,那覇,羽田
2026-09-23,RAC863,OKA,MMD,14:25,15:25,那覇,南大東
2026-09-23,JTA563,OKA,MMY,14:30,15:25,那覇,宮古
2026-09-23,JAL3715,OKA,OKE,14:35,15:25,那覇,沖永良部
2026-09-23,JTA617,OKA,ISG,14:45,15:45,那覇,新石垣
2026-09-23,JAL988,OKA,HND,14:55,17:35,那覇,羽田
2026-09-23,RAC727,OKA,OGN,14:55,16:10,那覇,与那国
2026-09-23,JTA058,OKA,FUK,15:00,16:45,那覇,福岡
2026-09-23,JTA565,OKA,MMY,15:25,16:15,那覇,宮古
2026-09-23,JAL914,OKA,HND,15:40,18:15,那覇,羽田
2026-09-23,RAC879,OKA,UEO,15:40,16:15,那覇,久米島
2026-09-23,JTA044,OKA,NGO,15:45,17:55,那覇,中部国際
2026-09-23,JTA571,OKA,MMY,16:25,17:15,那覇,宮古
2026-09-23,JTA621,OKA,ISG,17:00,18:00,那覇,新石垣
2026-09-23,RAC881,OKA,UEO,17:25,17:55,那覇,久米島
2026-09-23,JTA008,OKA,KIX,17:40,19:40,那覇,関西国際
2026-09-23,JAL916,OKA,HND,17:45,20:15,那覇,羽田
2026-09-23,JAL2088,OKA,ITM,17:55,19:55,那覇,伊丹
2026-09-23,JTA573,OKA,MMY,17:55,18:45,那覇,宮古
2026-09-23,RAC883,OKA,UEO,18:10,18:40,那覇,久米島
2026-09-23,JTA625,OKA,ISG,18:10,19:10,那覇,新石垣
2026-09-23,JTA016,OKA,OKJ,18:30,20:20,那覇,岡山
2026-09-23,JTA060,OKA,FUK,18:30,20:10,那覇,福岡
2026-09-23,JAL918,OKA,HND,18:50,21:20,那覇,羽田
2026-09-23,JAL920,OKA,HND,19:30,22:00,那覇,羽田
2026-09-23,JTA062,OKA,FUK,19:40,21:25,那覇,福岡
2026-09-23,JTA046,OKA,NGO,19:45,21:55,那覇,中部国際
2026-09-23,JAL922,OKA,HND,20:30,23:00,那覇,羽田
2026-09-23,JAL2741,OKD,HKD,07:35,08:15,丘珠,函館
2026-09-23,JAL2783,OKD,RIS,07:50,08:45,丘珠,利尻
2026-09-23,JAL2761,OKD,KUH,08:00,08:45,丘珠,釧路
2026-09-23,JAL2721,OKD,MMB,09:05,09:50,丘珠,女満別
2026-09-23,JAL4371,OKD,MMJ,09:30,11:05,丘珠,松本
2026-09-23,JAL2731,OKD,SHB,09:55,10:45,丘珠,根室中標津
2026-09-23,JAL2745,OKD,HKD,10:35,11:15,丘珠,函館
2026-09-23,JAL2823,OKD,AXT,10:45,11:55,丘珠,秋田
2026-09-23,JAL4452,OKD,NKM,11:10,12:55,丘珠,名古屋
2026-09-23,JAL2815,OKD,MSJ,11:40,12:40,丘珠,三沢
2026-09-23,JAL2749,OKD,HKD,12:45,13:25,丘珠,函館
2026-09-23,JAL2765,OKD,KUH,14:10,14:55,丘珠,釧路
2026-09-23,JAL2751,OKD,HKD,14:45,15:25,丘珠,函館
2026-09-23,JAL2787,OKD,RIS,15:00,15:55,丘珠,利尻
2026-09-23,JAL2737,OKD,SHB,15:10,16:00,丘珠,根室中標津
2026-09-23,JAL4456,OKD,NKM,15:40,17:25,丘珠,名古屋
2026-09-23,JAL2767,OKD,KUH,16:45,17:30,丘珠,釧路
2026-09-23,JAL2825,OKD,AXT,17:05,18:15,丘珠,秋田
2026-09-23,JAL2727,OKD,MMB,17:55,18:40,丘珠,女満別
2026-09-23,JAL2755,OKD,HKD,18:05,18:45,丘珠,函館
2026-09-23,JAL4332,OKD,FSZ,18:15,20:05,丘珠,静岡
2026-09-23,JAL4458,OKD,NKM,19:00,20:45,丘珠,名古屋
2026-09-23,JAL2759,OKD,HKD,19:20,20:00,丘珠,函館
2026-09-23,JAL3800,OKE,KOJ,09:15,10:35,沖永良部,鹿児島
2026-09-23,JAL3716,OKE,OKA,12:55,13:45,沖永良部,那覇
2026-09-23,JAL3710,OKE,TKN,15:55,16:20,沖永良部,徳之島
2026-09-23,JAL3808,OKE,KOJ,16:50,18:10,沖永良部,鹿児島
2026-09-23,JAL3434,OKI,IZO,10:00,10:30,隠岐,出雲
2026-09-23,JAL2332,OKI,ITM,15:05,15:50,隠岐,伊丹
2026-09-23,JAL232,OKJ,HND,07:05,08:25,岡山,羽田
2026-09-23,JTA013,OKJ,OKA,08:30,10:30,岡山,那覇
2026-09-23,JAL234,OKJ,HND,10:15,11:30,岡山,羽田
2026-09-23,JAL236,OKJ,HND,12:20,13:40,岡山,羽田
2026-09-23,JAL240,OKJ,HND,17:30,18:55,岡山,羽田
2026-09-23,JAL242,OKJ,HND,19:25,20:40,岡山,羽田
2026-09-23,JAL2784,RIS,OKD,09:15,10:05,利尻,丘珠
2026-09-23,JAL2788,RIS,OKD,16:25,17:15,利尻,丘珠
2026-09-23,JAL3866,RNJ,OKA,12:30,13:15,与論,那覇
2026-09-23,JAL3826,RNJ,KOJ,13:15,14:45,与論,鹿児島
2026-09-23,RAC816,RNJ,OKA,14:25,15:00,与論,那覇
2026-09-23,JAL2200,SDJ,ITM,07:35,08:55,仙台,伊丹
2026-09-23,JAL2901,SDJ,CTS,07:50,09:00,仙台,新千歳
2026-09-23,JAL2903,SDJ,CTS,09:10,10:25,仙台,新千歳
2026-09-23,JAL2202,SDJ,ITM,09:15,10:30,仙台,伊丹
2026-09-23,JAL4528,SDJ,FUK,11:15,13:20,仙台,福岡
2026-09-23,JAL2204,SDJ,ITM,11:20,12:35,仙台,伊丹
2026-09-23,JAL2206,SDJ,ITM,12:40,13:55,仙台,伊丹
2026-09-23,JAL2905,SDJ,CTS,12:45,13:55,仙台,新千歳
2026-09-23,JAL2210,SDJ,ITM,15:35,16:50,仙台,伊丹
2026-09-23,JAL2212,SDJ,ITM,16:10,17:25,仙台,伊丹
2026-09-23,JAL2907,SDJ,CTS,17:15,18:25,仙台,新千歳
2026-09-23,JAL4530,SDJ,FUK,17:45,19:50,仙台,福岡
2026-09-23,JAL2216,SDJ,ITM,19:00,20:25,仙台,伊丹
2026-09-23,JAL2909,SDJ,CTS,20:30,21:40,仙台,新千歳
2026-09-23,JAL2732,SHB,OKD,11:15,12:10,根室中標津,丘珠
2026-09-23,JAL2738,SHB,OKD,16:30,17:25,根室中標津,丘珠
2026-09-23,SKY542,SHI,OKA,11:50,12:40,下地島,那覇
2026-09-23,SKY546,SHI,OKA,13:50,14:40,下地島,那覇
2026-09-23,SKY164,SHI,UKB,15:25,17:35,下地島,神戸
2026-09-23,SKY564,SHI,FUK,16:00,18:00,下地島,福岡
2026-09-23,SKY618,SHI,HND,17:10,19:50,下地島,羽田
2026-09-23,JAL212,SHM,HND,09:30,10:40,南紀白浜,羽田
2026-09-23,JAL214,SHM,HND,13:45,15:00,南紀白浜,羽田
2026-09-23,JAL218,SHM,HND,18:25,19:40,南紀白浜,羽田
2026-09-23,JAL474,TAK,HND,07:05,08:25,高松,羽田
2026-09-23,JAL476,TAK,HND,09:45,11:00,高松,羽田
2026-09-23,JAL478,TAK,HND,11:45,13:05,高松,羽田
2026-09-23,JAL480,TAK,HND,13:10,14:30,高松,羽田
2026-09-23,JAL482,TAK,HND,15:15,16:40,高松,羽田
2026-09-23,JAL484,TAK,HND,17:20,18:45,高松,羽田
2026-09-23,JAL486,TAK,HND,20:40,21:55,高松,羽田
2026-09-23,JAL2324,TJH,ITM,10:10,10:45,但馬,伊丹
2026-09-23,JAL2326,TJH,ITM,18:00,18:40,但馬,伊丹
2026-09-23,JAL3842,TKN,ASJ,09:40,10:10,徳之島,奄美
2026-09-23,JAL3792,TKN,KOJ,10:25,11:20,徳之島,鹿児島
2026-09-23,JAL3711,TKN,OKE,12:00,12:25,徳之島,沖永良部
2026-09-23,JAL3794,TKN,KOJ,14:55,16:15,徳之島,鹿児島
2026-09-23,JAL3844,TKN,ASJ,16:50,17:20,徳之島,奄美
2026-09-23,JAL3796,TKN,KOJ,17:40,18:35,徳之島,鹿児島
2026-09-23,JAL3798,TKN,KOJ,19:00,20:15,徳之島,鹿児島
2026-09-23,JAL452,TKS,HND,07:05,08:20,徳島,羽田
2026-09-23,JAL454,TKS,HND,08:55,10:15,徳島,羽田
2026-09-23,JAL3564,TKS,FUK,11:30,12:35,徳島,福岡
2026-09-23,JAL456,TKS,HND,12:20,13:40,徳島,羽田
2026-09-23,JAL460,TKS,HND,14:45,16:10,徳島,羽田
2026-09-23,JAL462,TKS,HND,17:40,19:05,徳島,羽田
2026-09-23,JAL3568,TKS,FUK,20:05,21:10,徳島,福岡
2026-09-23,JAL464,TKS,HND,20:35,21:55,徳島,羽田
2026-09-23,JAL3760,TNE,KOJ,09:20,09:55,種子島,鹿児島
2026-09-23,JAL3764,TNE,KOJ,12:10,12:45,種子島,鹿児島
2026-09-23,JAL3772,TNE,KOJ,18:00,18:35,種子島,鹿児島
2026-09-23,RAC892,TRA,MMY,10:20,10:45,多良間,宮古
2026-09-23,RAC898,TRA,MMY,16:50,17:15,多良間,宮古
2026-09-23,JAL4052,TSJ,NGS,08:35,09:15,対馬,長崎
2026-09-23,JAL4080,TSJ,FUK,08:50,09:25,対馬,福岡
2026-09-23,JAL4082,TSJ,FUK,11:00,11:35,対馬,福岡
2026-09-23,JAL4054,TSJ,NGS,12:05,12:45,対馬,長崎
2026-09-23,JAL4062,TSJ,NGS,20:05,20:45,対馬,長崎
2026-09-23,JAL290,UBJ,HND,07:40,09:20,山口宇部,羽田
2026-09-23,JAL292,UBJ,HND,10:20,12:00,山口宇部,羽田
2026-09-23,JAL294,UBJ,HND,15:00,16:45,山口宇部,羽田
2026-09-23,JAL296,UBJ,HND,19:00,20:40,山口宇部,羽田
2026-09-23,RAC872,UEO,OKA,08:45,09:20,久米島,那覇
2026-09-23,RAC874,UEO,OKA,10:55,11:30,久米島,那覇
2026-09-23,RAC878,UEO,OKA,13:20,13:55,久米島,那覇
2026-09-23,JTA212,UEO,OKA,15:00,15:40,久米島,那覇
2026-09-23,RAC880,UEO,OKA,16:45,17:20,久米島,那覇
2026-09-23,RAC882,UEO,OKA,18:25,19:00,久米島,那覇
2026-09-23,RAC884,UEO,OKA,19:10,19:45,久米島,那覇
2026-09-23,JAL4363,UKB,MMJ,11:40,12:40,神戸,松本
2026-09-24,JAL552,AKJ,HND,09:50,11:35,旭川,羽田
2026-09-24,JAL554,AKJ,HND,13:40,15:25,旭川,羽田
2026-09-24,JAL556,AKJ,HND,16:25,18:15,旭川,羽田
2026-09-24,JAL558,AKJ,HND,19:55,21:40,旭川,羽田
2026-09-24,JAL140,AOJ,HND,07:35,08:55,青森,羽田
2026-09-24,JAL142,AOJ,HND,08:35,09:55,青森,羽田
2026-09-24,JAL2150,AOJ,ITM,09:50,11:20,青森,伊丹
2026-09-24,JAL4422,AOJ,NKM,10:15,11:40,青森,名古屋
2026-09-24,JAL2804,AOJ,CTS,11:00,11:45,青森,新千歳
2026-09-24,JAL144,AOJ,HND,12:00,13:20,青森,羽田
2026-09-24,JAL4424,AOJ,NKM,13:25,14:50,青森,名古屋
2026-09-24,JAL2154,AOJ,ITM,14:00,15:30,青森,伊丹
2026-09-24,JAL2806,AOJ,CTS,15:00,15:45,青森,新千歳
2026-09-24,JAL146,AOJ,HND,15:20,16:40,青森,羽田
2026-09-24,JAL148,AOJ,HND,17:55,19:15,青森,羽田
2026-09-24,JAL2158,AOJ,ITM,18:45,20:30,青森,伊丹
2026-09-24,JAL4428,AOJ,NKM,19:50,21:15,青森,名古屋
2026-09-24,JAL2810,AOJ,CTS,20:15,21:00,青森,新千歳
2026-09-24,JAL150,AOJ,HND,20:45,22:05,青森,羽田
2026-09-24,JAL3722,ASJ,KOJ,08:45,09:35,奄美,鹿児島
2026-09-24,JAL3831,ASJ,KKX,09:25,09:45,奄美,喜界
2026-09-24,JAL3841,ASJ,TKN,10:55,11:25,奄美,徳之島
2026-09-24,JAL3861,ASJ,RNJ,11:15,12:00,奄美,与論
2026-09-24,JAL3726,ASJ,KOJ,11:45,12:35,奄美,鹿児島
2026-09-24,JAL2464,ASJ,ITM,12:05,13:35,奄美,伊丹
2026-09-24,JAL3728,ASJ,KOJ,13:20,14:15,奄美,鹿児島
2026-09-24,JAL658,ASJ,HND,14:20,16:30,奄美,羽田
2026-09-24,JAL3730,ASJ,KOJ,14:35,15:30,奄美,鹿児島
2026-09-24,JAL3837,ASJ,KKX,15:40,16:00,奄美,喜界
2026-09-24,JAL3734,ASJ,KOJ,17:25,18:30,奄美,鹿児島
2026-09-24,JAL3843,ASJ,TKN,18:00,18:30,奄美,徳之島
2026-09-24,JAL3684,ASJ,FUK,18:20,19:40,奄美,福岡
2026-09-24,JAL3738,ASJ,KOJ,19:00,20:05,奄美,鹿児島
2026-09-24,JAL3890,AXJ,FUK,07:40,08:20,天草,福岡
2026-09-24,JAL3872,AXJ,KMJ,09:55,10:15,天草,熊本
2026-09-24,JAL3894,AXJ,FUK,15:45,16:25,天草,福岡
2026-09-24,JAL3898,AXJ,FUK,18:00,18:40,天草,福岡
2026-09-24,JAL162,AXT,HND,08:45,09:55,秋田,羽田
2026-09-24,JAL2172,AXT,ITM,09:45,11:10,秋田,伊丹
2026-09-24,JAL164,AXT,HND,12:10,13:20,秋田,羽田
2026-09-24,JAL2824,AXT,OKD,12:25,13:30,秋田,丘珠
2026-09-24,JAL2174,AXT,ITM,14:10,15:35,秋田,伊丹
2026-09-24,JAL166,AXT,HND,17:00,18:10,秋田,羽田
2026-09-24,JAL2176,AXT,ITM,18:15,19:40,秋田,伊丹
2026-09-24,JAL2826,AXT,OKD,18:45,19:50,秋田,丘珠
2026-09-24,JAL168,AXT,HND,20:50,22:00,秋田,羽田
2026-09-24,JAL2900,CTS,SDJ,07:35,08:40,新千歳,仙台
2026-09-24,JAL590,CTS,HND,07:35,09:10,新千歳,羽田
2026-09-24,JAL2713,CTS,MMB,07:40,08:25,新千歳,女満別
2026-09-24,JAL500,CTS,HND,07:40,09:20,新千歳,羽田
2026-09-24,JAL502,CTS,HND,08:50,10:25,新千歳,羽田
2026-09-24,JAL2000,CTS,ITM,09:00,10:50,新千歳,伊丹
2026-09-24,JAL2803,CTS,AOJ,09:40,10:25,新千歳,青森
2026-09-24,JAL504,CTS,HND,09:45,11:25,新千歳,羽田
2026-09-24,JAL3106,CTS,NGO,10:10,11:55,新千歳,中部国際
2026-09-24,JAL2831,CTS,HNA,10:15,11:10,新千歳,花巻
2026-09-24,JAL3510,CTS,FUK,10:30,12:55,新千歳,福岡
2026-09-24,JAL4483,CTS,KIJ,10:40,12:00,新千歳,新潟
2026-09-24,JAL506,CTS,HND,10:50,12:30,新千歳,羽田
2026-09-24,JAL2902,CTS,SDJ,11:00,12:10,新千歳,仙台
2026-09-24,JAL508,CTS,HND,11:25,13:05,新千歳,羽田
2026-09-24,JAL2504,CTS,KIX,11:50,14:05,新千歳,関西国際
2026-09-24,JAL2004,CTS,ITM,12:05,14:00,新千歳,伊丹
2026-09-24,JAL2715,CTS,MMB,12:30,13:15,新千歳,女満別
2026-09-24,JAL510,CTS,HND,12:45,14:30,新千歳,羽田
2026-09-24,JAL3512,CTS,FUK,13:30,15:55,新千歳,福岡
2026-09-24,JAL4324,CTS,FSZ,13:35,15:30,新千歳,静岡
2026-09-24,JAL2805,CTS,AOJ,13:40,14:25,新千歳,青森
2026-09-24,JAL512,CTS,HND,14:00,15:40,新千歳,羽田
2026-09-24,JAL4485,CTS,KIJ,14:05,15:25,新千歳,新潟
2026-09-24,JAL4491,CTS,GAJ,14:35,15:50,新千歳,山形
2026-09-24,JAL2904,CTS,SDJ,14:35,15:40,新千歳,仙台
2026-09-24,JAL3406,CTS,HIJ,15:00,17:05,新千歳,広島
2026-09-24,JAL3114,CTS,NGO,15:05,16:50,新千歳,中部国際
2026-09-24,JAL2008,CTS,ITM,15:05,17:00,新千歳,伊丹
2026-09-24,JAL514,CTS,HND,15:10,16:55,新千歳,羽田
2026-09-24,JAL4353,CTS,MMJ,15:40,17:15,新千歳,松本
2026-09-24,JAL2010,CTS,ITM,15:55,17:45,新千歳,伊丹
2026-09-24,JAL516,CTS,HND,16:05,17:45,新千歳,羽田
2026-09-24,JAL2719,CTS,MMB,16:10,16:50,新千歳,女満別
2026-09-24,JAL2839,CTS,HNA,16:30,17:25,新千歳,花巻
2026-09-24,JAL518,CTS,HND,17:00,18:45,新千歳,羽田
2026-09-24,JAL520,CTS,HND,17:15,18:55,新千歳,羽田
2026-09-24,JAL2016,CTS,ITM,17:45,19:40,新千歳,伊丹
2026-09-24,JAL2506,CTS,KIX,17:55,20:10,新千歳,関西国際
2026-09-24,JAL522,CTS,HND,18:00,19:45,新千歳,羽田
2026-09-24,JAL4472,CTS,FUK,18:05,20:55,新千歳,福岡
2026-09-24,JAL2809,CTS,AOJ,18:45,19:30,新千歳,青森
2026-09-24,JAL2906,CTS,SDJ,18:55,20:00,新千歳,仙台
2026-09-24,JAL524,CTS,HND,19:15,20:55,新千歳,羽田
2026-09-24,JAL2910,CTS,SDJ,19:45,20:50,新千歳,仙台
2026-09-24,JAL3118,CTS,NGO,19:55,21:40,新千歳,中部国際
2026-09-24,JAL526,CTS,HND,20:15,21:55,新千歳,羽田
2026-09-24,JAL528,CTS,HND,21:10,22:55,新千歳,羽田
2026-09-24,JAL530,CTS,HND,21:20,23:05,新千歳,羽田
2026-09-24,JAL4312,FSZ,FUK,08:10,09:50,静岡,福岡
2026-09-24,JAL4331,FSZ,OKD,08:55,10:40,静岡,丘珠
2026-09-24,JAL4323,FSZ,CTS,12:10,14:00,静岡,新千歳
2026-09-24,JAL4305,FSZ,KOJ,12:40,14:15,静岡,鹿児島
2026-09-24,JAL4314,FSZ,FUK,16:15,18:00,静岡,福岡
2026-09-24,JAL4316,FSZ,FUK,17:00,18:45,静岡,福岡
2026-09-24,JAL4094,FUJ,FUK,10:50,11:35,五島福江,福岡
2026-09-24,JAL4074,FUJ,NGS,13:40,14:10,五島福江,長崎
2026-09-24,JAL4098,FUJ,FUK,14:20,15:05,五島福江,福岡
2026-09-24,JAL4078,FUJ,NGS,17:00,17:30,五島福江,長崎
2026-09-24,JAL4096,FUJ,FUK,17:55,18:40,五島福江,福岡
2026-09-24,JAL300,FUK,HND,07:00,08:45,福岡,羽田
2026-09-24,JAL3681,FUK,ASJ,07:05,08:15,福岡,奄美
2026-09-24,JAL3591,FUK,MYJ,07:10,07:55,福岡,松山
2026-09-24,JAL3551,FUK,IZO,07:15,08:25,福岡,出雲
2026-09-24,JAL3623,FUK,KMI,07:15,08:00,福岡,宮崎
2026-09-24,JTA051,FUK,OKA,07:15,08:50,福岡,那覇
2026-09-24,JAL302,FUK,HND,07:20,09:05,福岡,羽田
2026-09-24,JAL4471,FUK,CTS,07:45,10:05,福岡,新千歳
2026-09-24,JAL4079,FUK,TSJ,07:45,08:20,福岡,対馬
2026-09-24,JAL2050,FUK,ITM,07:50,08:55,福岡,伊丹
2026-09-24,JAL4341,FUK,MMJ,08:00,09:30,福岡,松本
2026-09-24,JAL304,FUK,HND,08:05,09:50,福岡,羽田
2026-09-24,JAL3891,FUK,AXJ,08:50,09:25,福岡,天草
2026-09-24,JAL4529,FUK,SDJ,08:55,10:45,福岡,仙台
2026-09-24,JAL3581,FUK,KCZ,09:00,09:55,福岡,高知
2026-09-24,JAL306,FUK,HND,09:10,10:55,福岡,羽田
2026-09-24,JAL4382,FUK,NKM,09:10,10:30,福岡,名古屋
2026-09-24,JTA053,FUK,OKA,09:30,11:15,福岡,那覇
2026-09-24,JAL3625,FUK,KMI,09:45,10:35,福岡,宮崎
2026-09-24,JAL3563,FUK,TKS,09:55,10:55,福岡,徳島
2026-09-24,JAL4313,FUK,FSZ,09:55,11:25,福岡,静岡
2026-09-24,JAL4081,FUK,TSJ,09:55,10:30,福岡,対馬
2026-09-24,JAL308,FUK,HND,10:00,11:45,福岡,羽田
2026-09-24,JAL4315,FUK,FSZ,10:25,11:55,福岡,静岡
2026-09-24,JAL310,FUK,HND,11:00,12:50,福岡,羽田
2026-09-24,JAL3627,FUK,KMI,11:40,12:30,福岡,宮崎
2026-09-24,JAL3513,FUK,CTS,11:50,14:10,福岡,新千歳
2026-09-24,JAL312,FUK,HND,11:55,13:40,福岡,羽田
2026-09-24,JAL3595,FUK,MYJ,11:55,12:40,福岡,松山
2026-09-24,JAL4095,FUK,FUJ,12:10,13:00,福岡,五島福江
2026-09-24,JAL3629,FUK,KMI,12:40,13:25,福岡,宮崎
2026-09-24,JAL314,FUK,HND,12:50,14:40,福岡,羽田
2026-09-24,JAL3653,FUK,KOJ,12:50,13:40,福岡,鹿児島
2026-09-24,JAL4525,FUK,HNA,12:55,14:50,福岡,花巻
2026-09-24,JTA057,FUK,OKA,12:55,14:40,福岡,那覇
2026-09-24,JAL3601,FUK,MYJ,13:30,14:15,福岡,松山
2026-09-24,JAL3673,FUK,KUM,13:50,15:00,福岡,屋久島
2026-09-24,JAL4345,FUK,MMJ,13:55,15:25,福岡,松本
2026-09-24,JAL316,FUK,HND,14:00,15:50,福岡,羽田
2026-09-24,JAL3515,FUK,CTS,14:15,16:30,福岡,新千歳
2026-09-24,JAL318,FUK,HND,14:30,16:25,福岡,羽田
2026-09-24,JAL3633,FUK,KMI,14:30,15:20,福岡,宮崎
2026-09-24,JAL4390,FUK,NKM,14:55,16:15,福岡,名古屋
2026-09-24,JAL2056,FUK,ITM,15:00,16:15,福岡,伊丹
2026-09-24,JAL4531,FUK,SDJ,15:25,17:15,福岡,仙台
2026-09-24,JAL3635,FUK,KMI,15:25,16:10,福岡,宮崎
2026-09-24,JAL4099,FUK,FUJ,15:40,16:30,福岡,五島福江
2026-09-24,JAL2058,FUK,ITM,15:50,17:00,福岡,伊丹
2026-09-24,JTA061,FUK,OKA,15:55,17:35,福岡,那覇
2026-09-24,JAL320,FUK,HND,16:00,17:50,福岡,羽田
2026-09-24,JAL3587,FUK,KCZ,16:10,17:00,福岡,高知
2026-09-24,JAL322,FUK,HND,16:30,18:20,福岡,羽田
2026-09-24,JAL4477,FUK,KIJ,16:35,18:15,福岡,新潟
2026-09-24,JAL4097,FUK,FUJ,16:40,17:25,福岡,五島福江
2026-09-24,JAL3895,FUK,AXJ,16:55,17:30,福岡,天草
2026-09-24,JAL324,FUK,HND,17:05,18:55,福岡,羽田
2026-09-24,JTA063,FUK,OKA,17:25,19:05,福岡,那覇
2026-09-24,JAL3555,FUK,IZO,17:35,18:45,福岡,出雲
2026-09-24,JAL3607,FUK,MYJ,17:40,18:25,福岡,松山
2026-09-24,JAL326,FUK,HND,18:15,20:05,福岡,羽田
2026-09-24,JAL3567,FUK,TKS,18:20,19:20,福岡,徳島
2026-09-24,JAL4317,FUK,FSZ,18:50,20:20,福岡,静岡
2026-09-24,JAL2060,FUK,ITM,19:00,20:20,福岡,伊丹
2026-09-24,JAL328,FUK,HND,19:10,20:55,福岡,羽田
2026-09-24,JAL3899,FUK,AXJ,19:10,19:45,福岡,天草
2026-09-24,JAL4392,FUK,NKM,19:15,20:35,福岡,名古屋
2026-09-24,JAL3639,FUK,KMI,19:15,20:00,福岡,宮崎
2026-09-24,JAL330,FUK,HND,20:00,21:45,福岡,羽田
2026-09-24,JAL4394,FUK,NKM,20:00,21:20,福岡,名古屋
2026-09-24,JTA065,FUK,OKA,20:55,22:30,福岡,那覇
2026-09-24,JAL332,FUK,HND,21:00,22:45,福岡,羽田
2026-09-24,JAL2234,GAJ,ITM,08:50,10:10,山形,伊丹
2026-09-24,JAL174,GAJ,HND,09:50,10:55,山形,羽田
2026-09-24,JAL4442,GAJ,NKM,10:40,11:50,山形,名古屋
2026-09-24,JAL4490,GAJ,CTS,13:55,15:05,山形,新千歳
2026-09-24,JAL2236,GAJ,ITM,14:50,16:10,山形,伊丹
2026-09-24,JAL4446,GAJ,NKM,16:20,17:30,山形,名古屋
2026-09-24,JAL2238,GAJ,ITM,18:05,19:20,山形,伊丹
2026-09-24,JAL178,GAJ,HND,19:10,20:15,山形,羽田
2026-09-24,JAL252,HIJ,HND,07:35,09:00,広島,羽田
2026-09-24,JAL254,HIJ,HND,09:25,10:50,広島,羽田
2026-09-24,JAL3403,HIJ,CTS,10:50,12:45,広島,新千歳
2026-09-24,JAL256,HIJ,HND,12:10,13:35,広島,羽田
2026-09-24,JAL258,HIJ,HND,13:45,15:10,広島,羽田
2026-09-24,JAL262,HIJ,HND,16:25,17:55,広島,羽田
2026-09-24,JAL264,HIJ,HND,18:10,19:40,広島,羽田
2026-09-24,JAL266,HIJ,HND,20:35,22:00,広島,羽田
2026-09-24,JAL2740,HKD,OKD,07:50,08:30,函館,丘珠
2026-09-24,JAL2742,HKD,OKD,08:45,09:25,函館,丘珠
2026-09-24,JAL584,HKD,HND,09:40,11:10,函館,羽田
2026-09-24,JAL2791,HKD,OIR,11:45,12:15,函館,奥尻
2026-09-24,JAL2124,HKD,ITM,13:10,14:50,函館,伊丹
2026-09-24,JAL2748,HKD,OKD,13:45,14:25,函館,丘珠
2026-09-24,JAL2750,HKD,OKD,14:00,14:40,函館,丘珠
2026-09-24,JAL586,HKD,HND,15:00,16:25,函館,羽田
2026-09-24,JAL2752,HKD,OKD,15:55,16:35,函館,丘珠
2026-09-24,JAL2756,HKD,OKD,19:15,19:55,函館,丘珠
2026-09-24,JAL588,HKD,HND,19:30,21:00,函館,羽田
2026-09-24,JAL4412,HNA,NKM,09:10,10:25,花巻,名古屋
2026-09-24,JAL2180,HNA,ITM,09:20,10:45,花巻,伊丹
2026-09-24,JAL2830,HNA,CTS,11:40,12:35,花巻,新千歳
2026-09-24,JAL2182,HNA,ITM,13:30,14:55,花巻,伊丹
2026-09-24,JAL4524,HNA,FUK,13:55,16:05,花巻,福岡
2026-09-24,JAL4416,HNA,NKM,15:20,16:35,花巻,名古屋
2026-09-24,JAL2186,HNA,ITM,15:25,16:50,花巻,伊丹
2026-09-24,JAL4418,HNA,NKM,17:40,18:55,花巻,名古屋
2026-09-24,JAL2838,HNA,CTS,17:55,18:55,花巻,新千歳
2026-09-24,JAL2190,HNA,ITM,18:40,20:15,花巻,伊丹
2026-09-24,JAL623,HND,KMJ,06:20,08:00,羽田,熊本
2026-09-24,JAL303,HND,FUK,06:25,08:10,羽田,福岡
2026-09-24,JAL641,HND,KOJ,06:25,08:05,羽田,鹿児島
2026-09-24,JAL101,HND,ITM,06:30,07:35,羽田,伊丹
2026-09-24,JAL901,HND,OKA,06:30,09:00,羽田,那覇
2026-09-24,JAL501,HND,CTS,06:35,08:05,羽田,新千歳
2026-09-24,JAL141,HND,AOJ,06:45,07:55,羽田,青森
2026-09-24,JAL431,HND,MYJ,06:50,08:15,羽田,松山
2026-09-24,JAL161,HND,AXT,07:00,08:05,羽田,秋田
2026-09-24,JAL453,HND,TKS,07:00,08:10,羽田,徳島
2026-09-24,JAL565,HND,MMB,07:05,08:45,羽田,女満別
2026-09-24,JAL305,HND,FUK,07:05,08:50,羽田,福岡
2026-09-24,JAL971,HND,ISG,07:05,09:55,羽田,新石垣
2026-09-24,JAL183,HND,KMQ,07:10,08:10,羽田,小松
2026-09-24,JAL277,HND,IZO,07:10,08:30,羽田,出雲
2026-09-24,JAL503,HND,CTS,07:15,08:45,羽田,新千歳
2026-09-24,JAL175,HND,GAJ,07:20,08:15,羽田,山形
2026-09-24,JAL221,HND,KIX,07:20,08:35,羽田,関西国際
2026-09-24,JAL903,HND,OKA,07:20,09:50,羽田,那覇
2026-09-24,JAL253,HND,HIJ,07:25,08:40,羽田,広島
2026-09-24,JAL585,HND,HKD,07:30,08:50,羽田,函館
2026-09-24,JAL103,HND,ITM,07:30,08:35,羽田,伊丹
2026-09-24,JAL491,HND,KCZ,07:30,08:50,羽田,高知
2026-09-24,JAL605,HND,NGS,07:30,09:15,羽田,長崎
2026-09-24,JAL551,HND,AKJ,07:35,09:10,羽田,旭川
2026-09-24,JAL541,HND,KUH,07:45,09:20,羽田,釧路
2026-09-24,JAL573,HND,OBO,07:45,09:15,羽田,帯広
2026-09-24,JAL213,HND,SHM,07:45,08:55,羽田,南紀白浜
2026-09-24,JAL475,HND,TAK,07:50,09:05,羽田,高松
2026-09-24,JAL291,HND,UBJ,08:00,09:40,羽田,山口宇部
2026-09-24,JAL307,HND,FUK,08:00,09:45,羽田,福岡
2026-09-24,JAL661,HND,OIT,08:00,09:35,羽田,大分
2026-09-24,JAL625,HND,KMJ,08:00,09:45,羽田,熊本
2026-09-24,JAL153,HND,MSJ,08:05,09:20,羽田,三沢
2026-09-24,JAL687,HND,KMI,08:05,09:45,羽田,宮崎
2026-09-24,JAL643,HND,KOJ,08:05,09:50,羽田,鹿児島
2026-09-24,JAL905,HND,OKA,08:05,10:40,羽田,那覇
2026-09-24,JAL201,HND,NGO,08:15,09:10,羽田,中部国際
2026-09-24,JAL231,HND,OKJ,08:15,09:30,羽田,岡山
2026-09-24,JAL373,HND,KKJ,08:15,09:50,羽田,北九州
2026-09-24,JAL505,HND,CTS,08:20,09:55,羽田,新千歳
2026-09-24,JAL107,HND,ITM,08:30,09:35,羽田,伊丹
2026-09-24,JAL907,HND,OKA,08:40,11:15,羽田,那覇
2026-09-24,JAL507,HND,CTS,08:50,10:25,羽田,新千歳
2026-09-24,JAL255,HND,HIJ,08:50,10:10,羽田,広島
2026-09-24,JAL309,HND,FUK,09:05,10:55,羽田,福岡
2026-09-24,JAL433,HND,MYJ,09:15,10:40,羽田,松山
2026-09-24,JAL493,HND,KCZ,09:15,10:35,羽田,高知
2026-09-24,JAL311,HND,FUK,09:15,11:05,羽田,福岡
2026-09-24,JAL185,HND,KMQ,09:30,10:35,羽田,小松
2026-09-24,JAL111,HND,ITM,09:35,10:40,羽田,伊丹
2026-09-24,JAL663,HND,OIT,09:35,11:10,羽田,大分
2026-09-24,JAL909,HND,OKA,09:40,12:15,羽田,那覇
2026-09-24,JAL509,HND,CTS,09:45,11:20,羽田,新千歳
2026-09-24,JAL279,HND,IZO,09:50,11:15,羽田,出雲
2026-09-24,JAL477,HND,TAK,09:50,11:05,羽田,高松
2026-09-24,JAL689,HND,KMI,09:55,11:35,羽田,宮崎
2026-09-24,JAL143,HND,AOJ,10:00,11:20,羽田,青森
2026-09-24,JAL313,HND,FUK,10:00,11:45,羽田,福岡
2026-09-24,JAL627,HND,KMJ,10:00,11:45,羽田,熊本
2026-09-24,JAL607,HND,NGS,10:05,11:55,羽田,長崎
2026-09-24,JAL645,HND,KOJ,10:05,11:50,羽田,鹿児島
2026-09-24,JAL257,HND,HIJ,10:10,11:30,羽田,広島
2026-09-24,JAL511,HND,CTS,10:15,11:50,羽田,新千歳
2026-09-24,JAL233,HND,OKJ,10:20,11:40,羽田,岡山
2026-09-24,JAL455,HND,TKS,10:25,11:40,羽田,徳島
2026-09-24,JAL163,HND,AXT,10:30,11:35,羽田,秋田
2026-09-24,JAL113,HND,ITM,10:30,11:35,羽田,伊丹
2026-09-24,JAL913,HND,OKA,10:35,13:10,羽田,那覇
2026-09-24,JAL933,HND,MMY,10:40,13:25,羽田,宮古
2026-09-24,JAL155,HND,MSJ,10:45,12:05,羽田,三沢
2026-09-24,JAL575,HND,OBO,11:00,12:35,羽田,帯広
2026-09-24,JAL315,HND,FUK,11:00,12:50,羽田,福岡
2026-09-24,JAL479,HND,TAK,11:05,12:25,羽田,高松
2026-09-24,JAL553,HND,AKJ,11:10,12:50,羽田,旭川
2026-09-24,JAL513,HND,CTS,11:25,13:05,羽田,新千歳
2026-09-24,JAL629,HND,KMJ,11:25,13:10,羽田,熊本
2026-09-24,JAL659,HND,ASJ,11:25,13:35,羽田,奄美
2026-09-24,JAL115,HND,ITM,11:30,12:35,羽田,伊丹
2026-09-24,JAL215,HND,SHM,11:30,12:40,羽田,南紀白浜
2026-09-24,JAL987,HND,OKA,11:30,14:05,羽田,那覇
2026-09-24,JAL259,HND,HIJ,11:40,13:05,羽田,広島
2026-09-24,JAL691,HND,KMI,11:40,13:25,羽田,宮崎
2026-09-24,JAL317,HND,FUK,11:55,13:45,羽田,福岡
2026-09-24,JAL915,HND,OKA,11:55,14:30,羽田,那覇
2026-09-24,JAL647,HND,KOJ,12:00,13:45,羽田,鹿児島
2026-09-24,JAL665,HND,OIT,12:05,13:40,羽田,大分
2026-09-24,JAL435,HND,MYJ,12:10,13:35,羽田,松山
2026-09-24,JAL543,HND,KUH,12:15,13:50,羽田,釧路
2026-09-24,JAL567,HND,MMB,12:25,14:10,羽田,女満別
2026-09-24,JAL117,HND,ITM,12:30,13:35,羽田,伊丹
2026-09-24,JAL609,HND,NGS,12:30,14:20,羽田,長崎
2026-09-24,JAL225,HND,KIX,12:35,14:00,羽田,関西国際
2026-09-24,JAL515,HND,CTS,12:40,14:15,羽田,新千歳
2026-09-24,JAL459,HND,TKS,12:40,14:00,羽田,徳島
2026-09-24,JAL293,HND,UBJ,12:45,14:20,羽田,山口宇部
2026-09-24,JAL587,HND,HKD,12:50,14:10,羽田,函館
2026-09-24,JAL631,HND,KMJ,12:50,14:35,羽田,熊本
2026-09-24,JAL319,HND,FUK,12:55,14:40,羽田,福岡
2026-09-24,JAL481,HND,TAK,13:00,14:15,羽田,高松
2026-09-24,JAL187,HND,KMQ,13:05,14:10,羽田,小松
2026-09-24,JAL145,HND,AOJ,13:15,14:30,羽田,青森
2026-09-24,JAL517,HND,CTS,13:30,15:05,羽田,新千歳
2026-09-24,JAL119,HND,ITM,13:30,14:35,羽田,伊丹
2026-09-24,JAL611,HND,NGS,13:30,15:20,羽田,長崎
2026-09-24,JAL375,HND,KKJ,13:40,15:15,羽田,北九州
2026-09-24,JAL321,HND,FUK,13:45,15:30,羽田,福岡
2026-09-24,JAL577,HND,OBO,13:50,15:25,羽田,帯広
2026-09-24,JAL917,HND,OKA,13:55,16:25,羽田,那覇
2026-09-24,JAL555,HND,AKJ,14:05,15:40,羽田,旭川
2026-09-24,JAL495,HND,KCZ,14:05,15:25,羽田,高知
2026-09-24,JAL263,HND,HIJ,14:15,15:40,羽田,広島
2026-09-24,JAL649,HND,KOJ,14:15,15:55,羽田,鹿児島
2026-09-24,JAL693,HND,KMI,14:20,16:00,羽田,宮崎
2026-09-24,JAL519,HND,CTS,14:25,16:00,羽田,新千歳
2026-09-24,JAL237,HND,OKJ,14:30,15:45,羽田,岡山
2026-09-24,JAL121,HND,ITM,14:35,15:40,羽田,伊丹
2026-09-24,JAL633,HND,KMJ,14:40,16:20,羽田,熊本
2026-09-24,JAL165,HND,AXT,14:50,15:55,羽田,秋田
2026-09-24,JAL973,HND,ISG,14:50,17:40,羽田,新石垣
2026-09-24,JAL157,HND,MSJ,14:55,16:10,羽田,三沢
2026-09-24,JAL125,HND,ITM,14:55,16:00,羽田,伊丹
2026-09-24,JAL283,HND,IZO,14:55,16:15,羽田,出雲
2026-09-24,JAL667,HND,OIT,15:05,16:40,羽田,大分
2026-09-24,JAL483,HND,TAK,15:10,16:30,羽田,高松
2026-09-24,JAL919,HND,OKA,15:10,17:40,羽田,那覇
2026-09-24,JAL521,HND,CTS,15:25,17:00,羽田,新千歳
2026-09-24,JAL323,HND,FUK,15:25,17:15,羽田,福岡
2026-09-24,JAL437,HND,MYJ,15:30,16:55,羽田,松山
2026-09-24,JAL461,HND,TKS,15:40,16:55,羽田,徳島
2026-09-24,JAL325,HND,FUK,15:55,17:50,羽田,福岡
2026-09-24,JAL921,HND,OKA,15:55,18:25,羽田,那覇
2026-09-24,JAL147,HND,AOJ,16:00,17:10,羽田,青森
2026-09-24,JAL695,HND,KMI,16:25,18:00,羽田,宮崎
2026-09-24,JAL127,HND,ITM,16:30,17:35,羽田,伊丹
2026-09-24,JAL219,HND,SHM,16:30,17:40,羽田,南紀白浜
2026-09-24,JAL651,HND,KOJ,16:30,18:10,羽田,鹿児島
2026-09-24,JAL523,HND,CTS,16:40,18:20,羽田,新千歳
2026-09-24,JAL669,HND,OIT,16:40,18:15,羽田,大分
2026-09-24,JAL295,HND,UBJ,16:45,18:20,羽田,山口宇部
2026-09-24,JAL189,HND,KMQ,16:50,17:55,羽田,小松
2026-09-24,JAL285,HND,IZO,16:55,18:25,羽田,出雲
2026-09-24,JAL439,HND,MYJ,16:55,18:20,羽田,松山
2026-09-24,JAL497,HND,KCZ,16:55,18:15,羽田,高知
2026-09-24,JAL923,HND,OKA,16:55,19:30,羽田,那覇
2026-09-24,JAL327,HND,FUK,17:00,19:00,羽田,福岡
2026-09-24,JAL159,HND,MSJ,17:05,18:30,羽田,三沢
2026-09-24,JAL589,HND,HKD,17:10,18:35,羽田,函館
2026-09-24,JAL569,HND,MMB,17:15,19:10,羽田,女満別
2026-09-24,JAL545,HND,KUH,17:15,19:05,羽田,釧路
2026-09-24,JAL557,HND,AKJ,17:30,19:15,羽田,旭川
2026-09-24,JAL179,HND,GAJ,17:30,18:35,羽田,山形
2026-09-24,JAL239,HND,OKJ,17:30,18:45,羽田,岡山
2026-09-24,JAL525,HND,CTS,17:35,19:15,羽田,新千歳
2026-09-24,JAL579,HND,OBO,17:35,19:20,羽田,帯広
2026-09-24,JAL131,HND,ITM,17:35,18:40,羽田,伊丹
2026-09-24,JAL637,HND,KMJ,17:35,19:20,羽田,熊本
2026-09-24,JAL613,HND,NGS,17:45,19:40,羽田,長崎
2026-09-24,JAL329,HND,FUK,17:55,19:50,羽田,福岡
2026-09-24,JAL653,HND,KOJ,17:55,19:40,羽田,鹿児島
2026-09-24,JAL133,HND,ITM,18:00,19:10,羽田,伊丹
2026-09-24,JAL287,HND,IZO,18:15,19:45,羽田,出雲
2026-09-24,JAL265,HND,HIJ,18:20,19:45,羽田,広島
2026-09-24,JAL463,HND,TKS,18:20,19:35,羽田,徳島
2026-09-24,JAL997,HND,OKA,18:20,20:55,羽田,那覇
2026-09-24,JAL377,HND,KKJ,18:25,20:00,羽田,北九州
2026-09-24,JAL527,HND,CTS,18:40,20:15,羽田,新千歳
2026-09-24,JAL149,HND,AOJ,18:40,19:55,羽田,青森
2026-09-24,JAL137,HND,ITM,18:40,19:50,羽田,伊丹
2026-09-24,JAL485,HND,TAK,18:40,19:55,羽田,高松
2026-09-24,JAL191,HND,KMQ,18:45,19:50,羽田,小松
2026-09-24,JAL331,HND,FUK,18:45,20:35,羽田,福岡
2026-09-24,JAL499,HND,KCZ,18:55,20:15,羽田,高知
2026-09-24,JAL697,HND,KMI,18:55,20:35,羽田,宮崎
2026-09-24,JAL297,HND,UBJ,19:00,20:35,羽田,山口宇部
2026-09-24,JAL167,HND,AXT,19:10,20:15,羽田,秋田
2026-09-24,JAL139,HND,ITM,19:10,20:30,羽田,伊丹
2026-09-24,JAL639,HND,KMJ,19:10,20:55,羽田,熊本
2026-09-24,JAL333,HND,FUK,19:15,21:05,羽田,福岡
2026-09-24,JAL655,HND,KOJ,19:25,21:05,羽田,鹿児島
2026-09-24,JAL615,HND,NGS,19:30,21:20,羽田,長崎
2026-09-24,JAL335,HND,FUK,19:35,21:30,羽田,福岡
2026-09-24,JAL241,HND,OKJ,19:40,20:55,羽田,岡山
2026-09-24,JAL443,HND,MYJ,19:45,21:10,羽田,松山
2026-09-24,JAL465,HND,TKS,19:45,20:55,羽田,徳島
2026-09-24,JAL151,HND,AOJ,19:50,21:05,羽田,青森
2026-09-24,JAL529,HND,CTS,19:55,21:30,羽田,新千歳
2026-09-24,JAL209,HND,NGO,19:55,20:55,羽田,中部国際
2026-09-24,JAL267,HND,HIJ,19:55,21:20,羽田,広島
2026-09-24,JAL925,HND,OKA,20:05,22:30,羽田,那覇
2026-09-24,JAL487,HND,TAK,20:15,21:30,羽田,高松
2026-09-24,JAL671,HND,OIT,20:15,21:45,羽田,大分
2026-09-24,JAL599,HND,CTS,20:30,22:05,羽田,新千歳
2026-09-24,JAL193,HND,KMQ,20:40,21:40,羽田,小松
2026-09-24,JAL229,HND,KIX,20:40,21:55,羽田,関西国際
2026-09-24,JAL531,HND,CTS,20:45,22:20,羽田,新千歳
2026-09-24,JAL4042,IKI,NGS,09:55,10:25,壱岐,長崎
2026-09-24,JAL4044,IKI,NGS,17:50,18:20,壱岐,長崎
2026-09-24,JTA600,ISG,OKA,08:55,10:00,新石垣,那覇
2026-09-24,RAC741,ISG,OGN,09:55,10:25,新石垣,与那国
2026-09-24,JAL972,ISG,HND,11:10,14:05,新石垣,羽田
2026-09-24,JTA608,ISG,OKA,11:15,12:20,新石垣,那覇
2026-09-24,RAC743,ISG,OGN,12:35,13:05,新石垣,与那国
2026-09-24,JTA612,ISG,OKA,13:00,14:05,新石垣,那覇
2026-09-24,JTA614,ISG,OKA,14:00,15:00,新石垣,那覇
2026-09-24,RAC834,ISG,MMY,14:45,15:15,新石垣,宮古
2026-09-24,JTA622,ISG,OKA,16:25,17:25,新石垣,那覇
2026-09-24,RAC747,ISG,OGN,17:50,18:20,新石垣,与那国
2026-09-24,JTA626,ISG,OKA,18:40,19:45,新石垣,那覇
2026-09-24,RAC838,ISG,MMY,19:00,19:30,新石垣,宮古
2026-09-24,JAL974,ISG,HND,19:15,22:10,新石垣,羽田
2026-09-24,JTA086,ISG,KIX,19:50,22:15,新石垣,関西国際
2026-09-24,JAL102,ITM,HND,07:05,08:15,伊丹,羽田
2026-09-24,JAL2371,ITM,NGS,07:05,08:15,伊丹,長崎
2026-09-24,JAL2401,ITM,KOJ,07:05,08:15,伊丹,鹿児島
2026-09-24,JAL2241,ITM,KIJ,07:10,08:15,伊丹,新潟
2026-09-24,JAL2345,ITM,IZO,07:10,08:00,伊丹,出雲
2026-09-24,JAL2431,ITM,KMI,07:10,08:15,伊丹,宮崎
2026-09-24,JAL2051,ITM,FUK,07:15,08:25,伊丹,福岡
2026-09-24,JAL2361,ITM,OIT,07:15,08:15,伊丹,大分
2026-09-24,JAL2201,ITM,SDJ,07:20,08:35,伊丹,仙台
2026-09-24,JAL2181,ITM,HNA,07:25,08:50,伊丹,花巻
2026-09-24,JAL104,ITM,HND,07:25,08:40,伊丹,羽田
2026-09-24,JAL2383,ITM,KMJ,07:30,08:40,伊丹,熊本
2026-09-24,JAL2001,ITM,CTS,07:40,09:30,伊丹,新千歳
2026-09-24,JAL2151,ITM,AOJ,07:45,09:15,伊丹,青森
2026-09-24,JAL2171,ITM,AXT,07:55,09:10,伊丹,秋田
2026-09-24,JAL2233,ITM,GAJ,08:00,09:15,伊丹,山形
2026-09-24,JAL2081,ITM,OKA,08:20,10:25,伊丹,那覇
2026-09-24,JAL106,ITM,HND,08:25,09:35,伊丹,羽田
2026-09-24,JAL2323,ITM,TJH,09:00,09:40,伊丹,但馬
2026-09-24,JAL2161,ITM,MSJ,09:15,10:45,伊丹,三沢
2026-09-24,JAL110,ITM,HND,09:20,10:35,伊丹,羽田
2026-09-24,JAL2405,ITM,KOJ,09:20,10:30,伊丹,鹿児島
2026-09-24,JAL2203,ITM,SDJ,09:30,10:45,伊丹,仙台
2026-09-24,JAL2301,ITM,MYJ,09:30,10:15,伊丹,松山
2026-09-24,JAL2465,ITM,ASJ,09:35,11:10,伊丹,奄美
2026-09-24,JAL2053,ITM,FUK,09:50,11:00,伊丹,福岡
2026-09-24,JAL2365,ITM,OIT,10:10,11:05,伊丹,大分
2026-09-24,JAL2351,ITM,IZO,10:20,11:10,伊丹,出雲
2026-09-24,JAL2385,ITM,KMJ,10:20,11:25,伊丹,熊本
2026-09-24,JAL112,ITM,HND,10:25,11:35,伊丹,羽田
2026-09-24,JAL2243,ITM,KIJ,10:35,11:35,伊丹,新潟
2026-09-24,JAL2433,ITM,KMI,10:35,11:35,伊丹,宮崎
2026-09-24,JAL2123,ITM,HKD,11:00,12:35,伊丹,函館
2026-09-24,JAL2205,ITM,SDJ,11:00,12:15,伊丹,仙台
2026-09-24,JAL2407,ITM,KOJ,11:05,12:15,伊丹,鹿児島
2026-09-24,JAL2373,ITM,NGS,11:20,12:30,伊丹,長崎
2026-09-24,JAL114,ITM,HND,11:25,12:40,伊丹,羽田
2026-09-24,JAL2451,ITM,KUM,11:25,13:10,伊丹,屋久島
2026-09-24,JAL2005,ITM,CTS,11:45,13:35,伊丹,新千歳
2026-09-24,JAL2183,ITM,HNA,11:45,13:00,伊丹,花巻
2026-09-24,JAL2153,ITM,AOJ,12:00,13:25,伊丹,青森
2026-09-24,JAL2173,ITM,AXT,12:20,13:35,伊丹,秋田
2026-09-24,JAL116,ITM,HND,12:25,13:40,伊丹,羽田
2026-09-24,JAL2007,ITM,CTS,12:45,14:30,伊丹,新千歳
2026-09-24,JAL3881,ITM,KMJ,12:50,14:20,伊丹,熊本
2026-09-24,JAL2375,ITM,NGS,13:00,14:15,伊丹,長崎
2026-09-24,JAL2235,ITM,GAJ,13:10,14:20,伊丹,山形
2026-09-24,JAL2057,ITM,FUK,13:10,14:20,伊丹,福岡
2026-09-24,JAL118,ITM,HND,13:25,14:40,伊丹,羽田
2026-09-24,JAL2185,ITM,HNA,13:35,14:55,伊丹,花巻
2026-09-24,JAL2331,ITM,OKI,13:45,14:35,伊丹,隠岐
2026-09-24,JAL2207,ITM,SDJ,13:50,15:00,伊丹,仙台
2026-09-24,JAL2387,ITM,KMJ,13:50,14:55,伊丹,熊本
2026-09-24,JAL120,ITM,HND,14:20,15:35,伊丹,羽田
2026-09-24,JAL2247,ITM,KIJ,14:30,15:30,伊丹,新潟
2026-09-24,JAL3006,ITM,NRT,14:35,16:00,伊丹,成田
2026-09-24,JAL2355,ITM,IZO,14:35,15:25,伊丹,出雲
2026-09-24,JAL2087,ITM,OKA,14:50,16:50,伊丹,那覇
2026-09-24,JAL2009,ITM,CTS,15:15,17:00,伊丹,新千歳
2026-09-24,JAL2409,ITM,KOJ,15:15,16:20,伊丹,鹿児島
2026-09-24,JAL2209,ITM,SDJ,15:30,16:45,伊丹,仙台
2026-09-24,JAL124,ITM,HND,15:35,17:00,伊丹,羽田
2026-09-24,JAL2163,ITM,MSJ,15:40,17:10,伊丹,三沢
2026-09-24,JAL2411,ITM,KOJ,16:15,17:25,伊丹,鹿児島
2026-09-24,JAL2237,ITM,GAJ,16:25,17:35,伊丹,山形
2026-09-24,JAL2179,ITM,AXT,16:30,17:45,伊丹,秋田
2026-09-24,JAL126,ITM,HND,16:30,17:50,伊丹,羽田
2026-09-24,JAL2309,ITM,MYJ,16:30,17:15,伊丹,松山
2026-09-24,JAL2439,ITM,KMI,16:30,17:35,伊丹,宮崎
2026-09-24,JAL2187,ITM,HNA,16:45,18:10,伊丹,花巻
2026-09-24,JAL2157,ITM,AOJ,16:50,18:15,伊丹,青森
2026-09-24,JAL128,ITM,HND,16:50,18:10,伊丹,羽田
2026-09-24,JAL2325,ITM,TJH,16:55,17:30,伊丹,但馬
2026-09-24,JAL2213,ITM,SDJ,17:10,18:25,伊丹,仙台
2026-09-24,JAL2377,ITM,NGS,17:20,18:35,伊丹,長崎
2026-09-24,JAL2389,ITM,KMJ,17:25,18:30,伊丹,熊本
2026-09-24,JAL2415,ITM,KOJ,17:25,18:35,伊丹,鹿児島
2026-09-24,JAL2443,ITM,KMI,17:30,18:35,伊丹,宮崎
2026-09-24,JAL2251,ITM,KIJ,17:35,18:40,伊丹,新潟
2026-09-24,JAL2367,ITM,OIT,17:40,18:35,伊丹,大分
2026-09-24,JAL2357,ITM,IZO,18:05,18:55,伊丹,出雲
2026-09-24,JAL130,ITM,HND,18:25,19:40,伊丹,羽田
2026-09-24,JAL2019,ITM,CTS,18:40,20:25,伊丹,新千歳
2026-09-24,JAL134,ITM,HND,19:35,20:50,伊丹,羽田
2026-09-24,JAL2217,ITM,SDJ,19:50,21:05,伊丹,仙台
2026-09-24,JAL2061,ITM,FUK,19:55,21:10,伊丹,福岡
2026-09-24,JAL2445,ITM,KMI,19:55,21:00,伊丹,宮崎
2026-09-24,JAL138,ITM,HND,20:05,21:20,伊丹,羽田
2026-09-24,JAL2419,ITM,KOJ,20:05,21:15,伊丹,鹿児島
2026-09-24,JAL276,IZO,HND,07:35,09:00,出雲,羽田
2026-09-24,JAL2344,IZO,ITM,08:30,09:15,出雲,伊丹
2026-09-24,JAL4462,IZO,NKM,08:45,09:45,出雲,名古屋
2026-09-24,JAL3433,IZO,OKI,09:00,09:30,出雲,隠岐
2026-09-24,JAL278,IZO,HND,09:15,10:35,出雲,羽田
2026-09-24,JAL3550,IZO,FUK,11:00,12:10,出雲,福岡
2026-09-24,JAL2346,IZO,ITM,11:40,12:25,出雲,伊丹
2026-09-24,JAL280,IZO,HND,11:55,13:20,出雲,羽田
2026-09-24,JAL4464,IZO,NKM,12:30,13:30,出雲,名古屋
2026-09-24,JAL2356,IZO,ITM,16:00,16:45,出雲,伊丹
2026-09-24,JAL284,IZO,HND,17:15,18:50,出雲,羽田
2026-09-24,JAL4468,IZO,NKM,18:35,19:35,出雲,名古屋
2026-09-24,JAL286,IZO,HND,19:10,20:35,出雲,羽田
2026-09-24,JAL3554,IZO,FUK,19:15,20:25,出雲,福岡
2026-09-24,JAL2358,IZO,ITM,19:30,20:20,出雲,伊丹
2026-09-24,JAL490,KCZ,HND,07:10,08:30,高知,羽田
2026-09-24,JAL4512,KCZ,NGO,09:15,10:15,高知,中部国際
2026-09-24,JAL492,KCZ,HND,09:35,11:00,高知,羽田
2026-09-24,JAL3582,KCZ,FUK,10:25,11:25,高知,福岡
2026-09-24,JAL494,KCZ,HND,11:15,12:40,高知,羽田
2026-09-24,JAL4376,KCZ,NKM,15:55,16:55,高知,名古屋
2026-09-24,JAL496,KCZ,HND,16:15,17:45,高知,羽田
2026-09-24,JAL3588,KCZ,FUK,17:30,18:25,高知,福岡
2026-09-24,JAL498,KCZ,HND,19:00,20:25,高知,羽田
2026-09-24,JAL4378,KCZ,NKM,19:50,20:50,高知,名古屋
2026-09-24,JAL2240,KIJ,ITM,08:45,09:50,新潟,伊丹
2026-09-24,JAL4484,KIJ,CTS,11:45,13:00,新潟,新千歳
2026-09-24,JAL2244,KIJ,ITM,12:10,13:15,新潟,伊丹
2026-09-24,JAL4476,KIJ,FUK,12:30,14:20,新潟,福岡
2026-09-24,JAL2246,KIJ,ITM,16:00,17:05,新潟,伊丹
2026-09-24,JAL4486,KIJ,CTS,16:15,17:30,新潟,新千歳
2026-09-24,JAL4436,KIJ,NKM,18:45,19:45,新潟,名古屋
2026-09-24,JAL2250,KIJ,ITM,19:10,20:30,新潟,伊丹
2026-09-24,JAL220,KIX,HND,06:40,07:50,関西国際,羽田
2026-09-24,JTA121,KIX,MMY,07:40,09:55,関西国際,宮古
2026-09-24,JTA001,KIX,OKA,08:20,10:25,関西国際,那覇
2026-09-24,JAL2501,KIX,CTS,09:15,11:10,関西国際,新千歳
2026-09-24,JTA083,KIX,ISG,09:50,12:20,関西国際,新石垣
2026-09-24,JTA005,KIX,OKA,14:05,16:10,関西国際,那覇
2026-09-24,JAL224,KIX,HND,14:45,16:05,関西国際,羽田
2026-09-24,JAL2505,KIX,CTS,15:10,17:05,関西国際,新千歳
2026-09-24,JTA009,KIX,OKA,20:25,22:30,関西国際,那覇
2026-09-24,JAL228,KIX,HND,21:10,22:30,関西国際,羽田
2026-09-24,JAL374,KKJ,HND,10:35,12:10,北九州,羽田
2026-09-24,JAL376,KKJ,HND,15:55,17:40,北九州,羽田
2026-09-24,JAL378,KKJ,HND,20:45,22:20,北九州,羽田
2026-09-24,JAL3780,KKX,KOJ,09:20,10:25,喜界,鹿児島
2026-09-24,JAL3830,KKX,ASJ,10:15,10:35,喜界,奄美
2026-09-24,JAL3786,KKX,KOJ,15:15,16:20,喜界,鹿児島
2026-09-24,JAL3836,KKX,ASJ,16:30,16:50,喜界,奄美
2026-09-24,JAL688,KMI,HND,07:35,09:20,宮崎,羽田
2026-09-24,JAL2430,KMI,ITM,07:35,08:40,宮崎,伊丹
2026-09-24,JAL3624,KMI,FUK,08:30,09:20,宮崎,福岡
2026-09-24,JAL2432,KMI,ITM,08:45,09:50,宮崎,伊丹
2026-09-24,JAL690,KMI,HND,10:30,12:10,宮崎,羽田
2026-09-24,JAL3626,KMI,FUK,11:05,11:55,宮崎,福岡
2026-09-24,JAL692,KMI,HND,12:10,13:55,宮崎,羽田
2026-09-24,JAL2434,KMI,ITM,12:10,13:15,宮崎,伊丹
2026-09-24,JAL3628,KMI,FUK,13:00,13:55,宮崎,福岡
2026-09-24,JAL694,KMI,HND,14:00,15:45,宮崎,羽田
2026-09-24,JAL3630,KMI,FUK,14:00,14:55,宮崎,福岡
2026-09-24,JAL3634,KMI,FUK,15:50,16:40,宮崎,福岡
2026-09-24,JAL696,KMI,HND,16:50,18:35,宮崎,羽田
2026-09-24,JAL3636,KMI,FUK,16:50,17:45,宮崎,福岡
2026-09-24,JAL2440,KMI,ITM,18:05,19:20,宮崎,伊丹
2026-09-24,JAL698,KMI,HND,18:45,20:30,宮崎,羽田
2026-09-24,JAL2444,KMI,ITM,19:05,20:20,宮崎,伊丹
2026-09-24,JAL3642,KMI,FUK,20:35,21:30,宮崎,福岡
2026-09-24,JAL622,KMJ,HND,07:35,09:20,熊本,羽田
2026-09-24,JAL624,KMJ,HND,08:40,10:20,熊本,羽田
2026-09-24,JAL2382,KMJ,ITM,09:15,10:20,熊本,伊丹
2026-09-24,JAL4400,KMJ,NKM,09:45,11:05,熊本,名古屋
2026-09-24,JAL626,KMJ,HND,10:20,12:05,熊本,羽田
2026-09-24,JAL3880,KMJ,ITM,10:45,12:10,熊本,伊丹
2026-09-24,JAL2386,KMJ,ITM,12:00,13:05,熊本,伊丹
2026-09-24,JAL628,KMJ,HND,12:25,14:10,熊本,羽田
2026-09-24,JAL4534,KMJ,NGO,12:40,14:00,熊本,中部国際
2026-09-24,JAL630,KMJ,HND,13:50,15:35,熊本,羽田
2026-09-24,JAL3873,KMJ,AXJ,14:50,15:15,熊本,天草
2026-09-24,JAL632,KMJ,HND,15:20,17:10,熊本,羽田
2026-09-24,JAL2388,KMJ,ITM,15:30,16:35,熊本,伊丹
2026-09-24,JAL4536,KMJ,NGO,16:30,17:50,熊本,中部国際
2026-09-24,JAL634,KMJ,HND,17:20,19:05,熊本,羽田
2026-09-24,JAL2392,KMJ,ITM,19:00,20:20,熊本,伊丹
2026-09-24,JAL4408,KMJ,NKM,20:00,21:20,熊本,名古屋
2026-09-24,JAL638,KMJ,HND,20:05,21:45,熊本,羽田
2026-09-24,JAL182,KMQ,HND,07:35,08:50,小松,羽田
2026-09-24,JAL184,KMQ,HND,08:50,10:00,小松,羽田
2026-09-24,JAL186,KMQ,HND,11:15,12:25,小松,羽田
2026-09-24,JTA037,KMQ,OKA,14:05,16:25,小松,那覇
2026-09-24,JAL188,KMQ,HND,14:50,16:10,小松,羽田
2026-09-24,JAL190,KMQ,HND,18:40,19:55,小松,羽田
2026-09-24,JAL192,KMQ,HND,20:30,21:40,小松,羽田
2026-09-24,JAL3801,KOJ,OKE,07:20,08:45,鹿児島,沖永良部
2026-09-24,JAL640,KOJ,HND,07:30,09:15,鹿児島,羽田
2026-09-24,JAL2400,KOJ,ITM,07:35,08:45,鹿児島,伊丹
2026-09-24,JAL3783,KOJ,KKX,07:35,08:50,鹿児島,喜界
2026-09-24,JAL3721,KOJ,ASJ,07:40,08:55,鹿児島,奄美
2026-09-24,JAL3791,KOJ,TKN,07:50,09:10,鹿児島,徳之島
2026-09-24,JAL3761,KOJ,TNE,08:10,08:50,鹿児島,種子島
2026-09-24,JAL3741,KOJ,KUM,08:40,09:20,鹿児島,屋久島
2026-09-24,JAL642,KOJ,HND,08:50,10:35,鹿児島,羽田
2026-09-24,JAL2402,KOJ,ITM,08:50,10:00,鹿児島,伊丹
2026-09-24,JAL3793,KOJ,TKN,08:55,09:55,鹿児島,徳之島
2026-09-24,JAL3727,KOJ,ASJ,10:15,11:10,鹿児島,奄美
2026-09-24,JAL3743,KOJ,KUM,10:30,11:10,鹿児島,屋久島
2026-09-24,JAL644,KOJ,HND,10:55,12:40,鹿児島,羽田
2026-09-24,JAL2406,KOJ,ITM,11:00,12:10,鹿児島,伊丹
2026-09-24,JAL3763,KOJ,TNE,11:00,11:40,鹿児島,種子島
2026-09-24,JAL3825,KOJ,RNJ,11:10,12:45,鹿児島,与論
2026-09-24,JAL3729,KOJ,ASJ,11:55,12:50,鹿児島,奄美
2026-09-24,JAL3654,KOJ,FUK,12:05,13:05,鹿児島,福岡
2026-09-24,JAL646,KOJ,HND,12:50,14:35,鹿児島,羽田
2026-09-24,JAL2408,KOJ,ITM,12:50,14:00,鹿児島,伊丹
2026-09-24,JAL3795,KOJ,TKN,13:00,14:25,鹿児島,徳之島
2026-09-24,JAL3731,KOJ,ASJ,13:10,14:05,鹿児島,奄美
2026-09-24,JAL3745,KOJ,KUM,13:25,14:05,鹿児島,屋久島
2026-09-24,JAL3785,KOJ,KKX,13:30,14:45,鹿児島,喜界
2026-09-24,JAL648,KOJ,HND,14:35,16:30,鹿児島,羽田
2026-09-24,JAL2410,KOJ,ITM,14:45,15:55,鹿児島,伊丹
2026-09-24,JAL3809,KOJ,OKE,14:55,16:20,鹿児島,沖永良部
2026-09-24,JAL4306,KOJ,FSZ,15:00,16:30,鹿児島,静岡
2026-09-24,JAL3753,KOJ,KUM,15:25,16:05,鹿児島,屋久島
2026-09-24,JAL3797,KOJ,TKN,16:05,17:05,鹿児島,徳之島
2026-09-24,JAL650,KOJ,HND,16:45,18:35,鹿児島,羽田
2026-09-24,JAL3777,KOJ,TNE,16:50,17:30,鹿児島,種子島
2026-09-24,JAL3735,KOJ,ASJ,16:55,17:50,鹿児島,奄美
2026-09-24,JAL3737,KOJ,ASJ,17:15,18:30,鹿児島,奄美
2026-09-24,JAL3759,KOJ,KUM,17:50,18:30,鹿児島,屋久島
2026-09-24,JAL2412,KOJ,ITM,18:05,19:15,鹿児島,伊丹
2026-09-24,JAL3687,KOJ,MYJ,18:50,19:50,鹿児島,松山
2026-09-24,JAL652,KOJ,HND,19:05,20:50,鹿児島,羽田
2026-09-24,JAL2414,KOJ,ITM,19:10,20:30,鹿児島,伊丹
2026-09-24,JAL654,KOJ,HND,20:35,22:25,鹿児島,羽田
2026-09-24,RAC842,KTD,OKA,12:50,13:55,北大東,那覇
2026-09-24,JAL2762,KUH,OKD,09:15,10:05,釧路,丘珠
2026-09-24,JAL540,KUH,HND,10:00,11:45,釧路,羽田
2026-09-24,JAL542,KUH,HND,14:50,16:35,釧路,羽田
2026-09-24,JAL2766,KUH,OKD,15:25,16:15,釧路,丘珠
2026-09-24,JAL2768,KUH,OKD,18:00,18:50,釧路,丘珠
2026-09-24,JAL544,KUH,HND,19:50,21:35,釧路,羽田
2026-09-24,JAL3740,KUM,KOJ,09:55,10:30,屋久島,鹿児島
2026-09-24,JAL3744,KUM,KOJ,11:45,12:20,屋久島,鹿児島
2026-09-24,JAL3746,KUM,KOJ,13:40,14:15,屋久島,鹿児島
2026-09-24,JAL2450,KUM,ITM,14:35,16:15,屋久島,伊丹
2026-09-24,JAL3676,KUM,FUK,15:30,16:45,屋久島,福岡
2026-09-24,JAL3750,KUM,KOJ,16:35,17:10,屋久島,鹿児島
2026-09-24,JAL3756,KUM,KOJ,19:00,19:35,屋久島,鹿児島
2026-09-24,JAL2710,MMB,CTS,08:55,09:40,女満別,新千歳
2026-09-24,JAL562,MMB,HND,09:25,11:20,女満別,羽田
2026-09-24,JAL2722,MMB,OKD,10:20,11:10,女満別,丘珠
2026-09-24,JAL2714,MMB,CTS,13:55,14:45,女満別,新千歳
2026-09-24,JAL564,MMB,HND,15:00,16:55,女満別,羽田
2026-09-24,JAL2718,MMB,CTS,17:25,18:10,女満別,新千歳
2026-09-24,JAL2728,MMB,OKD,19:10,20:00,女満別,丘珠
2026-09-24,JAL566,MMB,HND,19:50,21:45,女満別,羽田
2026-09-24,RAC862,MMD,OKA,09:30,10:35,南大東,那覇
2026-09-24,RAC864,MMD,OKA,15:55,16:55,南大東,那覇
2026-09-24,JAL4362,MMJ,UKB,10:00,11:00,松本,神戸
2026-09-24,JAL4352,MMJ,CTS,11:35,13:15,松本,新千歳
2026-09-24,JAL4344,MMJ,FUK,13:10,14:50,松本,福岡
2026-09-24,JAL4372,MMJ,OKD,16:10,17:40,松本,丘珠
2026-09-24,JAL4348,MMJ,FUK,17:45,19:25,松本,福岡
2026-09-24,JTA552,MMY,OKA,08:50,09:45,宮古,那覇
2026-09-24,RAC891,MMY,TRA,09:20,09:45,宮古,多良間
2026-09-24,JTA556,MMY,OKA,10:40,11:35,宮古,那覇
2026-09-24,RAC831,MMY,ISG,11:30,12:00,宮古,新石垣
2026-09-24,JTA558,MMY,OKA,12:10,13:05,宮古,那覇
2026-09-24,JTA560,MMY,OKA,13:25,14:20,宮古,那覇
2026-09-24,JAL934,MMY,HND,14:25,17:15,宮古,羽田
2026-09-24,RAC897,MMY,TRA,15:50,16:15,宮古,多良間
2026-09-24,JTA562,MMY,OKA,16:05,17:00,宮古,那覇
2026-09-24,JTA564,MMY,OKA,16:55,17:50,宮古,那覇
2026-09-24,RAC839,MMY,ISG,17:45,18:15,宮古,新石垣
2026-09-24,JTA572,MMY,OKA,17:55,18:50,宮古,那覇
2026-09-24,JTA128,MMY,KIX,19:25,21:40,宮古,関西国際
2026-09-24,RAC804,MMY,OKA,20:00,20:55,宮古,那覇
2026-09-24,JAL152,MSJ,HND,10:00,11:25,三沢,羽田
2026-09-24,JAL2162,MSJ,ITM,11:20,13:00,三沢,伊丹
2026-09-24,JAL154,MSJ,HND,12:50,14:15,三沢,羽田
2026-09-24,JAL2816,MSJ,OKD,13:10,14:05,三沢,丘珠
2026-09-24,JAL156,MSJ,HND,16:50,18:15,三沢,羽田
2026-09-24,JAL2166,MSJ,ITM,17:45,19:25,三沢,伊丹
2026-09-24,JAL158,MSJ,HND,19:10,20:35,三沢,羽田
2026-09-24,JAL430,MYJ,HND,07:10,08:40,松山,羽田
2026-09-24,JAL3592,MYJ,FUK,08:25,09:15,松山,福岡
2026-09-24,JAL432,MYJ,HND,09:10,10:40,松山,羽田
2026-09-24,JAL2300,MYJ,ITM,10:45,11:35,松山,伊丹
2026-09-24,JAL434,MYJ,HND,11:25,12:55,松山,羽田
2026-09-24,JAL3596,MYJ,FUK,13:30,14:15,松山,福岡
2026-09-24,JAL436,MYJ,HND,14:20,15:55,松山,羽田
2026-09-24,JAL3602,MYJ,FUK,14:45,15:35,松山,福岡
2026-09-24,JAL438,MYJ,HND,17:35,19:10,松山,羽田
2026-09-24,JAL3608,MYJ,FUK,17:45,18:40,松山,福岡
2026-09-24,JAL440,MYJ,HND,19:00,20:35,松山,羽田
2026-09-24,JAL2310,MYJ,ITM,19:00,20:00,松山,伊丹
2026-09-24,JAL3686,MYJ,KOJ,20:20,21:20,松山,鹿児島
2026-09-24,JAL202,NGO,HND,07:40,08:40,中部国際,羽田
2026-09-24,JAL3101,NGO,CTS,08:05,09:50,中部国際,新千歳
2026-09-24,JAL3082,NGO,NRT,08:20,09:30,中部国際,成田
2026-09-24,JTA045,NGO,OKA,08:30,10:45,中部国際,那覇
2026-09-24,JAL4535,NGO,KMJ,10:45,12:10,中部国際,熊本
2026-09-24,JAL3107,NGO,CTS,12:40,14:20,中部国際,新千歳
2026-09-24,JAL3084,NGO,NRT,14:35,15:50,中部国際,成田
2026-09-24,JAL4537,NGO,KMJ,14:35,16:00,中部国際,熊本
2026-09-24,JTA047,NGO,OKA,14:55,17:10,中部国際,那覇
2026-09-24,JAL3117,NGO,CTS,17:30,19:10,中部国際,新千歳
2026-09-24,JAL4517,NGO,KCZ,18:20,19:20,中部国際,高知
2026-09-24,JTA049,NGO,OKA,18:50,21:00,中部国際,那覇
2026-09-24,JAL208,NGO,HND,20:55,22:00,中部国際,羽田
2026-09-24,JAL606,NGS,HND,07:25,09:10,長崎,羽田
2026-09-24,JAL4051,NGS,TSJ,07:30,08:05,長崎,対馬
2026-09-24,JAL2372,NGS,ITM,08:50,10:00,長崎,伊丹
2026-09-24,JAL4041,NGS,IKI,08:55,09:25,長崎,壱岐
2026-09-24,JAL4073,NGS,FUJ,09:50,10:20,長崎,五島福江
2026-09-24,JAL608,NGS,HND,10:00,11:45,長崎,羽田
2026-09-24,JAL4053,NGS,TSJ,11:00,11:35,長崎,対馬
2026-09-24,JAL610,NGS,HND,12:35,14:25,長崎,羽田
2026-09-24,JAL2374,NGS,ITM,13:00,14:10,長崎,伊丹
2026-09-24,JAL4075,NGS,FUJ,13:20,13:50,長崎,五島福江
2026-09-24,JAL2376,NGS,ITM,14:45,15:55,長崎,伊丹
2026-09-24,JAL612,NGS,HND,15:05,17:00,長崎,羽田
2026-09-24,JAL614,NGS,HND,16:05,18:00,長崎,羽田
2026-09-24,JAL4043,NGS,IKI,16:50,17:20,長崎,壱岐
2026-09-24,JAL4061,NGS,TSJ,19:00,19:35,長崎,対馬
2026-09-24,JAL2378,NGS,ITM,19:10,20:25,長崎,伊丹
2026-09-24,JAL616,NGS,HND,20:25,22:10,長崎,羽田
2026-09-24,JAL4381,NKM,FUK,07:00,08:25,名古屋,福岡
2026-09-24,JAL4461,NKM,IZO,07:15,08:15,名古屋,出雲
2026-09-24,JAL4451,NKM,OKD,07:20,09:00,名古屋,丘珠
2026-09-24,JAL4411,NKM,HNA,07:30,08:40,名古屋,花巻
2026-09-24,JAL4377,NKM,KCZ,07:45,08:45,名古屋,高知
2026-09-24,JAL4401,NKM,KMJ,07:50,09:15,名古屋,熊本
2026-09-24,JAL4383,NKM,FUK,08:00,09:25,名古屋,福岡
2026-09-24,JAL4421,NKM,AOJ,08:25,09:45,名古屋,青森
2026-09-24,JAL4441,NKM,GAJ,09:05,10:10,名古屋,山形
2026-09-24,JAL4433,NKM,KIJ,10:20,11:15,名古屋,新潟
2026-09-24,JAL4385,NKM,FUK,10:55,12:20,名古屋,福岡
2026-09-24,JAL4463,NKM,IZO,11:00,12:00,名古屋,出雲
2026-09-24,JAL4423,NKM,AOJ,11:35,12:55,名古屋,青森
2026-09-24,JAL4413,NKM,HNA,12:15,13:25,名古屋,花巻
2026-09-24,JAL4443,NKM,GAJ,12:20,13:25,名古屋,山形
2026-09-24,JAL4455,NKM,OKD,13:30,15:10,名古屋,丘珠
2026-09-24,JAL4379,NKM,KCZ,14:10,15:10,名古屋,高知
2026-09-24,JAL4417,NKM,HNA,16:00,17:10,名古屋,花巻
2026-09-24,JAL4457,NKM,OKD,16:50,18:30,名古屋,丘珠
2026-09-24,JAL4467,NKM,IZO,17:05,18:05,名古屋,出雲
2026-09-24,JAL4427,NKM,AOJ,18:00,19:20,名古屋,青森
2026-09-24,JAL4409,NKM,KMJ,18:05,19:30,名古屋,熊本
2026-09-24,JAL4393,NKM,FUK,19:35,21:00,名古屋,福岡
2026-09-24,JAL3083,NRT,NGO,10:30,11:40,成田,中部国際
2026-09-24,JAL3009,NRT,ITM,18:25,19:50,成田,伊丹
2026-09-24,JAL3087,NRT,NGO,18:55,20:10,成田,中部国際
2026-09-24,JAL570,OBO,HND,09:55,11:40,帯広,羽田
2026-09-24,JAL572,OBO,HND,13:10,14:55,帯広,羽田
2026-09-24,JAL574,OBO,HND,16:15,18:00,帯広,羽田
2026-09-24,JAL576,OBO,HND,20:00,21:40,帯広,羽田
2026-09-24,RAC742,OGN,ISG,08:55,09:25,与那国,新石垣
2026-09-24,RAC724,OGN,OKA,11:15,12:35,与那国,那覇
2026-09-24,RAC744,OGN,ISG,13:35,14:05,与那国,新石垣
2026-09-24,RAC746,OGN,ISG,16:50,17:20,与那国,新石垣
2026-09-24,RAC728,OGN,OKA,18:50,20:10,与那国,那覇
2026-09-24,JAL2792,OIR,HKD,12:45,13:15,奥尻,函館
2026-09-24,JAL662,OIT,HND,07:35,09:10,大分,羽田
2026-09-24,JAL2362,OIT,ITM,08:45,09:40,大分,伊丹
2026-09-24,JAL664,OIT,HND,10:25,11:55,大分,羽田
2026-09-24,JAL2364,OIT,ITM,11:35,12:35,大分,伊丹
2026-09-24,JAL668,OIT,HND,11:50,13:30,大分,羽田
2026-09-24,JAL670,OIT,HND,14:25,16:05,大分,羽田
2026-09-24,JAL672,OIT,HND,17:20,19:00,大分,羽田
2026-09-24,JAL674,OIT,HND,19:05,20:40,大分,羽田
2026-09-24,JAL2366,OIT,ITM,19:10,20:15,大分,伊丹
2026-09-24,JTA002,OKA,KIX,07:10,09:05,那覇,関西国際
2026-09-24,JTA050,OKA,FUK,07:10,08:50,那覇,福岡
2026-09-24,JTA551,OKA,MMY,07:15,08:10,那覇,宮古
2026-09-24,JTA601,OKA,ISG,07:15,08:15,那覇,新石垣
2026-09-24,RAC721,OKA,OGN,07:15,08:25,那覇,与那国
2026-09-24,JAL900,OKA,HND,07:25,09:50,那覇,羽田
2026-09-24,RAC871,OKA,UEO,07:45,08:15,那覇,久米島
2026-09-24,RAC861,OKA,MMD,08:00,09:00,那覇,南大東
2026-09-24,RAC801,OKA,MMY,08:00,08:50,那覇,宮古
2026-09-24,JTA605,OKA,ISG,09:35,10:30,那覇,新石垣
2026-09-24,JAL902,OKA,HND,09:55,12:25,那覇,羽田
2026-09-24,RAC873,OKA,UEO,09:55,10:25,那覇,久米島
2026-09-24,JTA052,OKA,FUK,10:25,12:10,那覇,福岡
2026-09-24,JTA557,OKA,MMY,10:40,11:30,那覇,宮古
2026-09-24,JAL904,OKA,HND,10:50,13:25,那覇,羽田
2026-09-24,JTA036,OKA,KMQ,11:10,13:25,那覇,小松
2026-09-24,JTA004,OKA,KIX,11:10,13:10,那覇,関西国際
2026-09-24,RAC841,OKA,KTD,11:20,12:20,那覇,北大東
2026-09-24,JAL906,OKA,HND,11:40,14:15,那覇,羽田
2026-09-24,JTA042,OKA,NGO,11:55,14:05,那覇,中部国際
2026-09-24,JAL2084,OKA,ITM,11:55,13:55,那覇,伊丹
2026-09-24,JTA559,OKA,MMY,11:55,12:45,那覇,宮古
2026-09-24,JAL908,OKA,HND,12:15,14:50,那覇,羽田
2026-09-24,JTA609,OKA,ISG,12:15,13:15,那覇,新石垣
2026-09-24,RAC877,OKA,UEO,12:20,12:50,那覇,久米島
2026-09-24,JAL910,OKA,HND,13:15,15:50,那覇,羽田
2026-09-24,RAC815,OKA,RNJ,13:15,13:55,那覇,与論
2026-09-24,JTA054,OKA,FUK,13:20,15:05,那覇,福岡
2026-09-24,JTA211,OKA,UEO,13:45,14:20,那覇,久米島
2026-09-24,JAL994,OKA,HND,13:50,16:25,那覇,羽田
2026-09-24,JAL3867,OKA,ASJ,13:55,14:55,那覇,奄美
2026-09-24,JAL912,OKA,HND,14:00,16:35,那覇,羽田
2026-09-24,RAC863,OKA,MMD,14:25,15:25,那覇,南大東
2026-09-24,JTA563,OKA,MMY,14:30,15:25,那覇,宮古
2026-09-24,JAL3715,OKA,OKE,14:35,15:25,那覇,沖永良部
2026-09-24,JTA617,OKA,ISG,14:45,15:45,那覇,新石垣
2026-09-24,JAL988,OKA,HND,14:55,17:35,那覇,羽田
2026-09-24,RAC727,OKA,OGN,14:55,16:10,那覇,与那国
2026-09-24,JTA058,OKA,FUK,15:00,16:45,那覇,福岡
2026-09-24,JTA565,OKA,MMY,15:25,16:15,那覇,宮古
2026-09-24,JAL914,OKA,HND,15:40,18:15,那覇,羽田
2026-09-24,RAC879,OKA,UEO,15:40,16:15,那覇,久米島
2026-09-24,JTA044,OKA,NGO,15:45,17:55,那覇,中部国際
2026-09-24,JTA571,OKA,MMY,16:25,17:15,那覇,宮古
2026-09-24,JTA621,OKA,ISG,17:00,18:00,那覇,新石垣
2026-09-24,RAC881,OKA,UEO,17:25,17:55,那覇,久米島
2026-09-24,JTA008,OKA,KIX,17:40,19:40,那覇,関西国際
2026-09-24,JAL916,OKA,HND,17:45,20:15,那覇,羽田
2026-09-24,JAL2088,OKA,ITM,17:55,19:55,那覇,伊丹
2026-09-24,JTA573,OKA,MMY,17:55,18:45,那覇,宮古
2026-09-24,JTA625,OKA,ISG,18:10,19:10,那覇,新石垣
2026-09-24,JTA016,OKA,OKJ,18:30,20:20,那覇,岡山
2026-09-24,JTA060,OKA,FUK,18:30,20:10,那覇,福岡
2026-09-24,JAL918,OKA,HND,18:50,21:20,那覇,羽田
2026-09-24,JAL920,OKA,HND,19:30,22:00,那覇,羽田
2026-09-24,JTA062,OKA,FUK,19:40,21:25,那覇,福岡
2026-09-24,JTA046,OKA,NGO,19:45,21:55,那覇,中部国際
2026-09-24,JAL922,OKA,HND,20:30,23:00,那覇,羽田
2026-09-24,JAL2741,OKD,HKD,07:35,08:15,丘珠,函館
2026-09-24,JAL2783,OKD,RIS,07:50,08:45,丘珠,利尻
2026-09-24,JAL2761,OKD,KUH,08:00,08:45,丘珠,釧路
2026-09-24,JAL2721,OKD,MMB,09:05,09:50,丘珠,女満別
2026-09-24,JAL4371,OKD,MMJ,09:30,11:05,丘珠,松本
2026-09-24,JAL2731,OKD,SHB,09:55,10:45,丘珠,根室中標津
2026-09-24,JAL2745,OKD,HKD,10:35,11:15,丘珠,函館
2026-09-24,JAL2823,OKD,AXT,10:45,11:55,丘珠,秋田
2026-09-24,JAL4452,OKD,NKM,11:10,12:55,丘珠,名古屋
2026-09-24,JAL2815,OKD,MSJ,11:40,12:40,丘珠,三沢
2026-09-24,JAL2749,OKD,HKD,12:45,13:25,丘珠,函館
2026-09-24,JAL2765,OKD,KUH,14:10,14:55,丘珠,釧路
2026-09-24,JAL2751,OKD,HKD,14:45,15:25,丘珠,函館
2026-09-24,JAL2787,OKD,RIS,15:00,15:55,丘珠,利尻
2026-09-24,JAL2737,OKD,SHB,15:10,16:00,丘珠,根室中標津
2026-09-24,JAL4456,OKD,NKM,15:40,17:25,丘珠,名古屋
2026-09-24,JAL2767,OKD,KUH,16:45,17:30,丘珠,釧路
2026-09-24,JAL2825,OKD,AXT,17:05,18:15,丘珠,秋田
2026-09-24,JAL2727,OKD,MMB,17:55,18:40,丘珠,女満別
2026-09-24,JAL2755,OKD,HKD,18:05,18:45,丘珠,函館
2026-09-24,JAL4332,OKD,FSZ,18:15,20:05,丘珠,静岡
2026-09-24,JAL4458,OKD,NKM,19:00,20:45,丘珠,名古屋
2026-09-24,JAL2759,OKD,HKD,19:20,20:00,丘珠,函館
2026-09-24,JAL3800,OKE,KOJ,09:15,10:35,沖永良部,鹿児島
2026-09-24,JAL3716,OKE,OKA,12:55,13:45,沖永良部,那覇
2026-09-24,JAL3710,OKE,TKN,15:55,16:20,沖永良部,徳之島
2026-09-24,JAL3808,OKE,KOJ,16:50,18:10,沖永良部,鹿児島
2026-09-24,JAL3434,OKI,IZO,10:00,10:30,隠岐,出雲
2026-09-24,JAL2332,OKI,ITM,15:05,15:50,隠岐,伊丹
2026-09-24,JAL232,OKJ,HND,07:05,08:25,岡山,羽田
2026-09-24,JTA013,OKJ,OKA,08:30,10:30,岡山,那覇
2026-09-24,JAL234,OKJ,HND,10:15,11:30,岡山,羽田
2026-09-24,JAL236,OKJ,HND,12:20,13:40,岡山,羽田
2026-09-24,JAL240,OKJ,HND,17:30,18:55,岡山,羽田
2026-09-24,JAL242,OKJ,HND,19:25,20:40,岡山,羽田
2026-09-24,JAL2784,RIS,OKD,09:15,10:05,利尻,丘珠
2026-09-24,JAL2788,RIS,OKD,16:25,17:15,利尻,丘珠
2026-09-24,JAL3866,RNJ,OKA,12:30,13:15,与論,那覇
2026-09-24,JAL3826,RNJ,KOJ,13:15,14:45,与論,鹿児島
2026-09-24,RAC816,RNJ,OKA,14:25,15:00,与論,那覇
2026-09-24,JAL2200,SDJ,ITM,07:35,08:55,仙台,伊丹
2026-09-24,JAL2901,SDJ,CTS,07:50,09:00,仙台,新千歳
2026-09-24,JAL2903,SDJ,CTS,09:10,10:25,仙台,新千歳
2026-09-24,JAL2202,SDJ,ITM,09:15,10:30,仙台,伊丹
2026-09-24,JAL4528,SDJ,FUK,11:15,13:20,仙台,福岡
2026-09-24,JAL2204,SDJ,ITM,11:20,12:35,仙台,伊丹
2026-09-24,JAL2206,SDJ,ITM,12:40,13:55,仙台,伊丹
2026-09-24,JAL2905,SDJ,CTS,12:45,13:55,仙台,新千歳
2026-09-24,JAL2210,SDJ,ITM,15:35,16:50,仙台,伊丹
2026-09-24,JAL2212,SDJ,ITM,16:10,17:25,仙台,伊丹
2026-09-24,JAL2907,SDJ,CTS,17:15,18:25,仙台,新千歳
2026-09-24,JAL4530,SDJ,FUK,17:45,19:50,仙台,福岡
2026-09-24,JAL2216,SDJ,ITM,19:00,20:25,仙台,伊丹
2026-09-24,JAL2909,SDJ,CTS,20:30,21:40,仙台,新千歳
2026-09-24,JAL2732,SHB,OKD,11:15,12:10,根室中標津,丘珠
2026-09-24,JAL2738,SHB,OKD,16:30,17:25,根室中標津,丘珠
2026-09-24,SKY542,SHI,OKA,11:50,12:40,下地島,那覇
2026-09-24,SKY546,SHI,OKA,13:50,14:40,下地島,那覇
2026-09-24,SKY164,SHI,UKB,15:25,17:35,下地島,神戸
2026-09-24,SKY564,SHI,FUK,16:00,18:00,下地島,福岡
2026-09-24,SKY618,SHI,HND,17:10,19:50,下地島,羽田
2026-09-24,JAL212,SHM,HND,09:30,10:40,南紀白浜,羽田
2026-09-24,JAL214,SHM,HND,13:45,15:00,南紀白浜,羽田
2026-09-24,JAL218,SHM,HND,18:25,19:40,南紀白浜,羽田
2026-09-24,JAL474,TAK,HND,07:05,08:25,高松,羽田
2026-09-24,JAL476,TAK,HND,09:45,11:00,高松,羽田
2026-09-24,JAL478,TAK,HND,11:45,13:05,高松,羽田
2026-09-24,JAL480,TAK,HND,13:10,14:30,高松,羽田
2026-09-24,JAL482,TAK,HND,15:15,16:40,高松,羽田
2026-09-24,JAL484,TAK,HND,17:20,18:45,高松,羽田
2026-09-24,JAL486,TAK,HND,20:40,21:55,高松,羽田
2026-09-24,JAL2324,TJH,ITM,10:10,10:45,但馬,伊丹
2026-09-24,JAL2326,TJH,ITM,18:00,18:40,但馬,伊丹
2026-09-24,JAL3842,TKN,ASJ,09:40,10:10,徳之島,奄美
2026-09-24,JAL3792,TKN,KOJ,10:25,11:20,徳之島,鹿児島
2026-09-24,JAL3711,TKN,OKE,12:00,12:25,徳之島,沖永良部
2026-09-24,JAL3794,TKN,KOJ,14:55,16:15,徳之島,鹿児島
2026-09-24,JAL3844,TKN,ASJ,16:50,17:20,徳之島,奄美
2026-09-24,JAL3796,TKN,KOJ,17:40,18:35,徳之島,鹿児島
2026-09-24,JAL3798,TKN,KOJ,19:00,20:15,徳之島,鹿児島
2026-09-24,JAL452,TKS,HND,07:05,08:20,徳島,羽田
2026-09-24,JAL454,TKS,HND,08:55,10:15,徳島,羽田
2026-09-24,JAL3564,TKS,FUK,11:30,12:35,徳島,福岡
2026-09-24,JAL456,TKS,HND,12:20,13:40,徳島,羽田
2026-09-24,JAL460,TKS,HND,14:45,16:10,徳島,羽田
2026-09-24,JAL462,TKS,HND,17:40,19:05,徳島,羽田
2026-09-24,JAL3568,TKS,FUK,20:05,21:10,徳島,福岡
2026-09-24,JAL464,TKS,HND,20:35,21:55,徳島,羽田
2026-09-24,JAL3760,TNE,KOJ,09:20,09:55,種子島,鹿児島
2026-09-24,JAL3764,TNE,KOJ,12:10,12:45,種子島,鹿児島
2026-09-24,JAL3772,TNE,KOJ,18:00,18:35,種子島,鹿児島
2026-09-24,RAC892,TRA,MMY,10:20,10:45,多良間,宮古
2026-09-24,RAC898,TRA,MMY,16:50,17:15,多良間,宮古
2026-09-24,JAL4052,TSJ,NGS,08:35,09:15,対馬,長崎
2026-09-24,JAL4080,TSJ,FUK,08:50,09:25,対馬,福岡
2026-09-24,JAL4082,TSJ,FUK,11:00,11:35,対馬,福岡
2026-09-24,JAL4054,TSJ,NGS,12:05,12:45,対馬,長崎
2026-09-24,JAL4062,TSJ,NGS,20:05,20:45,対馬,長崎
2026-09-24,JAL290,UBJ,HND,07:40,09:20,山口宇部,羽田
2026-09-24,JAL292,UBJ,HND,10:20,12:00,山口宇部,羽田
2026-09-24,JAL294,UBJ,HND,15:00,16:45,山口宇部,羽田
2026-09-24,JAL296,UBJ,HND,19:00,20:40,山口宇部,羽田
2026-09-24,RAC872,UEO,OKA,08:45,09:20,久米島,那覇
2026-09-24,RAC874,UEO,OKA,10:55,11:30,久米島,那覇
2026-09-24,RAC878,UEO,OKA,13:20,13:55,久米島,那覇
2026-09-24,JTA212,UEO,OKA,15:00,15:40,久米島,那覇
2026-09-24,RAC880,UEO,OKA,16:45,17:20,久米島,那覇
2026-09-24,RAC882,UEO,OKA,18:25,19:00,久米島,那覇
2026-09-24,JAL4363,UKB,MMJ,11:40,12:40,神戸,松本
2026-09-25,JAL552,AKJ,HND,09:50,11:35,旭川,羽田
2026-09-25,JAL554,AKJ,HND,13:40,15:25,旭川,羽田
2026-09-25,JAL556,AKJ,HND,16:25,18:15,旭川,羽田
2026-09-25,JAL558,AKJ,HND,19:55,21:40,旭川,羽田
2026-09-25,JAL140,AOJ,HND,07:35,08:55,青森,羽田
2026-09-25,JAL142,AOJ,HND,08:35,09:55,青森,羽田
2026-09-25,JAL2150,AOJ,ITM,09:50,11:20,青森,伊丹
2026-09-25,JAL4422,AOJ,NKM,10:15,11:40,青森,名古屋
2026-09-25,JAL2804,AOJ,CTS,11:00,11:45,青森,新千歳
2026-09-25,JAL144,AOJ,HND,12:00,13:20,青森,羽田
2026-09-25,JAL4424,AOJ,NKM,13:25,14:50,青森,名古屋
2026-09-25,JAL2154,AOJ,ITM,14:00,15:30,青森,伊丹
2026-09-25,JAL2806,AOJ,CTS,15:00,15:45,青森,新千歳
2026-09-25,JAL146,AOJ,HND,15:20,16:40,青森,羽田
2026-09-25,JAL148,AOJ,HND,17:55,19:15,青森,羽田
2026-09-25,JAL2158,AOJ,ITM,18:45,20:30,青森,伊丹
2026-09-25,JAL4428,AOJ,NKM,19:50,21:15,青森,名古屋
2026-09-25,JAL2810,AOJ,CTS,20:15,21:00,青森,新千歳
2026-09-25,JAL150,AOJ,HND,20:45,22:05,青森,羽田
2026-09-25,JAL3722,ASJ,KOJ,08:45,09:35,奄美,鹿児島
2026-09-25,JAL3831,ASJ,KKX,09:25,09:45,奄美,喜界
2026-09-25,JAL3841,ASJ,TKN,10:55,11:25,奄美,徳之島
2026-09-25,JAL3861,ASJ,RNJ,11:15,12:00,奄美,与論
2026-09-25,JAL3726,ASJ,KOJ,11:45,12:35,奄美,鹿児島
2026-09-25,JAL2464,ASJ,ITM,12:05,13:35,奄美,伊丹
2026-09-25,JAL3728,ASJ,KOJ,13:20,14:15,奄美,鹿児島
2026-09-25,JAL658,ASJ,HND,14:20,16:30,奄美,羽田
2026-09-25,JAL3730,ASJ,KOJ,14:35,15:30,奄美,鹿児島
2026-09-25,JAL3837,ASJ,KKX,15:40,16:00,奄美,喜界
2026-09-25,JAL3734,ASJ,KOJ,17:25,18:30,奄美,鹿児島
2026-09-25,JAL3843,ASJ,TKN,18:00,18:30,奄美,徳之島
2026-09-25,JAL3684,ASJ,FUK,18:20,19:40,奄美,福岡
2026-09-25,JAL3738,ASJ,KOJ,19:00,20:05,奄美,鹿児島
2026-09-25,JAL3872,AXJ,KMJ,09:55,10:15,天草,熊本
2026-09-25,JAL3894,AXJ,FUK,15:45,16:25,天草,福岡
2026-09-25,JAL162,AXT,HND,08:45,09:55,秋田,羽田
2026-09-25,JAL2172,AXT,ITM,09:45,11:10,秋田,伊丹
2026-09-25,JAL164,AXT,HND,12:10,13:20,秋田,羽田
2026-09-25,JAL2824,AXT,OKD,12:25,13:30,秋田,丘珠
2026-09-25,JAL2174,AXT,ITM,14:10,15:35,秋田,伊丹
2026-09-25,JAL166,AXT,HND,17:00,18:10,秋田,羽田
2026-09-25,JAL2176,AXT,ITM,18:15,19:40,秋田,伊丹
2026-09-25,JAL2826,AXT,OKD,18:45,19:50,秋田,丘珠
2026-09-25,JAL168,AXT,HND,20:50,22:00,秋田,羽田
2026-09-25,JAL2900,CTS,SDJ,07:35,08:40,新千歳,仙台
2026-09-25,JAL590,CTS,HND,07:35,09:10,新千歳,羽田
2026-09-25,JAL2713,CTS,MMB,07:40,08:25,新千歳,女満別
2026-09-25,JAL500,CTS,HND,07:40,09:20,新千歳,羽田
2026-09-25,JAL502,CTS,HND,08:50,10:25,新千歳,羽田
2026-09-25,JAL2000,CTS,ITM,09:00,10:50,新千歳,伊丹
2026-09-25,JAL2803,CTS,AOJ,09:40,10:25,新千歳,青森
2026-09-25,JAL504,CTS,HND,09:45,11:25,新千歳,羽田
2026-09-25,JAL3106,CTS,NGO,10:10,11:55,新千歳,中部国際
2026-09-25,JAL2831,CTS,HNA,10:15,11:10,新千歳,花巻
2026-09-25,JAL3510,CTS,FUK,10:30,12:55,新千歳,福岡
2026-09-25,JAL4483,CTS,KIJ,10:40,12:00,新千歳,新潟
2026-09-25,JAL506,CTS,HND,10:50,12:30,新千歳,羽田
2026-09-25,JAL2902,CTS,SDJ,11:00,12:10,新千歳,仙台
2026-09-25,JAL508,CTS,HND,11:25,13:05,新千歳,羽田
2026-09-25,JAL2504,CTS,KIX,11:50,14:05,新千歳,関西国際
2026-09-25,JAL2004,CTS,ITM,12:05,14:00,新千歳,伊丹
2026-09-25,JAL2715,CTS,MMB,12:30,13:15,新千歳,女満別
2026-09-25,JAL510,CTS,HND,12:45,14:30,新千歳,羽田
2026-09-25,JAL3512,CTS,FUK,13:30,15:55,新千歳,福岡
2026-09-25,JAL4324,CTS,FSZ,13:35,15:30,新千歳,静岡
2026-09-25,JAL2805,CTS,AOJ,13:40,14:25,新千歳,青森
2026-09-25,JAL512,CTS,HND,14:00,15:40,新千歳,羽田
2026-09-25,JAL4485,CTS,KIJ,14:05,15:25,新千歳,新潟
2026-09-25,JAL4491,CTS,GAJ,14:35,15:50,新千歳,山形
2026-09-25,JAL2904,CTS,SDJ,14:35,15:40,新千歳,仙台
2026-09-25,JAL3406,CTS,HIJ,15:00,17:05,新千歳,広島
2026-09-25,JAL3114,CTS,NGO,15:05,16:50,新千歳,中部国際
2026-09-25,JAL2008,CTS,ITM,15:05,17:00,新千歳,伊丹
2026-09-25,JAL514,CTS,HND,15:10,16:55,新千歳,羽田
2026-09-25,JAL4353,CTS,MMJ,15:40,17:15,新千歳,松本
2026-09-25,JAL2010,CTS,ITM,15:55,17:45,新千歳,伊丹
2026-09-25,JAL516,CTS,HND,16:05,17:45,新千歳,羽田
2026-09-25,JAL2719,CTS,MMB,16:10,16:50,新千歳,女満別
2026-09-25,JAL2839,CTS,HNA,16:30,17:25,新千歳,花巻
2026-09-25,JAL518,CTS,HND,17:00,18:45,新千歳,羽田
2026-09-25,JAL520,CTS,HND,17:15,18:55,新千歳,羽田
2026-09-25,JAL2016,CTS,ITM,17:45,19:40,新千歳,伊丹
2026-09-25,JAL2506,CTS,KIX,17:55,20:10,新千歳,関西国際
2026-09-25,JAL522,CTS,HND,18:00,19:45,新千歳,羽田
2026-09-25,JAL4472,CTS,FUK,18:05,20:55,新千歳,福岡
2026-09-25,JAL2809,CTS,AOJ,18:45,19:30,新千歳,青森
2026-09-25,JAL2906,CTS,SDJ,18:55,20:00,新千歳,仙台
2026-09-25,JAL524,CTS,HND,19:15,20:55,新千歳,羽田
2026-09-25,JAL2910,CTS,SDJ,19:45,20:50,新千歳,仙台
2026-09-25,JAL3118,CTS,NGO,19:55,21:40,新千歳,中部国際
2026-09-25,JAL526,CTS,HND,20:15,21:55,新千歳,羽田
2026-09-25,JAL528,CTS,HND,21:10,22:55,新千歳,羽田
2026-09-25,JAL530,CTS,HND,21:20,23:05,新千歳,羽田
2026-09-25,JAL4312,FSZ,FUK,08:10,09:50,静岡,福岡
2026-09-25,JAL4331,FSZ,OKD,08:55,10:40,静岡,丘珠
2026-09-25,JAL4323,FSZ,CTS,12:10,14:00,静岡,新千歳
2026-09-25,JAL4305,FSZ,KOJ,12:40,14:15,静岡,鹿児島
2026-09-25,JAL4314,FSZ,FUK,16:15,18:00,静岡,福岡
2026-09-25,JAL4316,FSZ,FUK,17:00,18:45,静岡,福岡
2026-09-25,JAL4094,FUJ,FUK,10:50,11:35,五島福江,福岡
2026-09-25,JAL4074,FUJ,NGS,13:40,14:10,五島福江,長崎
2026-09-25,JAL4098,FUJ,FUK,14:20,15:05,五島福江,福岡
2026-09-25,JAL4076,FUJ,NGS,15:45,16:15,五島福江,長崎
2026-09-25,JAL4078,FUJ,NGS,17:00,17:30,五島福江,長崎
2026-09-25,JAL4096,FUJ,FUK,17:55,18:40,五島福江,福岡
2026-09-25,JAL300,FUK,HND,07:00,08:45,福岡,羽田
2026-09-25,JAL3681,FUK,ASJ,07:05,08:15,福岡,奄美
2026-09-25,JAL3591,FUK,MYJ,07:10,07:55,福岡,松山
2026-09-25,JAL3551,FUK,IZO,07:15,08:25,福岡,出雲
2026-09-25,JAL3623,FUK,KMI,07:15,08:00,福岡,宮崎
2026-09-25,JTA051,FUK,OKA,07:15,08:50,福岡,那覇
2026-09-25,JAL302,FUK,HND,07:20,09:05,福岡,羽田
2026-09-25,JAL4471,FUK,CTS,07:45,10:05,福岡,新千歳
2026-09-25,JAL4079,FUK,TSJ,07:45,08:20,福岡,対馬
2026-09-25,JAL2050,FUK,ITM,07:50,08:55,福岡,伊丹
2026-09-25,JAL4341,FUK,MMJ,08:00,09:30,福岡,松本
2026-09-25,JAL304,FUK,HND,08:05,09:50,福岡,羽田
2026-09-25,JAL4529,FUK,SDJ,08:55,10:45,福岡,仙台
2026-09-25,JAL3581,FUK,KCZ,09:00,09:55,福岡,高知
2026-09-25,JAL306,FUK,HND,09:10,10:55,福岡,羽田
2026-09-25,JAL4382,FUK,NKM,09:10,10:30,福岡,名古屋
2026-09-25,JTA053,FUK,OKA,09:30,11:15,福岡,那覇
2026-09-25,JAL3625,FUK,KMI,09:45,10:35,福岡,宮崎
2026-09-25,JAL3563,FUK,TKS,09:55,10:55,福岡,徳島
2026-09-25,JAL4313,FUK,FSZ,09:55,11:25,福岡,静岡
2026-09-25,JAL4081,FUK,TSJ,09:55,10:30,福岡,対馬
2026-09-25,JAL308,FUK,HND,10:00,11:45,福岡,羽田
2026-09-25,JAL4315,FUK,FSZ,10:25,11:55,福岡,静岡
2026-09-25,JAL310,FUK,HND,11:00,12:50,福岡,羽田
2026-09-25,JAL3627,FUK,KMI,11:40,12:30,福岡,宮崎
2026-09-25,JAL3513,FUK,CTS,11:50,14:10,福岡,新千歳
2026-09-25,JAL312,FUK,HND,11:55,13:40,福岡,羽田
2026-09-25,JAL3595,FUK,MYJ,11:55,12:40,福岡,松山
2026-09-25,JAL4095,FUK,FUJ,12:10,13:00,福岡,五島福江
2026-09-25,JAL3629,FUK,KMI,12:40,13:25,福岡,宮崎
2026-09-25,JAL314,FUK,HND,12:50,14:40,福岡,羽田
2026-09-25,JAL3653,FUK,KOJ,12:50,13:40,福岡,鹿児島
2026-09-25,JAL4525,FUK,HNA,12:55,14:50,福岡,花巻
2026-09-25,JTA057,FUK,OKA,12:55,14:40,福岡,那覇
2026-09-25,JAL3601,FUK,MYJ,13:30,14:15,福岡,松山
2026-09-25,JAL3673,FUK,KUM,13:50,15:00,福岡,屋久島
2026-09-25,JAL4345,FUK,MMJ,13:55,15:25,福岡,松本
2026-09-25,JAL316,FUK,HND,14:00,15:50,福岡,羽田
2026-09-25,JAL3515,FUK,CTS,14:15,16:30,福岡,新千歳
2026-09-25,JAL318,FUK,HND,14:30,16:25,福岡,羽田
2026-09-25,JAL3633,FUK,KMI,14:30,15:20,福岡,宮崎
2026-09-25,JAL4390,FUK,NKM,14:55,16:15,福岡,名古屋
2026-09-25,JAL2056,FUK,ITM,15:00,16:15,福岡,伊丹
2026-09-25,JAL4531,FUK,SDJ,15:25,17:15,福岡,仙台
2026-09-25,JAL3635,FUK,KMI,15:25,16:10,福岡,宮崎
2026-09-25,JAL4099,FUK,FUJ,15:40,16:30,福岡,五島福江
2026-09-25,JAL2058,FUK,ITM,15:50,17:00,福岡,伊丹
2026-09-25,JTA061,FUK,OKA,15:55,17:35,福岡,那覇
2026-09-25,JAL320,FUK,HND,16:00,17:50,福岡,羽田
2026-09-25,JAL3587,FUK,KCZ,16:10,17:00,福岡,高知
2026-09-25,JAL322,FUK,HND,16:30,18:20,福岡,羽田
2026-09-25,JAL4477,FUK,KIJ,16:35,18:15,福岡,新潟
2026-09-25,JAL4097,FUK,FUJ,16:40,17:25,福岡,五島福江
2026-09-25,JAL3895,FUK,AXJ,16:55,17:30,福岡,天草
2026-09-25,JAL324,FUK,HND,17:05,18:55,福岡,羽田
2026-09-25,JTA063,FUK,OKA,17:25,19:05,福岡,那覇
2026-09-25,JAL3555,FUK,IZO,17:35,18:45,福岡,出雲
2026-09-25,JAL3607,FUK,MYJ,17:40,18:25,福岡,松山
2026-09-25,JAL326,FUK,HND,18:15,20:05,福岡,羽田
2026-09-25,JAL3567,FUK,TKS,18:20,19:20,福岡,徳島
2026-09-25,JAL4317,FUK,FSZ,18:50,20:20,福岡,静岡
2026-09-25,JAL2060,FUK,ITM,19:00,20:20,福岡,伊丹
2026-09-25,JAL328,FUK,HND,19:10,20:55,福岡,羽田
2026-09-25,JAL4392,FUK,NKM,19:15,20:35,福岡,名古屋
2026-09-25,JAL3639,FUK,KMI,19:15,20:00,福岡,宮崎
2026-09-25,JAL330,FUK,HND,20:00,21:45,福岡,羽田
2026-09-25,JAL4394,FUK,NKM,20:00,21:20,福岡,名古屋
2026-09-25,JTA065,FUK,OKA,20:55,22:30,福岡,那覇
2026-09-25,JAL332,FUK,HND,21:00,22:45,福岡,羽田
2026-09-25,JAL2234,GAJ,ITM,08:50,10:10,山形,伊丹
2026-09-25,JAL174,GAJ,HND,09:50,10:55,山形,羽田
2026-09-25,JAL4442,GAJ,NKM,10:40,11:50,山形,名古屋
2026-09-25,JAL4490,GAJ,CTS,13:55,15:05,山形,新千歳
2026-09-25,JAL2236,GAJ,ITM,14:50,16:10,山形,伊丹
2026-09-25,JAL4446,GAJ,NKM,16:20,17:30,山形,名古屋
2026-09-25,JAL2238,GAJ,ITM,18:05,19:20,山形,伊丹
2026-09-25,JAL178,GAJ,HND,19:10,20:15,山形,羽田
2026-09-25,JAL252,HIJ,HND,07:35,09:00,広島,羽田
2026-09-25,JAL254,HIJ,HND,09:25,10:50,広島,羽田
2026-09-25,JAL3403,HIJ,CTS,10:50,12:45,広島,新千歳
2026-09-25,JAL256,HIJ,HND,12:10,13:35,広島,羽田
2026-09-25,JAL258,HIJ,HND,13:45,15:10,広島,羽田
2026-09-25,JAL262,HIJ,HND,16:25,17:55,広島,羽田
2026-09-25,JAL264,HIJ,HND,18:10,19:40,広島,羽田
2026-09-25,JAL266,HIJ,HND,20:35,22:00,広島,羽田
2026-09-25,JAL2740,HKD,OKD,07:50,08:30,函館,丘珠
2026-09-25,JAL2742,HKD,OKD,08:45,09:25,函館,丘珠
2026-09-25,JAL584,HKD,HND,09:40,11:10,函館,羽田
2026-09-25,JAL2124,HKD,ITM,13:10,14:50,函館,伊丹
2026-09-25,JAL2750,HKD,OKD,14:00,14:40,函館,丘珠
2026-09-25,JAL586,HKD,HND,15:00,16:25,函館,羽田
2026-09-25,JAL2752,HKD,OKD,15:55,16:35,函館,丘珠
2026-09-25,JAL2756,HKD,OKD,19:15,19:55,函館,丘珠
2026-09-25,JAL588,HKD,HND,19:30,21:00,函館,羽田
2026-09-25,JAL4412,HNA,NKM,09:10,10:25,花巻,名古屋
2026-09-25,JAL2180,HNA,ITM,09:20,10:45,花巻,伊丹
2026-09-25,JAL2830,HNA,CTS,11:40,12:35,花巻,新千歳
2026-09-25,JAL2182,HNA,ITM,13:30,14:55,花巻,伊丹
2026-09-25,JAL4524,HNA,FUK,13:55,16:05,花巻,福岡
2026-09-25,JAL4416,HNA,NKM,15:20,16:35,花巻,名古屋
2026-09-25,JAL2186,HNA,ITM,15:25,16:50,花巻,伊丹
2026-09-25,JAL4418,HNA,NKM,17:40,18:55,花巻,名古屋
2026-09-25,JAL2838,HNA,CTS,17:55,18:55,花巻,新千歳
2026-09-25,JAL2190,HNA,ITM,18:40,20:15,花巻,伊丹
2026-09-25,JAL623,HND,KMJ,06:20,08:00,羽田,熊本
2026-09-25,JAL303,HND,FUK,06:25,08:10,羽田,福岡
2026-09-25,JAL641,HND,KOJ,06:25,08:05,羽田,鹿児島
2026-09-25,JAL101,HND,ITM,06:30,07:35,羽田,伊丹
2026-09-25,JAL901,HND,OKA,06:30,09:00,羽田,那覇
2026-09-25,JAL501,HND,CTS,06:35,08:05,羽田,新千歳
2026-09-25,JAL141,HND,AOJ,06:45,07:55,羽田,青森
2026-09-25,JAL431,HND,MYJ,06:50,08:15,羽田,松山
2026-09-25,JAL161,HND,AXT,07:00,08:05,羽田,秋田
2026-09-25,JAL453,HND,TKS,07:00,08:10,羽田,徳島
2026-09-25,JAL565,HND,MMB,07:05,08:45,羽田,女満別
2026-09-25,JAL305,HND,FUK,07:05,08:50,羽田,福岡
2026-09-25,JAL971,HND,ISG,07:05,09:55,羽田,新石垣
2026-09-25,JAL183,HND,KMQ,07:10,08:10,羽田,小松
2026-09-25,JAL277,HND,IZO,07:10,08:30,羽田,出雲
2026-09-25,JAL503,HND,CTS,07:15,08:45,羽田,新千歳
2026-09-25,JAL175,HND,GAJ,07:20,08:15,羽田,山形
2026-09-25,JAL221,HND,KIX,07:20,08:35,羽田,関西国際
2026-09-25,JAL903,HND,OKA,07:20,09:50,羽田,那覇
2026-09-25,JAL253,HND,HIJ,07:25,08:40,羽田,広島
2026-09-25,JAL585,HND,HKD,07:30,08:50,羽田,函館
2026-09-25,JAL103,HND,ITM,07:30,08:35,羽田,伊丹
2026-09-25,JAL491,HND,KCZ,07:30,08:50,羽田,高知
2026-09-25,JAL605,HND,NGS,07:30,09:15,羽田,長崎
2026-09-25,JAL551,HND,AKJ,07:35,09:10,羽田,旭川
2026-09-25,JAL541,HND,KUH,07:45,09:20,羽田,釧路
2026-09-25,JAL573,HND,OBO,07:45,09:15,羽田,帯広
2026-09-25,JAL213,HND,SHM,07:45,08:55,羽田,南紀白浜
2026-09-25,JAL475,HND,TAK,07:50,09:05,羽田,高松
2026-09-25,JAL291,HND,UBJ,08:00,09:40,羽田,山口宇部
2026-09-25,JAL307,HND,FUK,08:00,09:45,羽田,福岡
2026-09-25,JAL661,HND,OIT,08:00,09:35,羽田,大分
2026-09-25,JAL625,HND,KMJ,08:00,09:45,羽田,熊本
2026-09-25,JAL153,HND,MSJ,08:05,09:20,羽田,三沢
2026-09-25,JAL687,HND,KMI,08:05,09:45,羽田,宮崎
2026-09-25,JAL643,HND,KOJ,08:05,09:50,羽田,鹿児島
2026-09-25,JAL905,HND,OKA,08:05,10:40,羽田,那覇
2026-09-25,JAL201,HND,NGO,08:15,09:10,羽田,中部国際
2026-09-25,JAL231,HND,OKJ,08:15,09:30,羽田,岡山
2026-09-25,JAL373,HND,KKJ,08:15,09:50,羽田,北九州
2026-09-25,JAL505,HND,CTS,08:20,09:55,羽田,新千歳
2026-09-25,JAL107,HND,ITM,08:30,09:35,羽田,伊丹
2026-09-25,JAL907,HND,OKA,08:40,11:15,羽田,那覇
2026-09-25,JAL507,HND,CTS,08:50,10:25,羽田,新千歳
2026-09-25,JAL255,HND,HIJ,08:50,10:10,羽田,広島
2026-09-25,JAL309,HND,FUK,09:05,10:55,羽田,福岡
2026-09-25,JAL433,HND,MYJ,09:15,10:40,羽田,松山
2026-09-25,JAL493,HND,KCZ,09:15,10:35,羽田,高知
2026-09-25,JAL311,HND,FUK,09:15,11:05,羽田,福岡
2026-09-25,JAL185,HND,KMQ,09:30,10:35,羽田,小松
2026-09-25,JAL111,HND,ITM,09:35,10:40,羽田,伊丹
2026-09-25,JAL663,HND,OIT,09:35,11:10,羽田,大分
2026-09-25,JAL909,HND,OKA,09:40,12:15,羽田,那覇
2026-09-25,JAL509,HND,CTS,09:45,11:20,羽田,新千歳
2026-09-25,JAL279,HND,IZO,09:50,11:15,羽田,出雲
2026-09-25,JAL477,HND,TAK,09:50,11:05,羽田,高松
2026-09-25,JAL689,HND,KMI,09:55,11:35,羽田,宮崎
2026-09-25,JAL143,HND,AOJ,10:00,11:20,羽田,青森
2026-09-25,JAL313,HND,FUK,10:00,11:45,羽田,福岡
2026-09-25,JAL627,HND,KMJ,10:00,11:45,羽田,熊本
2026-09-25,JAL607,HND,NGS,10:05,11:55,羽田,長崎
2026-09-25,JAL645,HND,KOJ,10:05,11:50,羽田,鹿児島
2026-09-25,JAL257,HND,HIJ,10:10,11:30,羽田,広島
2026-09-25,JAL511,HND,CTS,10:15,11:50,羽田,新千歳
2026-09-25,JAL233,HND,OKJ,10:20,11:40,羽田,岡山
2026-09-25,JAL455,HND,TKS,10:25,11:40,羽田,徳島
2026-09-25,JAL163,HND,AXT,10:30,11:35,羽田,秋田
2026-09-25,JAL113,HND,ITM,10:30,11:35,羽田,伊丹
2026-09-25,JAL913,HND,OKA,10:35,13:10,羽田,那覇
2026-09-25,JAL933,HND,MMY,10:40,13:25,羽田,宮古
2026-09-25,JAL155,HND,MSJ,10:45,12:05,羽田,三沢
2026-09-25,JAL575,HND,OBO,11:00,12:35,羽田,帯広
2026-09-25,JAL315,HND,FUK,11:00,12:50,羽田,福岡
2026-09-25,JAL479,HND,TAK,11:05,12:25,羽田,高松
2026-09-25,JAL553,HND,AKJ,11:10,12:50,羽田,旭川
2026-09-25,JAL513,HND,CTS,11:25,13:05,羽田,新千歳
2026-09-25,JAL629,HND,KMJ,11:25,13:10,羽田,熊本
2026-09-25,JAL659,HND,ASJ,11:25,13:35,羽田,奄美
2026-09-25,JAL115,HND,ITM,11:30,12:35,羽田,伊丹
2026-09-25,JAL215,HND,SHM,11:30,12:40,羽田,南紀白浜
2026-09-25,JAL987,HND,OKA,11:30,14:05,羽田,那覇
2026-09-25,JAL259,HND,HIJ,11:40,13:05,羽田,広島
2026-09-25,JAL691,HND,KMI,11:40,13:25,羽田,宮崎
2026-09-25,JAL317,HND,FUK,11:55,13:45,羽田,福岡
2026-09-25,JAL915,HND,OKA,11:55,14:30,羽田,那覇
2026-09-25,JAL647,HND,KOJ,12:00,13:45,羽田,鹿児島
2026-09-25,JAL665,HND,OIT,12:05,13:40,羽田,大分
2026-09-25,JAL435,HND,MYJ,12:10,13:35,羽田,松山
2026-09-25,JAL543,HND,KUH,12:15,13:50,羽田,釧路
2026-09-25,JAL567,HND,MMB,12:25,14:10,羽田,女満別
2026-09-25,JAL117,HND,ITM,12:30,13:35,羽田,伊丹
2026-09-25,JAL609,HND,NGS,12:30,14:20,羽田,長崎
2026-09-25,JAL225,HND,KIX,12:35,14:00,羽田,関西国際
2026-09-25,JAL515,HND,CTS,12:40,14:15,羽田,新千歳
2026-09-25,JAL459,HND,TKS,12:40,14:00,羽田,徳島
2026-09-25,JAL293,HND,UBJ,12:45,14:20,羽田,山口宇部
2026-09-25,JAL587,HND,HKD,12:50,14:10,羽田,函館
2026-09-25,JAL631,HND,KMJ,12:50,14:35,羽田,熊本
2026-09-25,JAL319,HND,FUK,12:55,14:40,羽田,福岡
2026-09-25,JAL481,HND,TAK,13:00,14:15,羽田,高松
2026-09-25,JAL187,HND,KMQ,13:05,14:10,羽田,小松
2026-09-25,JAL145,HND,AOJ,13:15,14:30,羽田,青森
2026-09-25,JAL517,HND,CTS,13:30,15:05,羽田,新千歳
2026-09-25,JAL119,HND,ITM,13:30,14:35,羽田,伊丹
2026-09-25,JAL611,HND,NGS,13:30,15:20,羽田,長崎
2026-09-25,JAL375,HND,KKJ,13:40,15:15,羽田,北九州
2026-09-25,JAL321,HND,FUK,13:45,15:30,羽田,福岡
2026-09-25,JAL577,HND,OBO,13:50,15:25,羽田,帯広
2026-09-25,JAL917,HND,OKA,13:55,16:25,羽田,那覇
2026-09-25,JAL555,HND,AKJ,14:05,15:40,羽田,旭川
2026-09-25,JAL495,HND,KCZ,14:05,15:25,羽田,高知
2026-09-25,JAL263,HND,HIJ,14:15,15:40,羽田,広島
2026-09-25,JAL649,HND,KOJ,14:15,15:55,羽田,鹿児島
2026-09-25,JAL693,HND,KMI,14:20,16:00,羽田,宮崎
2026-09-25,JAL519,HND,CTS,14:25,16:00,羽田,新千歳
2026-09-25,JAL237,HND,OKJ,14:30,15:45,羽田,岡山
2026-09-25,JAL121,HND,ITM,14:35,15:40,羽田,伊丹
2026-09-25,JAL633,HND,KMJ,14:40,16:20,羽田,熊本
2026-09-25,JAL165,HND,AXT,14:50,15:55,羽田,秋田
2026-09-25,JAL973,HND,ISG,14:50,17:40,羽田,新石垣
2026-09-25,JAL157,HND,MSJ,14:55,16:10,羽田,三沢
2026-09-25,JAL125,HND,ITM,14:55,16:00,羽田,伊丹
2026-09-25,JAL283,HND,IZO,14:55,16:15,羽田,出雲
2026-09-25,JAL667,HND,OIT,15:05,16:40,羽田,大分
2026-09-25,JAL483,HND,TAK,15:10,16:30,羽田,高松
2026-09-25,JAL919,HND,OKA,15:10,17:40,羽田,那覇
2026-09-25,JAL521,HND,CTS,15:25,17:00,羽田,新千歳
2026-09-25,JAL323,HND,FUK,15:25,17:15,羽田,福岡
2026-09-25,JAL437,HND,MYJ,15:30,16:55,羽田,松山
2026-09-25,JAL461,HND,TKS,15:40,16:55,羽田,徳島
2026-09-25,JAL325,HND,FUK,15:55,17:50,羽田,福岡
2026-09-25,JAL921,HND,OKA,15:55,18:25,羽田,那覇
2026-09-25,JAL147,HND,AOJ,16:00,17:10,羽田,青森
2026-09-25,JAL695,HND,KMI,16:25,18:00,羽田,宮崎
2026-09-25,JAL127,HND,ITM,16:30,17:35,羽田,伊丹
2026-09-25,JAL219,HND,SHM,16:30,17:40,羽田,南紀白浜
2026-09-25,JAL651,HND,KOJ,16:30,18:10,羽田,鹿児島
2026-09-25,JAL523,HND,CTS,16:40,18:20,羽田,新千歳
2026-09-25,JAL669,HND,OIT,16:40,18:15,羽田,大分
2026-09-25,JAL295,HND,UBJ,16:45,18:20,羽田,山口宇部
2026-09-25,JAL189,HND,KMQ,16:50,17:55,羽田,小松
2026-09-25,JAL285,HND,IZO,16:55,18:25,羽田,出雲
2026-09-25,JAL439,HND,MYJ,16:55,18:20,羽田,松山
2026-09-25,JAL497,HND,KCZ,16:55,18:15,羽田,高知
2026-09-25,JAL923,HND,OKA,16:55,19:30,羽田,那覇
2026-09-25,JAL327,HND,FUK,17:00,19:00,羽田,福岡
2026-09-25,JAL159,HND,MSJ,17:05,18:30,羽田,三沢
2026-09-25,JAL589,HND,HKD,17:10,18:35,羽田,函館
2026-09-25,JAL569,HND,MMB,17:15,19:10,羽田,女満別
2026-09-25,JAL545,HND,KUH,17:15,19:05,羽田,釧路
2026-09-25,JAL557,HND,AKJ,17:30,19:15,羽田,旭川
2026-09-25,JAL179,HND,GAJ,17:30,18:35,羽田,山形
2026-09-25,JAL239,HND,OKJ,17:30,18:45,羽田,岡山
2026-09-25,JAL525,HND,CTS,17:35,19:15,羽田,新千歳
2026-09-25,JAL579,HND,OBO,17:35,19:20,羽田,帯広
2026-09-25,JAL131,HND,ITM,17:35,18:40,羽田,伊丹
2026-09-25,JAL637,HND,KMJ,17:35,19:20,羽田,熊本
2026-09-25,JAL613,HND,NGS,17:45,19:40,羽田,長崎
2026-09-25,JAL329,HND,FUK,17:55,19:50,羽田,福岡
2026-09-25,JAL653,HND,KOJ,17:55,19:40,羽田,鹿児島
2026-09-25,JAL133,HND,ITM,18:00,19:10,羽田,伊丹
2026-09-25,JAL287,HND,IZO,18:15,19:45,羽田,出雲
2026-09-25,JAL265,HND,HIJ,18:20,19:45,羽田,広島
2026-09-25,JAL463,HND,TKS,18:20,19:35,羽田,徳島
2026-09-25,JAL377,HND,KKJ,18:25,20:00,羽田,北九州
2026-09-25,JAL527,HND,CTS,18:40,20:15,羽田,新千歳
2026-09-25,JAL149,HND,AOJ,18:40,19:55,羽田,青森
2026-09-25,JAL137,HND,ITM,18:40,19:50,羽田,伊丹
2026-09-25,JAL485,HND,TAK,18:40,19:55,羽田,高松
2026-09-25,JAL191,HND,KMQ,18:45,19:50,羽田,小松
2026-09-25,JAL331,HND,FUK,18:45,20:35,羽田,福岡
2026-09-25,JAL499,HND,KCZ,18:55,20:15,羽田,高知
2026-09-25,JAL697,HND,KMI,18:55,20:35,羽田,宮崎
2026-09-25,JAL297,HND,UBJ,19:00,20:35,羽田,山口宇部
2026-09-25,JAL167,HND,AXT,19:10,20:15,羽田,秋田
2026-09-25,JAL139,HND,ITM,19:10,20:30,羽田,伊丹
2026-09-25,JAL639,HND,KMJ,19:10,20:55,羽田,熊本
2026-09-25,JAL333,HND,FUK,19:15,21:05,羽田,福岡
2026-09-25,JAL655,HND,KOJ,19:25,21:05,羽田,鹿児島
2026-09-25,JAL615,HND,NGS,19:30,21:20,羽田,長崎
2026-09-25,JAL335,HND,FUK,19:35,21:30,羽田,福岡
2026-09-25,JAL241,HND,OKJ,19:40,20:55,羽田,岡山
2026-09-25,JAL443,HND,MYJ,19:45,21:10,羽田,松山
2026-09-25,JAL465,HND,TKS,19:45,20:55,羽田,徳島
2026-09-25,JAL151,HND,AOJ,19:50,21:05,羽田,青森
2026-09-25,JAL529,HND,CTS,19:55,21:30,羽田,新千歳
2026-09-25,JAL209,HND,NGO,19:55,20:55,羽田,中部国際
2026-09-25,JAL267,HND,HIJ,19:55,21:20,羽田,広島
2026-09-25,JAL925,HND,OKA,20:05,22:30,羽田,那覇
2026-09-25,JAL487,HND,TAK,20:15,21:30,羽田,高松
2026-09-25,JAL671,HND,OIT,20:15,21:45,羽田,大分
2026-09-25,JAL599,HND,CTS,20:30,22:05,羽田,新千歳
2026-09-25,JAL193,HND,KMQ,20:40,21:40,羽田,小松
2026-09-25,JAL229,HND,KIX,20:40,21:55,羽田,関西国際
2026-09-25,JAL531,HND,CTS,20:45,22:20,羽田,新千歳
2026-09-25,JAL4042,IKI,NGS,09:55,10:25,壱岐,長崎
2026-09-25,JAL4044,IKI,NGS,17:50,18:20,壱岐,長崎
2026-09-25,JTA600,ISG,OKA,08:55,10:00,新石垣,那覇
2026-09-25,RAC741,ISG,OGN,09:55,10:25,新石垣,与那国
2026-09-25,JAL972,ISG,HND,11:10,14:05,新石垣,羽田
2026-09-25,JTA608,ISG,OKA,11:15,12:20,新石垣,那覇
2026-09-25,RAC743,ISG,OGN,12:35,13:05,新石垣,与那国
2026-09-25,JTA612,ISG,OKA,13:00,14:05,新石垣,那覇
2026-09-25,JTA614,ISG,OKA,14:00,15:00,新石垣,那覇
2026-09-25,RAC834,ISG,MMY,14:45,15:15,新石垣,宮古
2026-09-25,JTA622,ISG,OKA,16:25,17:25,新石垣,那覇
2026-09-25,RAC747,ISG,OGN,17:50,18:20,新石垣,与那国
2026-09-25,JTA626,ISG,OKA,18:40,19:45,新石垣,那覇
2026-09-25,RAC838,ISG,MMY,19:00,19:30,新石垣,宮古
2026-09-25,JAL974,ISG,HND,19:15,22:10,新石垣,羽田
2026-09-25,JTA086,ISG,KIX,19:50,22:15,新石垣,関西国際
2026-09-25,JAL102,ITM,HND,07:05,08:15,伊丹,羽田
2026-09-25,JAL2371,ITM,NGS,07:05,08:15,伊丹,長崎
2026-09-25,JAL2401,ITM,KOJ,07:05,08:15,伊丹,鹿児島
2026-09-25,JAL2241,ITM,KIJ,07:10,08:15,伊丹,新潟
2026-09-25,JAL2345,ITM,IZO,07:10,08:00,伊丹,出雲
2026-09-25,JAL2431,ITM,KMI,07:10,08:15,伊丹,宮崎
2026-09-25,JAL2051,ITM,FUK,07:15,08:25,伊丹,福岡
2026-09-25,JAL2361,ITM,OIT,07:15,08:15,伊丹,大分
2026-09-25,JAL2201,ITM,SDJ,07:20,08:35,伊丹,仙台
2026-09-25,JAL2181,ITM,HNA,07:25,08:50,伊丹,花巻
2026-09-25,JAL104,ITM,HND,07:25,08:40,伊丹,羽田
2026-09-25,JAL2383,ITM,KMJ,07:30,08:40,伊丹,熊本
2026-09-25,JAL2001,ITM,CTS,07:40,09:30,伊丹,新千歳
2026-09-25,JAL2151,ITM,AOJ,07:45,09:15,伊丹,青森
2026-09-25,JAL2171,ITM,AXT,07:55,09:10,伊丹,秋田
2026-09-25,JAL2233,ITM,GAJ,08:00,09:15,伊丹,山形
2026-09-25,JAL2081,ITM,OKA,08:20,10:25,伊丹,那覇
2026-09-25,JAL106,ITM,HND,08:25,09:35,伊丹,羽田
2026-09-25,JAL2323,ITM,TJH,09:00,09:40,伊丹,但馬
2026-09-25,JAL2161,ITM,MSJ,09:15,10:45,伊丹,三沢
2026-09-25,JAL110,ITM,HND,09:20,10:35,伊丹,羽田
2026-09-25,JAL2405,ITM,KOJ,09:20,10:30,伊丹,鹿児島
2026-09-25,JAL2203,ITM,SDJ,09:30,10:45,伊丹,仙台
2026-09-25,JAL2301,ITM,MYJ,09:30,10:15,伊丹,松山
2026-09-25,JAL2465,ITM,ASJ,09:35,11:10,伊丹,奄美
2026-09-25,JAL2053,ITM,FUK,09:50,11:00,伊丹,福岡
2026-09-25,JAL2365,ITM,OIT,10:10,11:05,伊丹,大分
2026-09-25,JAL2351,ITM,IZO,10:20,11:10,伊丹,出雲
2026-09-25,JAL2385,ITM,KMJ,10:20,11:25,伊丹,熊本
2026-09-25,JAL112,ITM,HND,10:25,11:35,伊丹,羽田
2026-09-25,JAL2243,ITM,KIJ,10:35,11:35,伊丹,新潟
2026-09-25,JAL2433,ITM,KMI,10:35,11:35,伊丹,宮崎
2026-09-25,JAL2123,ITM,HKD,11:00,12:35,伊丹,函館
2026-09-25,JAL2205,ITM,SDJ,11:00,12:15,伊丹,仙台
2026-09-25,JAL2407,ITM,KOJ,11:05,12:15,伊丹,鹿児島
2026-09-25,JAL2373,ITM,NGS,11:20,12:30,伊丹,長崎
2026-09-25,JAL114,ITM,HND,11:25,12:40,伊丹,羽田
2026-09-25,JAL2451,ITM,KUM,11:25,13:10,伊丹,屋久島
2026-09-25,JAL2005,ITM,CTS,11:45,13:35,伊丹,新千歳
2026-09-25,JAL2183,ITM,HNA,11:45,13:00,伊丹,花巻
2026-09-25,JAL2153,ITM,AOJ,12:00,13:25,伊丹,青森
2026-09-25,JAL2173,ITM,AXT,12:20,13:35,伊丹,秋田
2026-09-25,JAL116,ITM,HND,12:25,13:40,伊丹,羽田
2026-09-25,JAL2007,ITM,CTS,12:45,14:30,伊丹,新千歳
2026-09-25,JAL3881,ITM,KMJ,12:50,14:20,伊丹,熊本
2026-09-25,JAL2375,ITM,NGS,13:00,14:15,伊丹,長崎
2026-09-25,JAL2235,ITM,GAJ,13:10,14:20,伊丹,山形
2026-09-25,JAL2057,ITM,FUK,13:10,14:20,伊丹,福岡
2026-09-25,JAL118,ITM,HND,13:25,14:40,伊丹,羽田
2026-09-25,JAL2185,ITM,HNA,13:35,14:55,伊丹,花巻
2026-09-25,JAL2331,ITM,OKI,13:45,14:35,伊丹,隠岐
2026-09-25,JAL2207,ITM,SDJ,13:50,15:00,伊丹,仙台
2026-09-25,JAL2387,ITM,KMJ,13:50,14:55,伊丹,熊本
2026-09-25,JAL120,ITM,HND,14:20,15:35,伊丹,羽田
2026-09-25,JAL2247,ITM,KIJ,14:30,15:30,伊丹,新潟
2026-09-25,JAL3006,ITM,NRT,14:35,16:00,伊丹,成田
2026-09-25,JAL2355,ITM,IZO,14:35,15:25,伊丹,出雲
2026-09-25,JAL2087,ITM,OKA,14:50,16:50,伊丹,那覇
2026-09-25,JAL2009,ITM,CTS,15:15,17:00,伊丹,新千歳
2026-09-25,JAL2409,ITM,KOJ,15:15,16:20,伊丹,鹿児島
2026-09-25,JAL2209,ITM,SDJ,15:30,16:45,伊丹,仙台
2026-09-25,JAL124,ITM,HND,15:35,17:00,伊丹,羽田
2026-09-25,JAL2163,ITM,MSJ,15:40,17:10,伊丹,三沢
2026-09-25,JAL2411,ITM,KOJ,16:15,17:25,伊丹,鹿児島
2026-09-25,JAL2237,ITM,GAJ,16:25,17:35,伊丹,山形
2026-09-25,JAL2179,ITM,AXT,16:30,17:45,伊丹,秋田
2026-09-25,JAL126,ITM,HND,16:30,17:50,伊丹,羽田
2026-09-25,JAL2309,ITM,MYJ,16:30,17:15,伊丹,松山
2026-09-25,JAL2439,ITM,KMI,16:30,17:35,伊丹,宮崎
2026-09-25,JAL2187,ITM,HNA,16:45,18:10,伊丹,花巻
2026-09-25,JAL2157,ITM,AOJ,16:50,18:15,伊丹,青森
2026-09-25,JAL128,ITM,HND,16:50,18:10,伊丹,羽田
2026-09-25,JAL2325,ITM,TJH,16:55,17:30,伊丹,但馬
2026-09-25,JAL2213,ITM,SDJ,17:10,18:25,伊丹,仙台
2026-09-25,JAL2377,ITM,NGS,17:20,18:35,伊丹,長崎
2026-09-25,JAL2389,ITM,KMJ,17:25,18:30,伊丹,熊本
2026-09-25,JAL2415,ITM,KOJ,17:25,18:35,伊丹,鹿児島
2026-09-25,JAL2443,ITM,KMI,17:30,18:35,伊丹,宮崎
2026-09-25,JAL2251,ITM,KIJ,17:35,18:40,伊丹,新潟
2026-09-25,JAL2367,ITM,OIT,17:40,18:35,伊丹,大分
2026-09-25,JAL2357,ITM,IZO,18:05,18:55,伊丹,出雲
2026-09-25,JAL130,ITM,HND,18:25,19:40,伊丹,羽田
2026-09-25,JAL2019,ITM,CTS,18:40,20:25,伊丹,新千歳
2026-09-25,JAL134,ITM,HND,19:35,20:50,伊丹,羽田
2026-09-25,JAL2217,ITM,SDJ,19:50,21:05,伊丹,仙台
2026-09-25,JAL2061,ITM,FUK,19:55,21:10,伊丹,福岡
2026-09-25,JAL2445,ITM,KMI,19:55,21:00,伊丹,宮崎
2026-09-25,JAL138,ITM,HND,20:05,21:20,伊丹,羽田
2026-09-25,JAL2419,ITM,KOJ,20:05,21:15,伊丹,鹿児島
2026-09-25,JAL276,IZO,HND,07:35,09:00,出雲,羽田
2026-09-25,JAL2344,IZO,ITM,08:30,09:15,出雲,伊丹
2026-09-25,JAL4462,IZO,NKM,08:45,09:45,出雲,名古屋
2026-09-25,JAL3433,IZO,OKI,09:00,09:30,出雲,隠岐
2026-09-25,JAL278,IZO,HND,09:15,10:35,出雲,羽田
2026-09-25,JAL3550,IZO,FUK,11:00,12:10,出雲,福岡
2026-09-25,JAL2346,IZO,ITM,11:40,12:25,出雲,伊丹
2026-09-25,JAL280,IZO,HND,11:55,13:20,出雲,羽田
2026-09-25,JAL4464,IZO,NKM,12:30,13:30,出雲,名古屋
2026-09-25,JAL2356,IZO,ITM,16:00,16:45,出雲,伊丹
2026-09-25,JAL284,IZO,HND,17:15,18:50,出雲,羽田
2026-09-25,JAL4468,IZO,NKM,18:35,19:35,出雲,名古屋
2026-09-25,JAL286,IZO,HND,19:10,20:35,出雲,羽田
2026-09-25,JAL3554,IZO,FUK,19:15,20:25,出雲,福岡
2026-09-25,JAL2358,IZO,ITM,19:30,20:20,出雲,伊丹
2026-09-25,JAL490,KCZ,HND,07:10,08:30,高知,羽田
2026-09-25,JAL4512,KCZ,NGO,09:15,10:15,高知,中部国際
2026-09-25,JAL492,KCZ,HND,09:35,11:00,高知,羽田
2026-09-25,JAL3582,KCZ,FUK,10:25,11:25,高知,福岡
2026-09-25,JAL494,KCZ,HND,11:15,12:40,高知,羽田
2026-09-25,JAL4376,KCZ,NKM,15:55,16:55,高知,名古屋
2026-09-25,JAL496,KCZ,HND,16:15,17:45,高知,羽田
2026-09-25,JAL3588,KCZ,FUK,17:30,18:25,高知,福岡
2026-09-25,JAL498,KCZ,HND,19:00,20:25,高知,羽田
2026-09-25,JAL4378,KCZ,NKM,19:50,20:50,高知,名古屋
2026-09-25,JAL2240,KIJ,ITM,08:45,09:50,新潟,伊丹
2026-09-25,JAL4484,KIJ,CTS,11:45,13:00,新潟,新千歳
2026-09-25,JAL2244,KIJ,ITM,12:10,13:15,新潟,伊丹
2026-09-25,JAL4476,KIJ,FUK,12:30,14:20,新潟,福岡
2026-09-25,JAL2246,KIJ,ITM,16:00,17:05,新潟,伊丹
2026-09-25,JAL4486,KIJ,CTS,16:15,17:30,新潟,新千歳
2026-09-25,JAL4436,KIJ,NKM,18:45,19:45,新潟,名古屋
2026-09-25,JAL2250,KIJ,ITM,19:10,20:30,新潟,伊丹
2026-09-25,JAL220,KIX,HND,06:40,07:50,関西国際,羽田
2026-09-25,JTA121,KIX,MMY,07:40,09:55,関西国際,宮古
2026-09-25,JTA001,KIX,OKA,08:20,10:25,関西国際,那覇
2026-09-25,JAL2501,KIX,CTS,09:15,11:10,関西国際,新千歳
2026-09-25,JTA083,KIX,ISG,09:50,12:20,関西国際,新石垣
2026-09-25,JTA005,KIX,OKA,14:05,16:10,関西国際,那覇
2026-09-25,JAL224,KIX,HND,14:45,16:05,関西国際,羽田
2026-09-25,JAL2505,KIX,CTS,15:10,17:05,関西国際,新千歳
2026-09-25,JTA009,KIX,OKA,20:25,22:30,関西国際,那覇
2026-09-25,JAL228,KIX,HND,21:10,22:30,関西国際,羽田
2026-09-25,JAL374,KKJ,HND,10:35,12:10,北九州,羽田
2026-09-25,JAL376,KKJ,HND,15:55,17:40,北九州,羽田
2026-09-25,JAL378,KKJ,HND,20:45,22:20,北九州,羽田
2026-09-25,JAL3780,KKX,KOJ,09:20,10:25,喜界,鹿児島
2026-09-25,JAL3830,KKX,ASJ,10:15,10:35,喜界,奄美
2026-09-25,JAL3786,KKX,KOJ,15:15,16:20,喜界,鹿児島
2026-09-25,JAL3836,KKX,ASJ,16:30,16:50,喜界,奄美
2026-09-25,JAL688,KMI,HND,07:35,09:20,宮崎,羽田
2026-09-25,JAL2430,KMI,ITM,07:35,08:40,宮崎,伊丹
2026-09-25,JAL3624,KMI,FUK,08:30,09:20,宮崎,福岡
2026-09-25,JAL2432,KMI,ITM,08:45,09:50,宮崎,伊丹
2026-09-25,JAL690,KMI,HND,10:30,12:10,宮崎,羽田
2026-09-25,JAL3626,KMI,FUK,11:05,11:55,宮崎,福岡
2026-09-25,JAL692,KMI,HND,12:10,13:55,宮崎,羽田
2026-09-25,JAL2434,KMI,ITM,12:10,13:15,宮崎,伊丹
2026-09-25,JAL3628,KMI,FUK,13:00,13:55,宮崎,福岡
2026-09-25,JAL694,KMI,HND,14:00,15:45,宮崎,羽田
2026-09-25,JAL3630,KMI,FUK,14:00,14:55,宮崎,福岡
2026-09-25,JAL3634,KMI,FUK,15:50,16:40,宮崎,福岡
2026-09-25,JAL696,KMI,HND,16:50,18:35,宮崎,羽田
2026-09-25,JAL3636,KMI,FUK,16:50,17:45,宮崎,福岡
2026-09-25,JAL2440,KMI,ITM,18:05,19:20,宮崎,伊丹
2026-09-25,JAL698,KMI,HND,18:45,20:30,宮崎,羽田
2026-09-25,JAL2444,KMI,ITM,19:05,20:20,宮崎,伊丹
2026-09-25,JAL3642,KMI,FUK,20:35,21:30,宮崎,福岡
2026-09-25,JAL622,KMJ,HND,07:35,09:20,熊本,羽田
2026-09-25,JAL624,KMJ,HND,08:40,10:20,熊本,羽田
2026-09-25,JAL2382,KMJ,ITM,09:15,10:20,熊本,伊丹
2026-09-25,JAL4400,KMJ,NKM,09:45,11:05,熊本,名古屋
2026-09-25,JAL626,KMJ,HND,10:20,12:05,熊本,羽田
2026-09-25,JAL3880,KMJ,ITM,10:45,12:10,熊本,伊丹
2026-09-25,JAL2386,KMJ,ITM,12:00,13:05,熊本,伊丹
2026-09-25,JAL628,KMJ,HND,12:25,14:10,熊本,羽田
2026-09-25,JAL4534,KMJ,NGO,12:40,14:00,熊本,中部国際
2026-09-25,JAL630,KMJ,HND,13:50,15:35,熊本,羽田
2026-09-25,JAL3873,KMJ,AXJ,14:50,15:15,熊本,天草
2026-09-25,JAL632,KMJ,HND,15:20,17:10,熊本,羽田
2026-09-25,JAL2388,KMJ,ITM,15:30,16:35,熊本,伊丹
2026-09-25,JAL4536,KMJ,NGO,16:30,17:50,熊本,中部国際
2026-09-25,JAL634,KMJ,HND,17:20,19:05,熊本,羽田
2026-09-25,JAL2392,KMJ,ITM,19:00,20:20,熊本,伊丹
2026-09-25,JAL4408,KMJ,NKM,20:00,21:20,熊本,名古屋
2026-09-25,JAL638,KMJ,HND,20:05,21:45,熊本,羽田
2026-09-25,JAL182,KMQ,HND,07:35,08:50,小松,羽田
2026-09-25,JAL184,KMQ,HND,08:50,10:00,小松,羽田
2026-09-25,JAL186,KMQ,HND,11:15,12:25,小松,羽田
2026-09-25,JTA037,KMQ,OKA,14:05,16:25,小松,那覇
2026-09-25,JAL188,KMQ,HND,14:50,16:10,小松,羽田
2026-09-25,JAL190,KMQ,HND,18:40,19:55,小松,羽田
2026-09-25,JAL192,KMQ,HND,20:30,21:40,小松,羽田
2026-09-25,JAL3801,KOJ,OKE,07:20,08:45,鹿児島,沖永良部
2026-09-25,JAL640,KOJ,HND,07:30,09:15,鹿児島,羽田
2026-09-25,JAL2400,KOJ,ITM,07:35,08:45,鹿児島,伊丹
2026-09-25,JAL3783,KOJ,KKX,07:35,08:50,鹿児島,喜界
2026-09-25,JAL3721,KOJ,ASJ,07:40,08:55,鹿児島,奄美
2026-09-25,JAL3791,KOJ,TKN,07:50,09:10,鹿児島,徳之島
2026-09-25,JAL3761,KOJ,TNE,08:10,08:50,鹿児島,種子島
2026-09-25,JAL3741,KOJ,KUM,08:40,09:20,鹿児島,屋久島
2026-09-25,JAL642,KOJ,HND,08:50,10:35,鹿児島,羽田
2026-09-25,JAL2402,KOJ,ITM,08:50,10:00,鹿児島,伊丹
2026-09-25,JAL3793,KOJ,TKN,08:55,09:55,鹿児島,徳之島
2026-09-25,JAL3727,KOJ,ASJ,10:15,11:10,鹿児島,奄美
2026-09-25,JAL3743,KOJ,KUM,10:30,11:10,鹿児島,屋久島
2026-09-25,JAL644,KOJ,HND,10:55,12:40,鹿児島,羽田
2026-09-25,JAL2406,KOJ,ITM,11:00,12:10,鹿児島,伊丹
2026-09-25,JAL3763,KOJ,TNE,11:00,11:40,鹿児島,種子島
2026-09-25,JAL3825,KOJ,RNJ,11:10,12:45,鹿児島,与論
2026-09-25,JAL3729,KOJ,ASJ,11:55,12:50,鹿児島,奄美
2026-09-25,JAL3654,KOJ,FUK,12:05,13:05,鹿児島,福岡
2026-09-25,JAL646,KOJ,HND,12:50,14:35,鹿児島,羽田
2026-09-25,JAL2408,KOJ,ITM,12:50,14:00,鹿児島,伊丹
2026-09-25,JAL3795,KOJ,TKN,13:00,14:25,鹿児島,徳之島
2026-09-25,JAL3731,KOJ,ASJ,13:10,14:05,鹿児島,奄美
2026-09-25,JAL3745,KOJ,KUM,13:25,14:05,鹿児島,屋久島
2026-09-25,JAL3785,KOJ,KKX,13:30,14:45,鹿児島,喜界
2026-09-25,JAL648,KOJ,HND,14:35,16:30,鹿児島,羽田
2026-09-25,JAL2410,KOJ,ITM,14:45,15:55,鹿児島,伊丹
2026-09-25,JAL3809,KOJ,OKE,14:55,16:20,鹿児島,沖永良部
2026-09-25,JAL4306,KOJ,FSZ,15:00,16:30,鹿児島,静岡
2026-09-25,JAL3753,KOJ,KUM,15:25,16:05,鹿児島,屋久島
2026-09-25,JAL3797,KOJ,TKN,16:05,17:05,鹿児島,徳之島
2026-09-25,JAL650,KOJ,HND,16:45,18:35,鹿児島,羽田
2026-09-25,JAL3777,KOJ,TNE,16:50,17:30,鹿児島,種子島
2026-09-25,JAL3735,KOJ,ASJ,16:55,17:50,鹿児島,奄美
2026-09-25,JAL3737,KOJ,ASJ,17:15,18:30,鹿児島,奄美
2026-09-25,JAL3759,KOJ,KUM,17:50,18:30,鹿児島,屋久島
2026-09-25,JAL2412,KOJ,ITM,18:05,19:15,鹿児島,伊丹
2026-09-25,JAL3687,KOJ,MYJ,18:50,19:50,鹿児島,松山
2026-09-25,JAL652,KOJ,HND,19:05,20:50,鹿児島,羽田
2026-09-25,JAL2414,KOJ,ITM,19:10,20:30,鹿児島,伊丹
2026-09-25,JAL654,KOJ,HND,20:35,22:25,鹿児島,羽田
2026-09-25,RAC842,KTD,OKA,12:50,13:55,北大東,那覇
2026-09-25,JAL2762,KUH,OKD,09:15,10:05,釧路,丘珠
2026-09-25,JAL540,KUH,HND,10:00,11:45,釧路,羽田
2026-09-25,JAL542,KUH,HND,14:50,16:35,釧路,羽田
2026-09-25,JAL2766,KUH,OKD,15:25,16:15,釧路,丘珠
2026-09-25,JAL2768,KUH,OKD,18:00,18:50,釧路,丘珠
2026-09-25,JAL544,KUH,HND,19:50,21:35,釧路,羽田
2026-09-25,JAL3740,KUM,KOJ,09:55,10:30,屋久島,鹿児島
2026-09-25,JAL3744,KUM,KOJ,11:45,12:20,屋久島,鹿児島
2026-09-25,JAL3746,KUM,KOJ,13:40,14:15,屋久島,鹿児島
2026-09-25,JAL2450,KUM,ITM,14:35,16:15,屋久島,伊丹
2026-09-25,JAL3676,KUM,FUK,15:30,16:45,屋久島,福岡
2026-09-25,JAL3750,KUM,KOJ,16:35,17:10,屋久島,鹿児島
2026-09-25,JAL3756,KUM,KOJ,19:00,19:35,屋久島,鹿児島
2026-09-25,JAL2710,MMB,CTS,08:55,09:40,女満別,新千歳
2026-09-25,JAL562,MMB,HND,09:25,11:20,女満別,羽田
2026-09-25,JAL2722,MMB,OKD,10:20,11:10,女満別,丘珠
2026-09-25,JAL2714,MMB,CTS,13:55,14:45,女満別,新千歳
2026-09-25,JAL564,MMB,HND,15:00,16:55,女満別,羽田
2026-09-25,JAL2718,MMB,CTS,17:25,18:10,女満別,新千歳
2026-09-25,JAL2728,MMB,OKD,19:10,20:00,女満別,丘珠
2026-09-25,JAL566,MMB,HND,19:50,21:45,女満別,羽田
2026-09-25,RAC862,MMD,OKA,09:30,10:35,南大東,那覇
2026-09-25,RAC864,MMD,OKA,15:55,16:55,南大東,那覇
2026-09-25,JAL4362,MMJ,UKB,10:00,11:00,松本,神戸
2026-09-25,JAL4352,MMJ,CTS,11:35,13:15,松本,新千歳
2026-09-25,JAL4344,MMJ,FUK,13:10,14:50,松本,福岡
2026-09-25,JAL4372,MMJ,OKD,16:10,17:40,松本,丘珠
2026-09-25,JAL4348,MMJ,FUK,17:45,19:25,松本,福岡
2026-09-25,JTA552,MMY,OKA,08:50,09:45,宮古,那覇
2026-09-25,RAC891,MMY,TRA,09:20,09:45,宮古,多良間
2026-09-25,JTA556,MMY,OKA,10:40,11:35,宮古,那覇
2026-09-25,RAC831,MMY,ISG,11:30,12:00,宮古,新石垣
2026-09-25,JTA558,MMY,OKA,12:10,13:05,宮古,那覇
2026-09-25,JTA560,MMY,OKA,13:25,14:20,宮古,那覇
2026-09-25,JAL934,MMY,HND,14:25,17:15,宮古,羽田
2026-09-25,RAC897,MMY,TRA,15:50,16:15,宮古,多良間
2026-09-25,JTA562,MMY,OKA,16:05,17:00,宮古,那覇
2026-09-25,JTA564,MMY,OKA,16:55,17:50,宮古,那覇
2026-09-25,RAC839,MMY,ISG,17:45,18:15,宮古,新石垣
2026-09-25,JTA572,MMY,OKA,17:55,18:50,宮古,那覇
2026-09-25,JTA128,MMY,KIX,19:25,21:40,宮古,関西国際
2026-09-25,RAC804,MMY,OKA,20:00,20:55,宮古,那覇
2026-09-25,JAL152,MSJ,HND,10:00,11:25,三沢,羽田
2026-09-25,JAL2162,MSJ,ITM,11:20,13:00,三沢,伊丹
2026-09-25,JAL154,MSJ,HND,12:50,14:15,三沢,羽田
2026-09-25,JAL2816,MSJ,OKD,13:10,14:05,三沢,丘珠
2026-09-25,JAL156,MSJ,HND,16:50,18:15,三沢,羽田
2026-09-25,JAL2166,MSJ,ITM,17:45,19:25,三沢,伊丹
2026-09-25,JAL158,MSJ,HND,19:10,20:35,三沢,羽田
2026-09-25,JAL430,MYJ,HND,07:10,08:40,松山,羽田
2026-09-25,JAL3592,MYJ,FUK,08:25,09:15,松山,福岡
2026-09-25,JAL432,MYJ,HND,09:10,10:40,松山,羽田
2026-09-25,JAL2300,MYJ,ITM,10:45,11:35,松山,伊丹
2026-09-25,JAL434,MYJ,HND,11:25,12:55,松山,羽田
2026-09-25,JAL3596,MYJ,FUK,13:30,14:15,松山,福岡
2026-09-25,JAL436,MYJ,HND,14:20,15:55,松山,羽田
2026-09-25,JAL3602,MYJ,FUK,14:45,15:35,松山,福岡
2026-09-25,JAL438,MYJ,HND,17:35,19:10,松山,羽田
2026-09-25,JAL3608,MYJ,FUK,17:45,18:40,松山,福岡
2026-09-25,JAL440,MYJ,HND,19:00,20:35,松山,羽田
2026-09-25,JAL2310,MYJ,ITM,19:00,20:00,松山,伊丹
2026-09-25,JAL3686,MYJ,KOJ,20:20,21:20,松山,鹿児島
2026-09-25,JAL202,NGO,HND,07:40,08:40,中部国際,羽田
2026-09-25,JAL3101,NGO,CTS,08:05,09:50,中部国際,新千歳
2026-09-25,JAL3082,NGO,NRT,08:20,09:30,中部国際,成田
2026-09-25,JTA045,NGO,OKA,08:30,10:45,中部国際,那覇
2026-09-25,JAL4535,NGO,KMJ,10:45,12:10,中部国際,熊本
2026-09-25,JAL3107,NGO,CTS,12:40,14:20,中部国際,新千歳
2026-09-25,JAL3084,NGO,NRT,14:35,15:50,中部国際,成田
2026-09-25,JAL4537,NGO,KMJ,14:35,16:00,中部国際,熊本
2026-09-25,JTA047,NGO,OKA,14:55,17:10,中部国際,那覇
2026-09-25,JAL3117,NGO,CTS,17:30,19:10,中部国際,新千歳
2026-09-25,JAL4517,NGO,KCZ,18:20,19:20,中部国際,高知
2026-09-25,JTA049,NGO,OKA,18:50,21:00,中部国際,那覇
2026-09-25,JAL208,NGO,HND,20:55,22:00,中部国際,羽田
2026-09-25,JAL606,NGS,HND,07:25,09:10,長崎,羽田
2026-09-25,JAL4051,NGS,TSJ,07:30,08:05,長崎,対馬
2026-09-25,JAL2372,NGS,ITM,08:50,10:00,長崎,伊丹
2026-09-25,JAL4041,NGS,IKI,08:55,09:25,長崎,壱岐
2026-09-25,JAL4073,NGS,FUJ,09:50,10:20,長崎,五島福江
2026-09-25,JAL608,NGS,HND,10:00,11:45,長崎,羽田
2026-09-25,JAL4053,NGS,TSJ,11:00,11:35,長崎,対馬
2026-09-25,JAL610,NGS,HND,12:35,14:25,長崎,羽田
2026-09-25,JAL2374,NGS,ITM,13:00,14:10,長崎,伊丹
2026-09-25,JAL4075,NGS,FUJ,13:20,13:50,長崎,五島福江
2026-09-25,JAL2376,NGS,ITM,14:45,15:55,長崎,伊丹
2026-09-25,JAL4077,NGS,FUJ,14:45,15:15,長崎,五島福江
2026-09-25,JAL612,NGS,HND,15:05,17:00,長崎,羽田
2026-09-25,JAL614,NGS,HND,16:05,18:00,長崎,羽田
2026-09-25,JAL4043,NGS,IKI,16:50,17:20,長崎,壱岐
2026-09-25,JAL4061,NGS,TSJ,19:00,19:35,長崎,対馬
2026-09-25,JAL2378,NGS,ITM,19:10,20:25,長崎,伊丹
2026-09-25,JAL616,NGS,HND,20:25,22:10,長崎,羽田
2026-09-25,JAL4381,NKM,FUK,07:00,08:25,名古屋,福岡
2026-09-25,JAL4461,NKM,IZO,07:15,08:15,名古屋,出雲
2026-09-25,JAL4451,NKM,OKD,07:20,09:00,名古屋,丘珠
2026-09-25,JAL4411,NKM,HNA,07:30,08:40,名古屋,花巻
2026-09-25,JAL4377,NKM,KCZ,07:45,08:45,名古屋,高知
2026-09-25,JAL4401,NKM,KMJ,07:50,09:15,名古屋,熊本
2026-09-25,JAL4383,NKM,FUK,08:00,09:25,名古屋,福岡
2026-09-25,JAL4421,NKM,AOJ,08:25,09:45,名古屋,青森
2026-09-25,JAL4441,NKM,GAJ,09:05,10:10,名古屋,山形
2026-09-25,JAL4433,NKM,KIJ,10:20,11:15,名古屋,新潟
2026-09-25,JAL4385,NKM,FUK,10:55,12:20,名古屋,福岡
2026-09-25,JAL4463,NKM,IZO,11:00,12:00,名古屋,出雲
2026-09-25,JAL4423,NKM,AOJ,11:35,12:55,名古屋,青森
2026-09-25,JAL4413,NKM,HNA,12:15,13:25,名古屋,花巻
2026-09-25,JAL4443,NKM,GAJ,12:20,13:25,名古屋,山形
2026-09-25,JAL4455,NKM,OKD,13:30,15:10,名古屋,丘珠
2026-09-25,JAL4379,NKM,KCZ,14:10,15:10,名古屋,高知
2026-09-25,JAL4417,NKM,HNA,16:00,17:10,名古屋,花巻
2026-09-25,JAL4457,NKM,OKD,16:50,18:30,名古屋,丘珠
2026-09-25,JAL4467,NKM,IZO,17:05,18:05,名古屋,出雲
2026-09-25,JAL4427,NKM,AOJ,18:00,19:20,名古屋,青森
2026-09-25,JAL4409,NKM,KMJ,18:05,19:30,名古屋,熊本
2026-09-25,JAL4393,NKM,FUK,19:35,21:00,名古屋,福岡
2026-09-25,JAL3083,NRT,NGO,10:30,11:40,成田,中部国際
2026-09-25,JAL3009,NRT,ITM,18:25,19:50,成田,伊丹
2026-09-25,JAL3087,NRT,NGO,18:55,20:10,成田,中部国際
2026-09-25,JAL570,OBO,HND,09:55,11:40,帯広,羽田
2026-09-25,JAL572,OBO,HND,13:10,14:55,帯広,羽田
2026-09-25,JAL574,OBO,HND,16:15,18:00,帯広,羽田
2026-09-25,JAL576,OBO,HND,20:00,21:40,帯広,羽田
2026-09-25,RAC742,OGN,ISG,08:55,09:25,与那国,新石垣
2026-09-25,RAC724,OGN,OKA,11:15,12:35,与那国,那覇
2026-09-25,RAC744,OGN,ISG,13:35,14:05,与那国,新石垣
2026-09-25,RAC746,OGN,ISG,16:50,17:20,与那国,新石垣
2026-09-25,RAC728,OGN,OKA,18:50,20:10,与那国,那覇
2026-09-25,JAL2796,OIR,OKD,12:45,13:35,奥尻,丘珠
2026-09-25,JAL662,OIT,HND,07:35,09:10,大分,羽田
2026-09-25,JAL2362,OIT,ITM,08:45,09:40,大分,伊丹
2026-09-25,JAL664,OIT,HND,10:25,11:55,大分,羽田
2026-09-25,JAL2364,OIT,ITM,11:35,12:35,大分,伊丹
2026-09-25,JAL668,OIT,HND,11:50,13:30,大分,羽田
2026-09-25,JAL670,OIT,HND,14:25,16:05,大分,羽田
2026-09-25,JAL672,OIT,HND,17:20,19:00,大分,羽田
2026-09-25,JAL674,OIT,HND,19:05,20:40,大分,羽田
2026-09-25,JAL2366,OIT,ITM,19:10,20:15,大分,伊丹
2026-09-25,JTA002,OKA,KIX,07:10,09:05,那覇,関西国際
2026-09-25,JTA050,OKA,FUK,07:10,08:50,那覇,福岡
2026-09-25,JTA551,OKA,MMY,07:15,08:10,那覇,宮古
2026-09-25,JTA601,OKA,ISG,07:15,08:15,那覇,新石垣
2026-09-25,RAC721,OKA,OGN,07:15,08:25,那覇,与那国
2026-09-25,JAL900,OKA,HND,07:25,09:50,那覇,羽田
2026-09-25,RAC871,OKA,UEO,07:45,08:15,那覇,久米島
2026-09-25,RAC861,OKA,MMD,08:00,09:00,那覇,南大東
2026-09-25,RAC801,OKA,MMY,08:00,08:50,那覇,宮古
2026-09-25,JTA605,OKA,ISG,09:35,10:30,那覇,新石垣
2026-09-25,JAL902,OKA,HND,09:55,12:25,那覇,羽田
2026-09-25,RAC873,OKA,UEO,09:55,10:25,那覇,久米島
2026-09-25,JTA052,OKA,FUK,10:25,12:10,那覇,福岡
2026-09-25,JTA557,OKA,MMY,10:40,11:30,那覇,宮古
2026-09-25,JAL904,OKA,HND,10:50,13:25,那覇,羽田
2026-09-25,JTA036,OKA,KMQ,11:10,13:25,那覇,小松
2026-09-25,JTA004,OKA,KIX,11:10,13:10,那覇,関西国際
2026-09-25,RAC841,OKA,KTD,11:20,12:20,那覇,北大東
2026-09-25,JAL906,OKA,HND,11:40,14:15,那覇,羽田
2026-09-25,JTA042,OKA,NGO,11:55,14:05,那覇,中部国際
2026-09-25,JAL2084,OKA,ITM,11:55,13:55,那覇,伊丹
2026-09-25,JTA559,OKA,MMY,11:55,12:45,那覇,宮古
2026-09-25,JAL908,OKA,HND,12:15,14:50,那覇,羽田
2026-09-25,JTA609,OKA,ISG,12:15,13:15,那覇,新石垣
2026-09-25,RAC877,OKA,UEO,12:20,12:50,那覇,久米島
2026-09-25,JAL910,OKA,HND,13:15,15:50,那覇,羽田
2026-09-25,RAC815,OKA,RNJ,13:15,13:55,那覇,与論
2026-09-25,JTA054,OKA,FUK,13:20,15:05,那覇,福岡
2026-09-25,JTA211,OKA,UEO,13:45,14:20,那覇,久米島
2026-09-25,JAL3867,OKA,ASJ,13:55,14:55,那覇,奄美
2026-09-25,JAL912,OKA,HND,14:00,16:35,那覇,羽田
2026-09-25,RAC863,OKA,MMD,14:25,15:25,那覇,南大東
2026-09-25,JTA563,OKA,MMY,14:30,15:25,那覇,宮古
2026-09-25,JAL3715,OKA,OKE,14:35,15:25,那覇,沖永良部
2026-09-25,JTA617,OKA,ISG,14:45,15:45,那覇,新石垣
2026-09-25,JAL988,OKA,HND,14:55,17:35,那覇,羽田
2026-09-25,RAC727,OKA,OGN,14:55,16:10,那覇,与那国
2026-09-25,JTA058,OKA,FUK,15:00,16:45,那覇,福岡
2026-09-25,JTA565,OKA,MMY,15:25,16:15,那覇,宮古
2026-09-25,JAL914,OKA,HND,15:40,18:15,那覇,羽田
2026-09-25,RAC879,OKA,UEO,15:40,16:15,那覇,久米島
2026-09-25,JTA044,OKA,NGO,15:45,17:55,那覇,中部国際
2026-09-25,JTA571,OKA,MMY,16:25,17:15,那覇,宮古
2026-09-25,JTA621,OKA,ISG,17:00,18:00,那覇,新石垣
2026-09-25,RAC881,OKA,UEO,17:25,17:55,那覇,久米島
2026-09-25,JTA008,OKA,KIX,17:40,19:40,那覇,関西国際
2026-09-25,JAL916,OKA,HND,17:45,20:15,那覇,羽田
2026-09-25,JAL2088,OKA,ITM,17:55,19:55,那覇,伊丹
2026-09-25,JTA573,OKA,MMY,17:55,18:45,那覇,宮古
2026-09-25,RAC883,OKA,UEO,18:10,18:40,那覇,久米島
2026-09-25,JTA625,OKA,ISG,18:10,19:10,那覇,新石垣
2026-09-25,JTA016,OKA,OKJ,18:30,20:20,那覇,岡山
2026-09-25,JTA060,OKA,FUK,18:30,20:10,那覇,福岡
2026-09-25,JAL918,OKA,HND,18:50,21:20,那覇,羽田
2026-09-25,JAL920,OKA,HND,19:30,22:00,那覇,羽田
2026-09-25,JTA062,OKA,FUK,19:40,21:25,那覇,福岡
2026-09-25,JTA046,OKA,NGO,19:45,21:55,那覇,中部国際
2026-09-25,JAL922,OKA,HND,20:30,23:00,那覇,羽田
2026-09-25,JAL2741,OKD,HKD,07:35,08:15,丘珠,函館
2026-09-25,JAL2783,OKD,RIS,07:50,08:45,丘珠,利尻
2026-09-25,JAL2761,OKD,KUH,08:00,08:45,丘珠,釧路
2026-09-25,JAL2721,OKD,MMB,09:05,09:50,丘珠,女満別
2026-09-25,JAL4371,OKD,MMJ,09:30,11:05,丘珠,松本
2026-09-25,JAL2731,OKD,SHB,09:55,10:45,丘珠,根室中標津
2026-09-25,JAL2823,OKD,AXT,10:45,11:55,丘珠,秋田
2026-09-25,JAL4452,OKD,NKM,11:10,12:55,丘珠,名古屋
2026-09-25,JAL2795,OKD,OIR,11:25,12:15,丘珠,奥尻
2026-09-25,JAL2815,OKD,MSJ,11:40,12:40,丘珠,三沢
2026-09-25,JAL2749,OKD,HKD,12:45,13:25,丘珠,函館
2026-09-25,JAL2765,OKD,KUH,14:10,14:55,丘珠,釧路
2026-09-25,JAL2751,OKD,HKD,14:45,15:25,丘珠,函館
2026-09-25,JAL2787,OKD,RIS,15:00,15:55,丘珠,利尻
2026-09-25,JAL2737,OKD,SHB,15:10,16:00,丘珠,根室中標津
2026-09-25,JAL4456,OKD,NKM,15:40,17:25,丘珠,名古屋
2026-09-25,JAL2767,OKD,KUH,16:45,17:30,丘珠,釧路
2026-09-25,JAL2825,OKD,AXT,17:05,18:15,丘珠,秋田
2026-09-25,JAL2727,OKD,MMB,17:55,18:40,丘珠,女満別
2026-09-25,JAL2755,OKD,HKD,18:05,18:45,丘珠,函館
2026-09-25,JAL4332,OKD,FSZ,18:15,20:05,丘珠,静岡
2026-09-25,JAL4458,OKD,NKM,19:00,20:45,丘珠,名古屋
2026-09-25,JAL2759,OKD,HKD,19:20,20:00,丘珠,函館
2026-09-25,JAL3800,OKE,KOJ,09:15,10:35,沖永良部,鹿児島
2026-09-25,JAL3716,OKE,OKA,12:55,13:45,沖永良部,那覇
2026-09-25,JAL3710,OKE,TKN,15:55,16:20,沖永良部,徳之島
2026-09-25,JAL3808,OKE,KOJ,16:50,18:10,沖永良部,鹿児島
2026-09-25,JAL3434,OKI,IZO,10:00,10:30,隠岐,出雲
2026-09-25,JAL2332,OKI,ITM,15:05,15:50,隠岐,伊丹
2026-09-25,JAL232,OKJ,HND,07:05,08:25,岡山,羽田
2026-09-25,JTA013,OKJ,OKA,08:30,10:30,岡山,那覇
2026-09-25,JAL234,OKJ,HND,10:15,11:30,岡山,羽田
2026-09-25,JAL236,OKJ,HND,12:20,13:40,岡山,羽田
2026-09-25,JAL240,OKJ,HND,17:30,18:55,岡山,羽田
2026-09-25,JAL242,OKJ,HND,19:25,20:40,岡山,羽田
2026-09-25,JAL2784,RIS,OKD,09:15,10:05,利尻,丘珠
2026-09-25,JAL2788,RIS,OKD,16:25,17:15,利尻,丘珠
2026-09-25,JAL3866,RNJ,OKA,12:30,13:15,与論,那覇
2026-09-25,JAL3826,RNJ,KOJ,13:15,14:45,与論,鹿児島
2026-09-25,RAC816,RNJ,OKA,14:25,15:00,与論,那覇
2026-09-25,JAL2200,SDJ,ITM,07:35,08:55,仙台,伊丹
2026-09-25,JAL2901,SDJ,CTS,07:50,09:00,仙台,新千歳
2026-09-25,JAL2903,SDJ,CTS,09:10,10:25,仙台,新千歳
2026-09-25,JAL2202,SDJ,ITM,09:15,10:30,仙台,伊丹
2026-09-25,JAL4528,SDJ,FUK,11:15,13:20,仙台,福岡
2026-09-25,JAL2204,SDJ,ITM,11:20,12:35,仙台,伊丹
2026-09-25,JAL2206,SDJ,ITM,12:40,13:55,仙台,伊丹
2026-09-25,JAL2905,SDJ,CTS,12:45,13:55,仙台,新千歳
2026-09-25,JAL2210,SDJ,ITM,15:35,16:50,仙台,伊丹
2026-09-25,JAL2212,SDJ,ITM,16:10,17:25,仙台,伊丹
2026-09-25,JAL2907,SDJ,CTS,17:15,18:25,仙台,新千歳
2026-09-25,JAL4530,SDJ,FUK,17:45,19:50,仙台,福岡
2026-09-25,JAL2216,SDJ,ITM,19:00,20:25,仙台,伊丹
2026-09-25,JAL2909,SDJ,CTS,20:30,21:40,仙台,新千歳
2026-09-25,JAL2732,SHB,OKD,11:15,12:10,根室中標津,丘珠
2026-09-25,JAL2738,SHB,OKD,16:30,17:25,根室中標津,丘珠
2026-09-25,SKY542,SHI,OKA,11:50,12:40,下地島,那覇
2026-09-25,SKY546,SHI,OKA,13:50,14:40,下地島,那覇
2026-09-25,SKY164,SHI,UKB,15:25,17:35,下地島,神戸
2026-09-25,SKY564,SHI,FUK,16:00,18:00,下地島,福岡
2026-09-25,SKY618,SHI,HND,17:10,19:50,下地島,羽田
2026-09-25,JAL212,SHM,HND,09:30,10:40,南紀白浜,羽田
2026-09-25,JAL214,SHM,HND,13:45,15:00,南紀白浜,羽田
2026-09-25,JAL218,SHM,HND,18:25,19:40,南紀白浜,羽田
2026-09-25,JAL474,TAK,HND,07:05,08:25,高松,羽田
2026-09-25,JAL476,TAK,HND,09:45,11:00,高松,羽田
2026-09-25,JAL478,TAK,HND,11:45,13:05,高松,羽田
2026-09-25,JAL480,TAK,HND,13:10,14:30,高松,羽田
2026-09-25,JAL482,TAK,HND,15:15,16:40,高松,羽田
2026-09-25,JAL484,TAK,HND,17:20,18:45,高松,羽田
2026-09-25,JAL486,TAK,HND,20:40,21:55,高松,羽田
2026-09-25,JAL2324,TJH,ITM,10:10,10:45,但馬,伊丹
2026-09-25,JAL2326,TJH,ITM,18:00,18:40,但馬,伊丹
2026-09-25,JAL3842,TKN,ASJ,09:40,10:10,徳之島,奄美
2026-09-25,JAL3792,TKN,KOJ,10:25,11:20,徳之島,鹿児島
2026-09-25,JAL3711,TKN,OKE,12:00,12:25,徳之島,沖永良部
2026-09-25,JAL3794,TKN,KOJ,14:55,16:15,徳之島,鹿児島
2026-09-25,JAL3844,TKN,ASJ,16:50,17:20,徳之島,奄美
2026-09-25,JAL3796,TKN,KOJ,17:40,18:35,徳之島,鹿児島
2026-09-25,JAL3798,TKN,KOJ,19:00,20:15,徳之島,鹿児島
2026-09-25,JAL452,TKS,HND,07:05,08:20,徳島,羽田
2026-09-25,JAL454,TKS,HND,08:55,10:15,徳島,羽田
2026-09-25,JAL3564,TKS,FUK,11:30,12:35,徳島,福岡
2026-09-25,JAL456,TKS,HND,12:20,13:40,徳島,羽田
2026-09-25,JAL460,TKS,HND,14:45,16:10,徳島,羽田
2026-09-25,JAL462,TKS,HND,17:40,19:05,徳島,羽田
2026-09-25,JAL3568,TKS,FUK,20:05,21:10,徳島,福岡
2026-09-25,JAL464,TKS,HND,20:35,21:55,徳島,羽田
2026-09-25,JAL3760,TNE,KOJ,09:20,09:55,種子島,鹿児島
2026-09-25,JAL3764,TNE,KOJ,12:10,12:45,種子島,鹿児島
2026-09-25,JAL3772,TNE,KOJ,18:00,18:35,種子島,鹿児島
2026-09-25,RAC892,TRA,MMY,10:20,10:45,多良間,宮古
2026-09-25,RAC898,TRA,MMY,16:50,17:15,多良間,宮古
2026-09-25,JAL4052,TSJ,NGS,08:35,09:15,対馬,長崎
2026-09-25,JAL4080,TSJ,FUK,08:50,09:25,対馬,福岡
2026-09-25,JAL4082,TSJ,FUK,11:00,11:35,対馬,福岡
2026-09-25,JAL4054,TSJ,NGS,12:05,12:45,対馬,長崎
2026-09-25,JAL4062,TSJ,NGS,20:05,20:45,対馬,長崎
2026-09-25,JAL290,UBJ,HND,07:40,09:20,山口宇部,羽田
2026-09-25,JAL292,UBJ,HND,10:20,12:00,山口宇部,羽田
2026-09-25,JAL294,UBJ,HND,15:00,16:45,山口宇部,羽田
2026-09-25,JAL296,UBJ,HND,19:00,20:40,山口宇部,羽田
2026-09-25,RAC872,UEO,OKA,08:45,09:20,久米島,那覇
2026-09-25,RAC874,UEO,OKA,10:55,11:30,久米島,那覇
2026-09-25,RAC878,UEO,OKA,13:20,13:55,久米島,那覇
2026-09-25,JTA212,UEO,OKA,15:00,15:40,久米島,那覇
2026-09-25,RAC880,UEO,OKA,16:45,17:20,久米島,那覇
2026-09-25,RAC882,UEO,OKA,18:25,19:00,久米島,那覇
2026-09-25,RAC884,UEO,OKA,19:10,19:45,久米島,那覇
2026-09-25,JAL4363,UKB,MMJ,11:40,12:40,神戸,松本
2026-09-26,JAL552,AKJ,HND,09:50,11:35,旭川,羽田
2026-09-26,JAL554,AKJ,HND,13:40,15:25,旭川,羽田
2026-09-26,JAL556,AKJ,HND,16:25,18:15,旭川,羽田
2026-09-26,JAL558,AKJ,HND,19:55,21:40,旭川,羽田
2026-09-26,JAL140,AOJ,HND,07:35,08:55,青森,羽田
2026-09-26,JAL142,AOJ,HND,08:35,09:55,青森,羽田
2026-09-26,JAL2150,AOJ,ITM,09:50,11:20,青森,伊丹
2026-09-26,JAL4422,AOJ,NKM,10:15,11:40,青森,名古屋
2026-09-26,JAL2804,AOJ,CTS,11:00,11:45,青森,新千歳
2026-09-26,JAL144,AOJ,HND,12:00,13:20,青森,羽田
2026-09-26,JAL4424,AOJ,NKM,13:25,14:50,青森,名古屋
2026-09-26,JAL2154,AOJ,ITM,14:00,15:30,青森,伊丹
2026-09-26,JAL2806,AOJ,CTS,15:00,15:45,青森,新千歳
2026-09-26,JAL146,AOJ,HND,15:20,16:40,青森,羽田
2026-09-26,JAL148,AOJ,HND,17:55,19:15,青森,羽田
2026-09-26,JAL2158,AOJ,ITM,18:45,20:30,青森,伊丹
2026-09-26,JAL4428,AOJ,NKM,19:50,21:15,青森,名古屋
2026-09-26,JAL2810,AOJ,CTS,20:15,21:00,青森,新千歳
2026-09-26,JAL150,AOJ,HND,20:45,22:05,青森,羽田
2026-09-26,JAL3722,ASJ,KOJ,08:45,09:35,奄美,鹿児島
2026-09-26,JAL3831,ASJ,KKX,09:25,09:45,奄美,喜界
2026-09-26,JAL3841,ASJ,TKN,10:55,11:25,奄美,徳之島
2026-09-26,JAL3861,ASJ,RNJ,11:15,12:00,奄美,与論
2026-09-26,JAL3726,ASJ,KOJ,11:45,12:35,奄美,鹿児島
2026-09-26,JAL2464,ASJ,ITM,12:05,13:35,奄美,伊丹
2026-09-26,JAL3728,ASJ,KOJ,13:20,14:15,奄美,鹿児島
2026-09-26,JAL658,ASJ,HND,14:20,16:30,奄美,羽田
2026-09-26,JAL3730,ASJ,KOJ,14:35,15:30,奄美,鹿児島
2026-09-26,JAL3837,ASJ,KKX,15:40,16:00,奄美,喜界
2026-09-26,JAL3734,ASJ,KOJ,17:25,18:30,奄美,鹿児島
2026-09-26,JAL3843,ASJ,TKN,18:00,18:30,奄美,徳之島
2026-09-26,JAL3684,ASJ,FUK,18:20,19:40,奄美,福岡
2026-09-26,JAL3738,ASJ,KOJ,19:00,20:05,奄美,鹿児島
2026-09-26,JAL3872,AXJ,KMJ,09:55,10:15,天草,熊本
2026-09-26,JAL3894,AXJ,FUK,15:45,16:25,天草,福岡
2026-09-26,JAL162,AXT,HND,08:45,09:55,秋田,羽田
2026-09-26,JAL2172,AXT,ITM,09:45,11:10,秋田,伊丹
2026-09-26,JAL164,AXT,HND,12:10,13:20,秋田,羽田
2026-09-26,JAL2824,AXT,OKD,12:25,13:30,秋田,丘珠
2026-09-26,JAL2174,AXT,ITM,14:10,15:35,秋田,伊丹
2026-09-26,JAL166,AXT,HND,17:00,18:10,秋田,羽田
2026-09-26,JAL2176,AXT,ITM,18:15,19:40,秋田,伊丹
2026-09-26,JAL2826,AXT,OKD,18:45,19:50,秋田,丘珠
2026-09-26,JAL168,AXT,HND,20:50,22:00,秋田,羽田
2026-09-26,JAL2900,CTS,SDJ,07:35,08:40,新千歳,仙台
2026-09-26,JAL590,CTS,HND,07:35,09:10,新千歳,羽田
2026-09-26,JAL2713,CTS,MMB,07:40,08:25,新千歳,女満別
2026-09-26,JAL500,CTS,HND,07:40,09:20,新千歳,羽田
2026-09-26,JAL502,CTS,HND,08:50,10:25,新千歳,羽田
2026-09-26,JAL2000,CTS,ITM,09:00,10:50,新千歳,伊丹
2026-09-26,JAL2803,CTS,AOJ,09:40,10:25,新千歳,青森
2026-09-26,JAL504,CTS,HND,09:45,11:25,新千歳,羽田
2026-09-26,JAL3106,CTS,NGO,10:10,11:55,新千歳,中部国際
2026-09-26,JAL2831,CTS,HNA,10:15,11:10,新千歳,花巻
2026-09-26,JAL3510,CTS,FUK,10:30,12:55,新千歳,福岡
2026-09-26,JAL4483,CTS,KIJ,10:40,12:00,新千歳,新潟
2026-09-26,JAL506,CTS,HND,10:50,12:30,新千歳,羽田
2026-09-26,JAL2902,CTS,SDJ,11:00,12:10,新千歳,仙台
2026-09-26,JAL508,CTS,HND,11:25,13:05,新千歳,羽田
2026-09-26,JAL2504,CTS,KIX,11:50,14:05,新千歳,関西国際
2026-09-26,JAL2004,CTS,ITM,12:05,14:00,新千歳,伊丹
2026-09-26,JAL2715,CTS,MMB,12:30,13:15,新千歳,女満別
2026-09-26,JAL510,CTS,HND,12:45,14:30,新千歳,羽田
2026-09-26,JAL3512,CTS,FUK,13:30,15:55,新千歳,福岡
2026-09-26,JAL4324,CTS,FSZ,13:35,15:30,新千歳,静岡
2026-09-26,JAL2805,CTS,AOJ,13:40,14:25,新千歳,青森
2026-09-26,JAL512,CTS,HND,14:00,15:40,新千歳,羽田
2026-09-26,JAL4485,CTS,KIJ,14:05,15:25,新千歳,新潟
2026-09-26,JAL4491,CTS,GAJ,14:35,15:50,新千歳,山形
2026-09-26,JAL2904,CTS,SDJ,14:35,15:40,新千歳,仙台
2026-09-26,JAL3406,CTS,HIJ,15:00,17:05,新千歳,広島
2026-09-26,JAL3114,CTS,NGO,15:05,16:50,新千歳,中部国際
2026-09-26,JAL2008,CTS,ITM,15:05,17:00,新千歳,伊丹
2026-09-26,JAL514,CTS,HND,15:10,16:55,新千歳,羽田
2026-09-26,JAL4353,CTS,MMJ,15:40,17:15,新千歳,松本
2026-09-26,JAL2010,CTS,ITM,15:55,17:45,新千歳,伊丹
2026-09-26,JAL516,CTS,HND,16:05,17:45,新千歳,羽田
2026-09-26,JAL2719,CTS,MMB,16:10,16:50,新千歳,女満別
2026-09-26,JAL2839,CTS,HNA,16:30,17:25,新千歳,花巻
2026-09-26,JAL518,CTS,HND,17:00,18:45,新千歳,羽田
2026-09-26,JAL520,CTS,HND,17:15,18:55,新千歳,羽田
2026-09-26,JAL2016,CTS,ITM,17:45,19:40,新千歳,伊丹
2026-09-26,JAL2506,CTS,KIX,17:55,20:10,新千歳,関西国際
2026-09-26,JAL522,CTS,HND,18:00,19:45,新千歳,羽田
2026-09-26,JAL4472,CTS,FUK,18:05,20:55,新千歳,福岡
2026-09-26,JAL2809,CTS,AOJ,18:45,19:30,新千歳,青森
2026-09-26,JAL2906,CTS,SDJ,18:55,20:00,新千歳,仙台
2026-09-26,JAL524,CTS,HND,19:15,20:55,新千歳,羽田
2026-09-26,JAL2910,CTS,SDJ,19:45,20:50,新千歳,仙台
2026-09-26,JAL3118,CTS,NGO,19:55,21:40,新千歳,中部国際
2026-09-26,JAL526,CTS,HND,20:15,21:55,新千歳,羽田
2026-09-26,JAL528,CTS,HND,21:10,22:55,新千歳,羽田
2026-09-26,JAL530,CTS,HND,21:20,23:05,新千歳,羽田
2026-09-26,JAL4312,FSZ,FUK,08:10,09:50,静岡,福岡
2026-09-26,JAL4331,FSZ,OKD,08:55,10:40,静岡,丘珠
2026-09-26,JAL4323,FSZ,CTS,12:10,14:00,静岡,新千歳
2026-09-26,JAL4305,FSZ,KOJ,12:40,14:15,静岡,鹿児島
2026-09-26,JAL4314,FSZ,FUK,16:15,18:00,静岡,福岡
2026-09-26,JAL4316,FSZ,FUK,17:00,18:45,静岡,福岡
2026-09-26,JAL4094,FUJ,FUK,10:50,11:35,五島福江,福岡
2026-09-26,JAL4074,FUJ,NGS,13:40,14:10,五島福江,長崎
2026-09-26,JAL4098,FUJ,FUK,14:20,15:05,五島福江,福岡
2026-09-26,JAL4076,FUJ,NGS,15:45,16:15,五島福江,長崎
2026-09-26,JAL4078,FUJ,NGS,17:00,17:30,五島福江,長崎
2026-09-26,JAL4096,FUJ,FUK,17:55,18:40,五島福江,福岡
2026-09-26,JAL300,FUK,HND,07:00,08:45,福岡,羽田
2026-09-26,JAL3681,FUK,ASJ,07:05,08:15,福岡,奄美
2026-09-26,JAL3591,FUK,MYJ,07:10,07:55,福岡,松山
2026-09-26,JAL3551,FUK,IZO,07:15,08:25,福岡,出雲
2026-09-26,JAL3623,FUK,KMI,07:15,08:00,福岡,宮崎
2026-09-26,JTA051,FUK,OKA,07:15,08:50,福岡,那覇
2026-09-26,JAL302,FUK,HND,07:20,09:05,福岡,羽田
2026-09-26,JAL4471,FUK,CTS,07:45,10:05,福岡,新千歳
2026-09-26,JAL4079,FUK,TSJ,07:45,08:20,福岡,対馬
2026-09-26,JAL2050,FUK,ITM,07:50,08:55,福岡,伊丹
2026-09-26,JAL4341,FUK,MMJ,08:00,09:30,福岡,松本
2026-09-26,JAL304,FUK,HND,08:05,09:50,福岡,羽田
2026-09-26,JAL4529,FUK,SDJ,08:55,10:45,福岡,仙台
2026-09-26,JAL3581,FUK,KCZ,09:00,09:55,福岡,高知
2026-09-26,JAL306,FUK,HND,09:10,10:55,福岡,羽田
2026-09-26,JAL4382,FUK,NKM,09:10,10:30,福岡,名古屋
2026-09-26,JTA053,FUK,OKA,09:30,11:15,福岡,那覇
2026-09-26,JAL3625,FUK,KMI,09:45,10:35,福岡,宮崎
2026-09-26,JAL3563,FUK,TKS,09:55,10:55,福岡,徳島
2026-09-26,JAL4313,FUK,FSZ,09:55,11:25,福岡,静岡
2026-09-26,JAL4081,FUK,TSJ,09:55,10:30,福岡,対馬
2026-09-26,JAL308,FUK,HND,10:00,11:45,福岡,羽田
2026-09-26,JAL4315,FUK,FSZ,10:25,11:55,福岡,静岡
2026-09-26,JAL310,FUK,HND,11:00,12:50,福岡,羽田
2026-09-26,JAL3627,FUK,KMI,11:40,12:30,福岡,宮崎
2026-09-26,JAL3513,FUK,CTS,11:50,14:10,福岡,新千歳
2026-09-26,JAL312,FUK,HND,11:55,13:40,福岡,羽田
2026-09-26,JAL3595,FUK,MYJ,11:55,12:40,福岡,松山
2026-09-26,JAL4095,FUK,FUJ,12:10,13:00,福岡,五島福江
2026-09-26,JAL3629,FUK,KMI,12:40,13:25,福岡,宮崎
2026-09-26,JAL314,FUK,HND,12:50,14:40,福岡,羽田
2026-09-26,JAL3653,FUK,KOJ,12:50,13:40,福岡,鹿児島
2026-09-26,JAL4525,FUK,HNA,12:55,14:50,福岡,花巻
2026-09-26,JTA057,FUK,OKA,12:55,14:40,福岡,那覇
2026-09-26,JAL3601,FUK,MYJ,13:30,14:15,福岡,松山
2026-09-26,JAL3673,FUK,KUM,13:50,15:00,福岡,屋久島
2026-09-26,JAL4345,FUK,MMJ,13:55,15:25,福岡,松本
2026-09-26,JAL316,FUK,HND,14:00,15:50,福岡,羽田
2026-09-26,JAL3515,FUK,CTS,14:15,16:30,福岡,新千歳
2026-09-26,JAL318,FUK,HND,14:30,16:25,福岡,羽田
2026-09-26,JAL3633,FUK,KMI,14:30,15:20,福岡,宮崎
2026-09-26,JAL4390,FUK,NKM,14:55,16:15,福岡,名古屋
2026-09-26,JAL2056,FUK,ITM,15:00,16:15,福岡,伊丹
2026-09-26,JAL4531,FUK,SDJ,15:25,17:15,福岡,仙台
2026-09-26,JAL3635,FUK,KMI,15:25,16:10,福岡,宮崎
2026-09-26,JAL4099,FUK,FUJ,15:40,16:30,福岡,五島福江
2026-09-26,JAL2058,FUK,ITM,15:50,17:00,福岡,伊丹
2026-09-26,JTA061,FUK,OKA,15:55,17:35,福岡,那覇
2026-09-26,JAL320,FUK,HND,16:00,17:50,福岡,羽田
2026-09-26,JAL3587,FUK,KCZ,16:10,17:00,福岡,高知
2026-09-26,JAL322,FUK,HND,16:30,18:20,福岡,羽田
2026-09-26,JAL4477,FUK,KIJ,16:35,18:15,福岡,新潟
2026-09-26,JAL4097,FUK,FUJ,16:40,17:25,福岡,五島福江
2026-09-26,JAL3895,FUK,AXJ,16:55,17:30,福岡,天草
2026-09-26,JAL324,FUK,HND,17:05,18:55,福岡,羽田
2026-09-26,JTA063,FUK,OKA,17:25,19:05,福岡,那覇
2026-09-26,JAL3555,FUK,IZO,17:35,18:45,福岡,出雲
2026-09-26,JAL3607,FUK,MYJ,17:40,18:25,福岡,松山
2026-09-26,JAL326,FUK,HND,18:15,20:05,福岡,羽田
2026-09-26,JAL3567,FUK,TKS,18:20,19:20,福岡,徳島
2026-09-26,JAL4317,FUK,FSZ,18:50,20:20,福岡,静岡
2026-09-26,JAL2060,FUK,ITM,19:00,20:20,福岡,伊丹
2026-09-26,JAL328,FUK,HND,19:10,20:55,福岡,羽田
2026-09-26,JAL4392,FUK,NKM,19:15,20:35,福岡,名古屋
2026-09-26,JAL3639,FUK,KMI,19:15,20:00,福岡,宮崎
2026-09-26,JAL330,FUK,HND,20:00,21:45,福岡,羽田
2026-09-26,JAL4394,FUK,NKM,20:00,21:20,福岡,名古屋
2026-09-26,JTA065,FUK,OKA,20:55,22:30,福岡,那覇
2026-09-26,JAL332,FUK,HND,21:00,22:45,福岡,羽田
2026-09-26,JAL2234,GAJ,ITM,08:50,10:10,山形,伊丹
2026-09-26,JAL174,GAJ,HND,09:50,10:55,山形,羽田
2026-09-26,JAL4442,GAJ,NKM,10:40,11:50,山形,名古屋
2026-09-26,JAL4490,GAJ,CTS,13:55,15:05,山形,新千歳
2026-09-26,JAL2236,GAJ,ITM,14:50,16:10,山形,伊丹
2026-09-26,JAL4446,GAJ,NKM,16:20,17:30,山形,名古屋
2026-09-26,JAL2238,GAJ,ITM,18:05,19:20,山形,伊丹
2026-09-26,JAL178,GAJ,HND,19:10,20:15,山形,羽田
2026-09-26,JAL252,HIJ,HND,07:35,09:00,広島,羽田
2026-09-26,JAL254,HIJ,HND,09:25,10:50,広島,羽田
2026-09-26,JAL3403,HIJ,CTS,10:50,12:45,広島,新千歳
2026-09-26,JAL256,HIJ,HND,12:10,13:35,広島,羽田
2026-09-26,JAL258,HIJ,HND,13:45,15:10,広島,羽田
2026-09-26,JAL262,HIJ,HND,16:25,17:55,広島,羽田
2026-09-26,JAL264,HIJ,HND,18:10,19:40,広島,羽田
2026-09-26,JAL266,HIJ,HND,20:35,22:00,広島,羽田
2026-09-26,JAL2740,HKD,OKD,07:50,08:30,函館,丘珠
2026-09-26,JAL2742,HKD,OKD,08:45,09:25,函館,丘珠
2026-09-26,JAL584,HKD,HND,09:40,11:10,函館,羽田
2026-09-26,JAL2791,HKD,OIR,11:45,12:15,函館,奥尻
2026-09-26,JAL2124,HKD,ITM,13:10,14:50,函館,伊丹
2026-09-26,JAL2748,HKD,OKD,13:45,14:25,函館,丘珠
2026-09-26,JAL2750,HKD,OKD,14:00,14:40,函館,丘珠
2026-09-26,JAL586,HKD,HND,15:00,16:25,函館,羽田
2026-09-26,JAL2752,HKD,OKD,15:55,16:35,函館,丘珠
2026-09-26,JAL2756,HKD,OKD,19:15,19:55,函館,丘珠
2026-09-26,JAL588,HKD,HND,19:30,21:00,函館,羽田
2026-09-26,JAL4412,HNA,NKM,09:10,10:25,花巻,名古屋
2026-09-26,JAL2180,HNA,ITM,09:20,10:45,花巻,伊丹
2026-09-26,JAL2830,HNA,CTS,11:40,12:35,花巻,新千歳
2026-09-26,JAL2182,HNA,ITM,13:30,14:55,花巻,伊丹
2026-09-26,JAL4524,HNA,FUK,13:55,16:05,花巻,福岡
2026-09-26,JAL4416,HNA,NKM,15:20,16:35,花巻,名古屋
2026-09-26,JAL2186,HNA,ITM,15:25,16:50,花巻,伊丹
2026-09-26,JAL4418,HNA,NKM,17:40,18:55,花巻,名古屋
2026-09-26,JAL2838,HNA,CTS,17:55,18:55,花巻,新千歳
2026-09-26,JAL2190,HNA,ITM,18:40,20:15,花巻,伊丹
2026-09-26,JAL623,HND,KMJ,06:20,08:00,羽田,熊本
2026-09-26,JAL303,HND,FUK,06:25,08:10,羽田,福岡
2026-09-26,JAL641,HND,KOJ,06:25,08:05,羽田,鹿児島
2026-09-26,JAL101,HND,ITM,06:30,07:35,羽田,伊丹
2026-09-26,JAL901,HND,OKA,06:30,09:00,羽田,那覇
2026-09-26,JAL501,HND,CTS,06:35,08:05,羽田,新千歳
2026-09-26,JAL141,HND,AOJ,06:45,07:55,羽田,青森
2026-09-26,JAL431,HND,MYJ,06:50,08:15,羽田,松山
2026-09-26,JAL161,HND,AXT,07:00,08:05,羽田,秋田
2026-09-26,JAL453,HND,TKS,07:00,08:10,羽田,徳島
2026-09-26,JAL565,HND,MMB,07:05,08:45,羽田,女満別
2026-09-26,JAL305,HND,FUK,07:05,08:50,羽田,福岡
2026-09-26,JAL971,HND,ISG,07:05,09:55,羽田,新石垣
2026-09-26,JAL183,HND,KMQ,07:10,08:10,羽田,小松
2026-09-26,JAL277,HND,IZO,07:10,08:30,羽田,出雲
2026-09-26,JAL503,HND,CTS,07:15,08:45,羽田,新千歳
2026-09-26,JAL175,HND,GAJ,07:20,08:15,羽田,山形
2026-09-26,JAL221,HND,KIX,07:20,08:35,羽田,関西国際
2026-09-26,JAL903,HND,OKA,07:20,09:50,羽田,那覇
2026-09-26,JAL253,HND,HIJ,07:25,08:40,羽田,広島
2026-09-26,JAL585,HND,HKD,07:30,08:50,羽田,函館
2026-09-26,JAL103,HND,ITM,07:30,08:35,羽田,伊丹
2026-09-26,JAL491,HND,KCZ,07:30,08:50,羽田,高知
2026-09-26,JAL605,HND,NGS,07:30,09:15,羽田,長崎
2026-09-26,JAL551,HND,AKJ,07:35,09:10,羽田,旭川
2026-09-26,JAL541,HND,KUH,07:45,09:20,羽田,釧路
2026-09-26,JAL573,HND,OBO,07:45,09:15,羽田,帯広
2026-09-26,JAL213,HND,SHM,07:45,08:55,羽田,南紀白浜
2026-09-26,JAL475,HND,TAK,07:50,09:05,羽田,高松
2026-09-26,JAL291,HND,UBJ,08:00,09:40,羽田,山口宇部
2026-09-26,JAL307,HND,FUK,08:00,09:45,羽田,福岡
2026-09-26,JAL661,HND,OIT,08:00,09:35,羽田,大分
2026-09-26,JAL625,HND,KMJ,08:00,09:45,羽田,熊本
2026-09-26,JAL153,HND,MSJ,08:05,09:20,羽田,三沢
2026-09-26,JAL687,HND,KMI,08:05,09:45,羽田,宮崎
2026-09-26,JAL643,HND,KOJ,08:05,09:50,羽田,鹿児島
2026-09-26,JAL905,HND,OKA,08:05,10:40,羽田,那覇
2026-09-26,JAL201,HND,NGO,08:15,09:10,羽田,中部国際
2026-09-26,JAL231,HND,OKJ,08:15,09:30,羽田,岡山
2026-09-26,JAL373,HND,KKJ,08:15,09:50,羽田,北九州
2026-09-26,JAL505,HND,CTS,08:20,09:55,羽田,新千歳
2026-09-26,JAL107,HND,ITM,08:30,09:35,羽田,伊丹
2026-09-26,JAL907,HND,OKA,08:40,11:15,羽田,那覇
2026-09-26,JAL507,HND,CTS,08:50,10:25,羽田,新千歳
2026-09-26,JAL255,HND,HIJ,08:50,10:10,羽田,広島
2026-09-26,JAL309,HND,FUK,09:05,10:55,羽田,福岡
2026-09-26,JAL433,HND,MYJ,09:15,10:40,羽田,松山
2026-09-26,JAL493,HND,KCZ,09:15,10:35,羽田,高知
2026-09-26,JAL311,HND,FUK,09:15,11:05,羽田,福岡
2026-09-26,JAL185,HND,KMQ,09:30,10:35,羽田,小松
2026-09-26,JAL111,HND,ITM,09:35,10:40,羽田,伊丹
2026-09-26,JAL663,HND,OIT,09:35,11:10,羽田,大分
2026-09-26,JAL909,HND,OKA,09:40,12:15,羽田,那覇
2026-09-26,JAL509,HND,CTS,09:45,11:20,羽田,新千歳
2026-09-26,JAL279,HND,IZO,09:50,11:15,羽田,出雲
2026-09-26,JAL477,HND,TAK,09:50,11:05,羽田,高松
2026-09-26,JAL689,HND,KMI,09:55,11:35,羽田,宮崎
2026-09-26,JAL143,HND,AOJ,10:00,11:20,羽田,青森
2026-09-26,JAL313,HND,FUK,10:00,11:45,羽田,福岡
2026-09-26,JAL627,HND,KMJ,10:00,11:45,羽田,熊本
2026-09-26,JAL607,HND,NGS,10:05,11:55,羽田,長崎
2026-09-26,JAL645,HND,KOJ,10:05,11:50,羽田,鹿児島
2026-09-26,JAL257,HND,HIJ,10:10,11:30,羽田,広島
2026-09-26,JAL511,HND,CTS,10:15,11:50,羽田,新千歳
2026-09-26,JAL233,HND,OKJ,10:20,11:40,羽田,岡山
2026-09-26,JAL455,HND,TKS,10:25,11:40,羽田,徳島
2026-09-26,JAL163,HND,AXT,10:30,11:35,羽田,秋田
2026-09-26,JAL113,HND,ITM,10:30,11:35,羽田,伊丹
2026-09-26,JAL913,HND,OKA,10:35,13:10,羽田,那覇
2026-09-26,JAL933,HND,MMY,10:40,13:25,羽田,宮古
2026-09-26,JAL155,HND,MSJ,10:45,12:05,羽田,三沢
2026-09-26,JAL575,HND,OBO,11:00,12:35,羽田,帯広
2026-09-26,JAL315,HND,FUK,11:00,12:50,羽田,福岡
2026-09-26,JAL479,HND,TAK,11:05,12:25,羽田,高松
2026-09-26,JAL553,HND,AKJ,11:10,12:50,羽田,旭川
2026-09-26,JAL513,HND,CTS,11:25,13:05,羽田,新千歳
2026-09-26,JAL629,HND,KMJ,11:25,13:10,羽田,熊本
2026-09-26,JAL659,HND,ASJ,11:25,13:35,羽田,奄美
2026-09-26,JAL115,HND,ITM,11:30,12:35,羽田,伊丹
2026-09-26,JAL215,HND,SHM,11:30,12:40,羽田,南紀白浜
2026-09-26,JAL987,HND,OKA,11:30,14:05,羽田,那覇
2026-09-26,JAL259,HND,HIJ,11:40,13:05,羽田,広島
2026-09-26,JAL691,HND,KMI,11:40,13:25,羽田,宮崎
2026-09-26,JAL317,HND,FUK,11:55,13:45,羽田,福岡
2026-09-26,JAL915,HND,OKA,11:55,14:30,羽田,那覇
2026-09-26,JAL647,HND,KOJ,12:00,13:45,羽田,鹿児島
2026-09-26,JAL665,HND,OIT,12:05,13:40,羽田,大分
2026-09-26,JAL435,HND,MYJ,12:10,13:35,羽田,松山
2026-09-26,JAL543,HND,KUH,12:15,13:50,羽田,釧路
2026-09-26,JAL567,HND,MMB,12:25,14:10,羽田,女満別
2026-09-26,JAL117,HND,ITM,12:30,13:35,羽田,伊丹
2026-09-26,JAL609,HND,NGS,12:30,14:20,羽田,長崎
2026-09-26,JAL225,HND,KIX,12:35,14:00,羽田,関西国際
2026-09-26,JAL515,HND,CTS,12:40,14:15,羽田,新千歳
2026-09-26,JAL459,HND,TKS,12:40,14:00,羽田,徳島
2026-09-26,JAL293,HND,UBJ,12:45,14:20,羽田,山口宇部
2026-09-26,JAL587,HND,HKD,12:50,14:10,羽田,函館
2026-09-26,JAL631,HND,KMJ,12:50,14:35,羽田,熊本
2026-09-26,JAL319,HND,FUK,12:55,14:40,羽田,福岡
2026-09-26,JAL481,HND,TAK,13:00,14:15,羽田,高松
2026-09-26,JAL187,HND,KMQ,13:05,14:10,羽田,小松
2026-09-26,JAL145,HND,AOJ,13:15,14:30,羽田,青森
2026-09-26,JAL517,HND,CTS,13:30,15:05,羽田,新千歳
2026-09-26,JAL119,HND,ITM,13:30,14:35,羽田,伊丹
2026-09-26,JAL611,HND,NGS,13:30,15:20,羽田,長崎
2026-09-26,JAL375,HND,KKJ,13:40,15:15,羽田,北九州
2026-09-26,JAL321,HND,FUK,13:45,15:30,羽田,福岡
2026-09-26,JAL577,HND,OBO,13:50,15:25,羽田,帯広
2026-09-26,JAL917,HND,OKA,13:55,16:25,羽田,那覇
2026-09-26,JAL555,HND,AKJ,14:05,15:40,羽田,旭川
2026-09-26,JAL495,HND,KCZ,14:05,15:25,羽田,高知
2026-09-26,JAL263,HND,HIJ,14:15,15:40,羽田,広島
2026-09-26,JAL649,HND,KOJ,14:15,15:55,羽田,鹿児島
2026-09-26,JAL693,HND,KMI,14:20,16:00,羽田,宮崎
2026-09-26,JAL519,HND,CTS,14:25,16:00,羽田,新千歳
2026-09-26,JAL237,HND,OKJ,14:30,15:45,羽田,岡山
2026-09-26,JAL121,HND,ITM,14:35,15:40,羽田,伊丹
2026-09-26,JAL633,HND,KMJ,14:40,16:20,羽田,熊本
2026-09-26,JAL165,HND,AXT,14:50,15:55,羽田,秋田
2026-09-26,JAL973,HND,ISG,14:50,17:40,羽田,新石垣
2026-09-26,JAL157,HND,MSJ,14:55,16:10,羽田,三沢
2026-09-26,JAL125,HND,ITM,14:55,16:00,羽田,伊丹
2026-09-26,JAL283,HND,IZO,14:55,16:15,羽田,出雲
2026-09-26,JAL667,HND,OIT,15:05,16:40,羽田,大分
2026-09-26,JAL483,HND,TAK,15:10,16:30,羽田,高松
2026-09-26,JAL919,HND,OKA,15:10,17:40,羽田,那覇
2026-09-26,JAL521,HND,CTS,15:25,17:00,羽田,新千歳
2026-09-26,JAL323,HND,FUK,15:25,17:15,羽田,福岡
2026-09-26,JAL437,HND,MYJ,15:30,16:55,羽田,松山
2026-09-26,JAL461,HND,TKS,15:40,16:55,羽田,徳島
2026-09-26,JAL325,HND,FUK,15:55,17:50,羽田,福岡
2026-09-26,JAL921,HND,OKA,15:55,18:25,羽田,那覇
2026-09-26,JAL147,HND,AOJ,16:00,17:10,羽田,青森
2026-09-26,JAL695,HND,KMI,16:25,18:00,羽田,宮崎
2026-09-26,JAL127,HND,ITM,16:30,17:35,羽田,伊丹
2026-09-26,JAL219,HND,SHM,16:30,17:40,羽田,南紀白浜
2026-09-26,JAL651,HND,KOJ,16:30,18:10,羽田,鹿児島
2026-09-26,JAL523,HND,CTS,16:40,18:20,羽田,新千歳
2026-09-26,JAL669,HND,OIT,16:40,18:15,羽田,大分
2026-09-26,JAL295,HND,UBJ,16:45,18:20,羽田,山口宇部
2026-09-26,JAL189,HND,KMQ,16:50,17:55,羽田,小松
2026-09-26,JAL285,HND,IZO,16:55,18:25,羽田,出雲
2026-09-26,JAL439,HND,MYJ,16:55,18:20,羽田,松山
2026-09-26,JAL497,HND,KCZ,16:55,18:15,羽田,高知
2026-09-26,JAL923,HND,OKA,16:55,19:30,羽田,那覇
2026-09-26,JAL327,HND,FUK,17:00,19:00,羽田,福岡
2026-09-26,JAL159,HND,MSJ,17:05,18:30,羽田,三沢
2026-09-26,JAL589,HND,HKD,17:10,18:35,羽田,函館
2026-09-26,JAL569,HND,MMB,17:15,19:10,羽田,女満別
2026-09-26,JAL545,HND,KUH,17:15,19:05,羽田,釧路
2026-09-26,JAL557,HND,AKJ,17:30,19:15,羽田,旭川
2026-09-26,JAL179,HND,GAJ,17:30,18:35,羽田,山形
2026-09-26,JAL239,HND,OKJ,17:30,18:45,羽田,岡山
2026-09-26,JAL525,HND,CTS,17:35,19:15,羽田,新千歳
2026-09-26,JAL579,HND,OBO,17:35,19:20,羽田,帯広
2026-09-26,JAL131,HND,ITM,17:35,18:40,羽田,伊丹
2026-09-26,JAL637,HND,KMJ,17:35,19:20,羽田,熊本
2026-09-26,JAL613,HND,NGS,17:45,19:40,羽田,長崎
2026-09-26,JAL329,HND,FUK,17:55,19:50,羽田,福岡
2026-09-26,JAL653,HND,KOJ,17:55,19:40,羽田,鹿児島
2026-09-26,JAL133,HND,ITM,18:00,19:10,羽田,伊丹
2026-09-26,JAL287,HND,IZO,18:15,19:45,羽田,出雲
2026-09-26,JAL265,HND,HIJ,18:20,19:45,羽田,広島
2026-09-26,JAL463,HND,TKS,18:20,19:35,羽田,徳島
2026-09-26,JAL377,HND,KKJ,18:25,20:00,羽田,北九州
2026-09-26,JAL527,HND,CTS,18:40,20:15,羽田,新千歳
2026-09-26,JAL149,HND,AOJ,18:40,19:55,羽田,青森
2026-09-26,JAL137,HND,ITM,18:40,19:50,羽田,伊丹
2026-09-26,JAL485,HND,TAK,18:40,19:55,羽田,高松
2026-09-26,JAL191,HND,KMQ,18:45,19:50,羽田,小松
2026-09-26,JAL331,HND,FUK,18:45,20:35,羽田,福岡
2026-09-26,JAL499,HND,KCZ,18:55,20:15,羽田,高知
2026-09-26,JAL697,HND,KMI,18:55,20:35,羽田,宮崎
2026-09-26,JAL297,HND,UBJ,19:00,20:35,羽田,山口宇部
2026-09-26,JAL167,HND,AXT,19:10,20:15,羽田,秋田
2026-09-26,JAL139,HND,ITM,19:10,20:30,羽田,伊丹
2026-09-26,JAL639,HND,KMJ,19:10,20:55,羽田,熊本
2026-09-26,JAL333,HND,FUK,19:15,21:05,羽田,福岡
2026-09-26,JAL655,HND,KOJ,19:25,21:05,羽田,鹿児島
2026-09-26,JAL615,HND,NGS,19:30,21:20,羽田,長崎
2026-09-26,JAL335,HND,FUK,19:35,21:30,羽田,福岡
2026-09-26,JAL241,HND,OKJ,19:40,20:55,羽田,岡山
2026-09-26,JAL443,HND,MYJ,19:45,21:10,羽田,松山
2026-09-26,JAL465,HND,TKS,19:45,20:55,羽田,徳島
2026-09-26,JAL151,HND,AOJ,19:50,21:05,羽田,青森
2026-09-26,JAL529,HND,CTS,19:55,21:30,羽田,新千歳
2026-09-26,JAL209,HND,NGO,19:55,20:55,羽田,中部国際
2026-09-26,JAL267,HND,HIJ,19:55,21:20,羽田,広島
2026-09-26,JAL925,HND,OKA,20:05,22:30,羽田,那覇
2026-09-26,JAL487,HND,TAK,20:15,21:30,羽田,高松
2026-09-26,JAL671,HND,OIT,20:15,21:45,羽田,大分
2026-09-26,JAL599,HND,CTS,20:30,22:05,羽田,新千歳
2026-09-26,JAL193,HND,KMQ,20:40,21:40,羽田,小松
2026-09-26,JAL229,HND,KIX,20:40,21:55,羽田,関西国際
2026-09-26,JAL531,HND,CTS,20:45,22:20,羽田,新千歳
2026-09-26,JAL4042,IKI,NGS,09:55,10:25,壱岐,長崎
2026-09-26,JAL4044,IKI,NGS,17:50,18:20,壱岐,長崎
2026-09-26,JTA600,ISG,OKA,08:55,10:00,新石垣,那覇
2026-09-26,RAC741,ISG,OGN,09:55,10:25,新石垣,与那国
2026-09-26,JAL972,ISG,HND,11:10,14:05,新石垣,羽田
2026-09-26,JTA608,ISG,OKA,11:15,12:20,新石垣,那覇
2026-09-26,RAC743,ISG,OGN,12:35,13:05,新石垣,与那国
2026-09-26,JTA612,ISG,OKA,13:00,14:05,新石垣,那覇
2026-09-26,JTA614,ISG,OKA,14:00,15:00,新石垣,那覇
2026-09-26,RAC834,ISG,MMY,14:45,15:15,新石垣,宮古
2026-09-26,JTA622,ISG,OKA,16:25,17:25,新石垣,那覇
2026-09-26,RAC747,ISG,OGN,17:50,18:20,新石垣,与那国
2026-09-26,JTA626,ISG,OKA,18:40,19:45,新石垣,那覇
2026-09-26,RAC838,ISG,MMY,19:00,19:30,新石垣,宮古
2026-09-26,JAL974,ISG,HND,19:15,22:10,新石垣,羽田
2026-09-26,JTA086,ISG,KIX,19:50,22:15,新石垣,関西国際
2026-09-26,JAL102,ITM,HND,07:05,08:15,伊丹,羽田
2026-09-26,JAL2371,ITM,NGS,07:05,08:15,伊丹,長崎
2026-09-26,JAL2401,ITM,KOJ,07:05,08:15,伊丹,鹿児島
2026-09-26,JAL2241,ITM,KIJ,07:10,08:15,伊丹,新潟
2026-09-26,JAL2345,ITM,IZO,07:10,08:00,伊丹,出雲
2026-09-26,JAL2431,ITM,KMI,07:10,08:15,伊丹,宮崎
2026-09-26,JAL2051,ITM,FUK,07:15,08:25,伊丹,福岡
2026-09-26,JAL2361,ITM,OIT,07:15,08:15,伊丹,大分
2026-09-26,JAL2201,ITM,SDJ,07:20,08:35,伊丹,仙台
2026-09-26,JAL2181,ITM,HNA,07:25,08:50,伊丹,花巻
2026-09-26,JAL104,ITM,HND,07:25,08:40,伊丹,羽田
2026-09-26,JAL2383,ITM,KMJ,07:30,08:40,伊丹,熊本
2026-09-26,JAL2001,ITM,CTS,07:40,09:30,伊丹,新千歳
2026-09-26,JAL2151,ITM,AOJ,07:45,09:15,伊丹,青森
2026-09-26,JAL2171,ITM,AXT,07:55,09:10,伊丹,秋田
2026-09-26,JAL2233,ITM,GAJ,08:00,09:15,伊丹,山形
2026-09-26,JAL2081,ITM,OKA,08:20,10:25,伊丹,那覇
2026-09-26,JAL106,ITM,HND,08:25,09:35,伊丹,羽田
2026-09-26,JAL2323,ITM,TJH,09:00,09:40,伊丹,但馬
2026-09-26,JAL2161,ITM,MSJ,09:15,10:45,伊丹,三沢
2026-09-26,JAL110,ITM,HND,09:20,10:35,伊丹,羽田
2026-09-26,JAL2405,ITM,KOJ,09:20,10:30,伊丹,鹿児島
2026-09-26,JAL2203,ITM,SDJ,09:30,10:45,伊丹,仙台
2026-09-26,JAL2301,ITM,MYJ,09:30,10:15,伊丹,松山
2026-09-26,JAL2465,ITM,ASJ,09:35,11:10,伊丹,奄美
2026-09-26,JAL2053,ITM,FUK,09:50,11:00,伊丹,福岡
2026-09-26,JAL2365,ITM,OIT,10:10,11:05,伊丹,大分
2026-09-26,JAL2351,ITM,IZO,10:20,11:10,伊丹,出雲
2026-09-26,JAL2385,ITM,KMJ,10:20,11:25,伊丹,熊本
2026-09-26,JAL112,ITM,HND,10:25,11:35,伊丹,羽田
2026-09-26,JAL2243,ITM,KIJ,10:35,11:35,伊丹,新潟
2026-09-26,JAL2433,ITM,KMI,10:35,11:35,伊丹,宮崎
2026-09-26,JAL2123,ITM,HKD,11:00,12:35,伊丹,函館
2026-09-26,JAL2205,ITM,SDJ,11:00,12:15,伊丹,仙台
2026-09-26,JAL2407,ITM,KOJ,11:05,12:15,伊丹,鹿児島
2026-09-26,JAL2373,ITM,NGS,11:20,12:30,伊丹,長崎
2026-09-26,JAL114,ITM,HND,11:25,12:40,伊丹,羽田
2026-09-26,JAL2451,ITM,KUM,11:25,13:10,伊丹,屋久島
2026-09-26,JAL2005,ITM,CTS,11:45,13:35,伊丹,新千歳
2026-09-26,JAL2183,ITM,HNA,11:45,13:00,伊丹,花巻
2026-09-26,JAL2153,ITM,AOJ,12:00,13:25,伊丹,青森
2026-09-26,JAL2173,ITM,AXT,12:20,13:35,伊丹,秋田
2026-09-26,JAL116,ITM,HND,12:25,13:40,伊丹,羽田
2026-09-26,JAL2007,ITM,CTS,12:45,14:30,伊丹,新千歳
2026-09-26,JAL3881,ITM,KMJ,12:50,14:20,伊丹,熊本
2026-09-26,JAL2375,ITM,NGS,13:00,14:15,伊丹,長崎
2026-09-26,JAL2235,ITM,GAJ,13:10,14:20,伊丹,山形
2026-09-26,JAL2057,ITM,FUK,13:10,14:20,伊丹,福岡
2026-09-26,JAL118,ITM,HND,13:25,14:40,伊丹,羽田
2026-09-26,JAL2185,ITM,HNA,13:35,14:55,伊丹,花巻
2026-09-26,JAL2331,ITM,OKI,13:45,14:35,伊丹,隠岐
2026-09-26,JAL2207,ITM,SDJ,13:50,15:00,伊丹,仙台
2026-09-26,JAL2387,ITM,KMJ,13:50,14:55,伊丹,熊本
2026-09-26,JAL120,ITM,HND,14:20,15:35,伊丹,羽田
2026-09-26,JAL2247,ITM,KIJ,14:30,15:30,伊丹,新潟
2026-09-26,JAL3006,ITM,NRT,14:35,16:00,伊丹,成田
2026-09-26,JAL2355,ITM,IZO,14:35,15:25,伊丹,出雲
2026-09-26,JAL2087,ITM,OKA,14:50,16:50,伊丹,那覇
2026-09-26,JAL2009,ITM,CTS,15:15,17:00,伊丹,新千歳
2026-09-26,JAL2409,ITM,KOJ,15:15,16:20,伊丹,鹿児島
2026-09-26,JAL2209,ITM,SDJ,15:30,16:45,伊丹,仙台
2026-09-26,JAL124,ITM,HND,15:35,17:00,伊丹,羽田
2026-09-26,JAL2163,ITM,MSJ,15:40,17:10,伊丹,三沢
2026-09-26,JAL2411,ITM,KOJ,16:15,17:25,伊丹,鹿児島
2026-09-26,JAL2237,ITM,GAJ,16:25,17:35,伊丹,山形
2026-09-26,JAL2179,ITM,AXT,16:30,17:45,伊丹,秋田
2026-09-26,JAL126,ITM,HND,16:30,17:50,伊丹,羽田
2026-09-26,JAL2309,ITM,MYJ,16:30,17:15,伊丹,松山
2026-09-26,JAL2439,ITM,KMI,16:30,17:35,伊丹,宮崎
2026-09-26,JAL2187,ITM,HNA,16:45,18:10,伊丹,花巻
2026-09-26,JAL2157,ITM,AOJ,16:50,18:15,伊丹,青森
2026-09-26,JAL128,ITM,HND,16:50,18:10,伊丹,羽田
2026-09-26,JAL2325,ITM,TJH,16:55,17:30,伊丹,但馬
2026-09-26,JAL2213,ITM,SDJ,17:10,18:25,伊丹,仙台
2026-09-26,JAL2377,ITM,NGS,17:20,18:35,伊丹,長崎
2026-09-26,JAL2389,ITM,KMJ,17:25,18:30,伊丹,熊本
2026-09-26,JAL2415,ITM,KOJ,17:25,18:35,伊丹,鹿児島
2026-09-26,JAL2443,ITM,KMI,17:30,18:35,伊丹,宮崎
2026-09-26,JAL2251,ITM,KIJ,17:35,18:40,伊丹,新潟
2026-09-26,JAL2367,ITM,OIT,17:40,18:35,伊丹,大分
2026-09-26,JAL2357,ITM,IZO,18:05,18:55,伊丹,出雲
2026-09-26,JAL130,ITM,HND,18:25,19:40,伊丹,羽田
2026-09-26,JAL2019,ITM,CTS,18:40,20:25,伊丹,新千歳
2026-09-26,JAL134,ITM,HND,19:35,20:50,伊丹,羽田
2026-09-26,JAL2217,ITM,SDJ,19:50,21:05,伊丹,仙台
2026-09-26,JAL2061,ITM,FUK,19:55,21:10,伊丹,福岡
2026-09-26,JAL2445,ITM,KMI,19:55,21:00,伊丹,宮崎
2026-09-26,JAL138,ITM,HND,20:05,21:20,伊丹,羽田
2026-09-26,JAL2419,ITM,KOJ,20:05,21:15,伊丹,鹿児島
2026-09-26,JAL276,IZO,HND,07:35,09:00,出雲,羽田
2026-09-26,JAL2344,IZO,ITM,08:30,09:15,出雲,伊丹
2026-09-26,JAL4462,IZO,NKM,08:45,09:45,出雲,名古屋
2026-09-26,JAL3433,IZO,OKI,09:00,09:30,出雲,隠岐
2026-09-26,JAL278,IZO,HND,09:15,10:35,出雲,羽田
2026-09-26,JAL3550,IZO,FUK,11:00,12:10,出雲,福岡
2026-09-26,JAL2346,IZO,ITM,11:40,12:25,出雲,伊丹
2026-09-26,JAL280,IZO,HND,11:55,13:20,出雲,羽田
2026-09-26,JAL4464,IZO,NKM,12:30,13:30,出雲,名古屋
2026-09-26,JAL2356,IZO,ITM,16:00,16:45,出雲,伊丹
2026-09-26,JAL284,IZO,HND,17:15,18:50,出雲,羽田
2026-09-26,JAL4468,IZO,NKM,18:35,19:35,出雲,名古屋
2026-09-26,JAL286,IZO,HND,19:10,20:35,出雲,羽田
2026-09-26,JAL3554,IZO,FUK,19:15,20:25,出雲,福岡
2026-09-26,JAL2358,IZO,ITM,19:30,20:20,出雲,伊丹
2026-09-26,JAL490,KCZ,HND,07:10,08:30,高知,羽田
2026-09-26,JAL4512,KCZ,NGO,09:15,10:15,高知,中部国際
2026-09-26,JAL492,KCZ,HND,09:35,11:00,高知,羽田
2026-09-26,JAL3582,KCZ,FUK,10:25,11:25,高知,福岡
2026-09-26,JAL494,KCZ,HND,11:15,12:40,高知,羽田
2026-09-26,JAL4376,KCZ,NKM,15:55,16:55,高知,名古屋
2026-09-26,JAL496,KCZ,HND,16:15,17:45,高知,羽田
2026-09-26,JAL3588,KCZ,FUK,17:30,18:25,高知,福岡
2026-09-26,JAL498,KCZ,HND,19:00,20:25,高知,羽田
2026-09-26,JAL4378,KCZ,NKM,19:50,20:50,高知,名古屋
2026-09-26,JAL2240,KIJ,ITM,08:45,09:50,新潟,伊丹
2026-09-26,JAL4484,KIJ,CTS,11:45,13:00,新潟,新千歳
2026-09-26,JAL2244,KIJ,ITM,12:10,13:15,新潟,伊丹
2026-09-26,JAL4476,KIJ,FUK,12:30,14:20,新潟,福岡
2026-09-26,JAL2246,KIJ,ITM,16:00,17:05,新潟,伊丹
2026-09-26,JAL4486,KIJ,CTS,16:15,17:30,新潟,新千歳
2026-09-26,JAL4436,KIJ,NKM,18:45,19:45,新潟,名古屋
2026-09-26,JAL2250,KIJ,ITM,19:10,20:30,新潟,伊丹
2026-09-26,JAL220,KIX,HND,06:40,07:50,関西国際,羽田
2026-09-26,JTA121,KIX,MMY,07:40,09:55,関西国際,宮古
2026-09-26,JTA001,KIX,OKA,08:20,10:25,関西国際,那覇
2026-09-26,JAL2501,KIX,CTS,09:15,11:10,関西国際,新千歳
2026-09-26,JTA083,KIX,ISG,09:50,12:20,関西国際,新石垣
2026-09-26,JTA005,KIX,OKA,14:05,16:10,関西国際,那覇
2026-09-26,JAL224,KIX,HND,14:45,16:05,関西国際,羽田
2026-09-26,JAL2505,KIX,CTS,15:10,17:05,関西国際,新千歳
2026-09-26,JTA009,KIX,OKA,20:25,22:30,関西国際,那覇
2026-09-26,JAL228,KIX,HND,21:10,22:30,関西国際,羽田
2026-09-26,JAL374,KKJ,HND,10:35,12:10,北九州,羽田
2026-09-26,JAL376,KKJ,HND,15:55,17:40,北九州,羽田
2026-09-26,JAL378,KKJ,HND,20:45,22:20,北九州,羽田
2026-09-26,JAL3780,KKX,KOJ,09:20,10:25,喜界,鹿児島
2026-09-26,JAL3830,KKX,ASJ,10:15,10:35,喜界,奄美
2026-09-26,JAL3786,KKX,KOJ,15:15,16:20,喜界,鹿児島
2026-09-26,JAL3836,KKX,ASJ,16:30,16:50,喜界,奄美
2026-09-26,JAL688,KMI,HND,07:35,09:20,宮崎,羽田
2026-09-26,JAL2430,KMI,ITM,07:35,08:40,宮崎,伊丹
2026-09-26,JAL3624,KMI,FUK,08:30,09:20,宮崎,福岡
2026-09-26,JAL2432,KMI,ITM,08:45,09:50,宮崎,伊丹
2026-09-26,JAL690,KMI,HND,10:30,12:10,宮崎,羽田
2026-09-26,JAL3626,KMI,FUK,11:05,11:55,宮崎,福岡
2026-09-26,JAL692,KMI,HND,12:10,13:55,宮崎,羽田
2026-09-26,JAL2434,KMI,ITM,12:10,13:15,宮崎,伊丹
2026-09-26,JAL3628,KMI,FUK,13:00,13:55,宮崎,福岡
2026-09-26,JAL694,KMI,HND,14:00,15:45,宮崎,羽田
2026-09-26,JAL3630,KMI,FUK,14:00,14:55,宮崎,福岡
2026-09-26,JAL3634,KMI,FUK,15:50,16:40,宮崎,福岡
2026-09-26,JAL696,KMI,HND,16:50,18:35,宮崎,羽田
2026-09-26,JAL3636,KMI,FUK,16:50,17:45,宮崎,福岡
2026-09-26,JAL2440,KMI,ITM,18:05,19:20,宮崎,伊丹
2026-09-26,JAL698,KMI,HND,18:45,20:30,宮崎,羽田
2026-09-26,JAL2444,KMI,ITM,19:05,20:20,宮崎,伊丹
2026-09-26,JAL3642,KMI,FUK,20:35,21:30,宮崎,福岡
2026-09-26,JAL622,KMJ,HND,07:35,09:20,熊本,羽田
2026-09-26,JAL624,KMJ,HND,08:40,10:20,熊本,羽田
2026-09-26,JAL2382,KMJ,ITM,09:15,10:20,熊本,伊丹
2026-09-26,JAL4400,KMJ,NKM,09:45,11:05,熊本,名古屋
2026-09-26,JAL626,KMJ,HND,10:20,12:05,熊本,羽田
2026-09-26,JAL3880,KMJ,ITM,10:45,12:10,熊本,伊丹
2026-09-26,JAL2386,KMJ,ITM,12:00,13:05,熊本,伊丹
2026-09-26,JAL628,KMJ,HND,12:25,14:10,熊本,羽田
2026-09-26,JAL4534,KMJ,NGO,12:40,14:00,熊本,中部国際
2026-09-26,JAL630,KMJ,HND,13:50,15:35,熊本,羽田
2026-09-26,JAL3873,KMJ,AXJ,14:50,15:15,熊本,天草
2026-09-26,JAL632,KMJ,HND,15:20,17:10,熊本,羽田
2026-09-26,JAL2388,KMJ,ITM,15:30,16:35,熊本,伊丹
2026-09-26,JAL4536,KMJ,NGO,16:30,17:50,熊本,中部国際
2026-09-26,JAL634,KMJ,HND,17:20,19:05,熊本,羽田
2026-09-26,JAL2392,KMJ,ITM,19:00,20:20,熊本,伊丹
2026-09-26,JAL4408,KMJ,NKM,20:00,21:20,熊本,名古屋
2026-09-26,JAL638,KMJ,HND,20:05,21:45,熊本,羽田
2026-09-26,JAL182,KMQ,HND,07:35,08:50,小松,羽田
2026-09-26,JAL184,KMQ,HND,08:50,10:00,小松,羽田
2026-09-26,JAL186,KMQ,HND,11:15,12:25,小松,羽田
2026-09-26,JTA037,KMQ,OKA,14:05,16:25,小松,那覇
2026-09-26,JAL188,KMQ,HND,14:50,16:10,小松,羽田
2026-09-26,JAL190,KMQ,HND,18:40,19:55,小松,羽田
2026-09-26,JAL192,KMQ,HND,20:30,21:40,小松,羽田
2026-09-26,JAL3801,KOJ,OKE,07:20,08:45,鹿児島,沖永良部
2026-09-26,JAL640,KOJ,HND,07:30,09:15,鹿児島,羽田
2026-09-26,JAL2400,KOJ,ITM,07:35,08:45,鹿児島,伊丹
2026-09-26,JAL3783,KOJ,KKX,07:35,08:50,鹿児島,喜界
2026-09-26,JAL3721,KOJ,ASJ,07:40,08:55,鹿児島,奄美
2026-09-26,JAL3791,KOJ,TKN,07:50,09:10,鹿児島,徳之島
2026-09-26,JAL3761,KOJ,TNE,08:10,08:50,鹿児島,種子島
2026-09-26,JAL3741,KOJ,KUM,08:40,09:20,鹿児島,屋久島
2026-09-26,JAL642,KOJ,HND,08:50,10:35,鹿児島,羽田
2026-09-26,JAL2402,KOJ,ITM,08:50,10:00,鹿児島,伊丹
2026-09-26,JAL3793,KOJ,TKN,08:55,09:55,鹿児島,徳之島
2026-09-26,JAL3727,KOJ,ASJ,10:15,11:10,鹿児島,奄美
2026-09-26,JAL3743,KOJ,KUM,10:30,11:10,鹿児島,屋久島
2026-09-26,JAL644,KOJ,HND,10:55,12:40,鹿児島,羽田
2026-09-26,JAL2406,KOJ,ITM,11:00,12:10,鹿児島,伊丹
2026-09-26,JAL3763,KOJ,TNE,11:00,11:40,鹿児島,種子島
2026-09-26,JAL3825,KOJ,RNJ,11:10,12:45,鹿児島,与論
2026-09-26,JAL3729,KOJ,ASJ,11:55,12:50,鹿児島,奄美
2026-09-26,JAL3654,KOJ,FUK,12:05,13:05,鹿児島,福岡
2026-09-26,JAL646,KOJ,HND,12:50,14:35,鹿児島,羽田
2026-09-26,JAL2408,KOJ,ITM,12:50,14:00,鹿児島,伊丹
2026-09-26,JAL3795,KOJ,TKN,13:00,14:25,鹿児島,徳之島
2026-09-26,JAL3731,KOJ,ASJ,13:10,14:05,鹿児島,奄美
2026-09-26,JAL3745,KOJ,KUM,13:25,14:05,鹿児島,屋久島
2026-09-26,JAL3785,KOJ,KKX,13:30,14:45,鹿児島,喜界
2026-09-26,JAL648,KOJ,HND,14:35,16:30,鹿児島,羽田
2026-09-26,JAL2410,KOJ,ITM,14:45,15:55,鹿児島,伊丹
2026-09-26,JAL3809,KOJ,OKE,14:55,16:20,鹿児島,沖永良部
2026-09-26,JAL4306,KOJ,FSZ,15:00,16:30,鹿児島,静岡
2026-09-26,JAL3753,KOJ,KUM,15:25,16:05,鹿児島,屋久島
2026-09-26,JAL3797,KOJ,TKN,16:05,17:05,鹿児島,徳之島
2026-09-26,JAL650,KOJ,HND,16:45,18:35,鹿児島,羽田
2026-09-26,JAL3777,KOJ,TNE,16:50,17:30,鹿児島,種子島
2026-09-26,JAL3735,KOJ,ASJ,16:55,17:50,鹿児島,奄美
2026-09-26,JAL3737,KOJ,ASJ,17:15,18:30,鹿児島,奄美
2026-09-26,JAL3759,KOJ,KUM,17:50,18:30,鹿児島,屋久島
2026-09-26,JAL2412,KOJ,ITM,18:05,19:15,鹿児島,伊丹
2026-09-26,JAL3687,KOJ,MYJ,18:50,19:50,鹿児島,松山
2026-09-26,JAL652,KOJ,HND,19:05,20:50,鹿児島,羽田
2026-09-26,JAL2414,KOJ,ITM,19:10,20:30,鹿児島,伊丹
2026-09-26,JAL654,KOJ,HND,20:35,22:25,鹿児島,羽田
2026-09-26,RAC842,KTD,OKA,12:50,13:55,北大東,那覇
2026-09-26,JAL2762,KUH,OKD,09:15,10:05,釧路,丘珠
2026-09-26,JAL540,KUH,HND,10:00,11:45,釧路,羽田
2026-09-26,JAL542,KUH,HND,14:50,16:35,釧路,羽田
2026-09-26,JAL2766,KUH,OKD,15:25,16:15,釧路,丘珠
2026-09-26,JAL2768,KUH,OKD,18:00,18:50,釧路,丘珠
2026-09-26,JAL544,KUH,HND,19:50,21:35,釧路,羽田
2026-09-26,JAL3740,KUM,KOJ,09:55,10:30,屋久島,鹿児島
2026-09-26,JAL3744,KUM,KOJ,11:45,12:20,屋久島,鹿児島
2026-09-26,JAL3746,KUM,KOJ,13:40,14:15,屋久島,鹿児島
2026-09-26,JAL2450,KUM,ITM,14:35,16:15,屋久島,伊丹
2026-09-26,JAL3676,KUM,FUK,15:30,16:45,屋久島,福岡
2026-09-26,JAL3750,KUM,KOJ,16:35,17:10,屋久島,鹿児島
2026-09-26,JAL3756,KUM,KOJ,19:00,19:35,屋久島,鹿児島
2026-09-26,JAL2710,MMB,CTS,08:55,09:40,女満別,新千歳
2026-09-26,JAL562,MMB,HND,09:25,11:20,女満別,羽田
2026-09-26,JAL2722,MMB,OKD,10:20,11:10,女満別,丘珠
2026-09-26,JAL2714,MMB,CTS,13:55,14:45,女満別,新千歳
2026-09-26,JAL564,MMB,HND,15:00,16:55,女満別,羽田
2026-09-26,JAL2718,MMB,CTS,17:25,18:10,女満別,新千歳
2026-09-26,JAL566,MMB,HND,19:50,21:45,女満別,羽田
2026-09-26,RAC862,MMD,OKA,09:30,10:35,南大東,那覇
2026-09-26,RAC864,MMD,OKA,15:55,16:55,南大東,那覇
2026-09-26,JAL4362,MMJ,UKB,10:00,11:00,松本,神戸
2026-09-26,JAL4352,MMJ,CTS,11:35,13:15,松本,新千歳
2026-09-26,JAL4344,MMJ,FUK,13:10,14:50,松本,福岡
2026-09-26,JAL4372,MMJ,OKD,16:10,17:40,松本,丘珠
2026-09-26,JAL4348,MMJ,FUK,17:45,19:25,松本,福岡
2026-09-26,JTA552,MMY,OKA,08:50,09:45,宮古,那覇
2026-09-26,RAC891,MMY,TRA,09:20,09:45,宮古,多良間
2026-09-26,JTA556,MMY,OKA,10:40,11:35,宮古,那覇
2026-09-26,RAC831,MMY,ISG,11:30,12:00,宮古,新石垣
2026-09-26,JTA558,MMY,OKA,12:10,13:05,宮古,那覇
2026-09-26,JTA560,MMY,OKA,13:25,14:20,宮古,那覇
2026-09-26,JAL934,MMY,HND,14:25,17:15,宮古,羽田
2026-09-26,RAC897,MMY,TRA,15:50,16:15,宮古,多良間
2026-09-26,JTA562,MMY,OKA,16:05,17:00,宮古,那覇
2026-09-26,JTA564,MMY,OKA,16:55,17:50,宮古,那覇
2026-09-26,RAC839,MMY,ISG,17:45,18:15,宮古,新石垣
2026-09-26,JTA572,MMY,OKA,17:55,18:50,宮古,那覇
2026-09-26,JTA128,MMY,KIX,19:25,21:40,宮古,関西国際
2026-09-26,RAC804,MMY,OKA,20:00,20:55,宮古,那覇
2026-09-26,JAL152,MSJ,HND,10:00,11:25,三沢,羽田
2026-09-26,JAL2162,MSJ,ITM,11:20,13:00,三沢,伊丹
2026-09-26,JAL154,MSJ,HND,12:50,14:15,三沢,羽田
2026-09-26,JAL2816,MSJ,OKD,13:10,14:05,三沢,丘珠
2026-09-26,JAL156,MSJ,HND,16:50,18:15,三沢,羽田
2026-09-26,JAL2166,MSJ,ITM,17:45,19:25,三沢,伊丹
2026-09-26,JAL158,MSJ,HND,19:10,20:35,三沢,羽田
2026-09-26,JAL430,MYJ,HND,07:10,08:40,松山,羽田
2026-09-26,JAL3592,MYJ,FUK,08:25,09:15,松山,福岡
2026-09-26,JAL432,MYJ,HND,09:10,10:40,松山,羽田
2026-09-26,JAL2300,MYJ,ITM,10:45,11:35,松山,伊丹
2026-09-26,JAL434,MYJ,HND,11:25,12:55,松山,羽田
2026-09-26,JAL3596,MYJ,FUK,13:30,14:15,松山,福岡
2026-09-26,JAL436,MYJ,HND,14:20,15:55,松山,羽田
2026-09-26,JAL3602,MYJ,FUK,14:45,15:35,松山,福岡
2026-09-26,JAL438,MYJ,HND,17:35,19:10,松山,羽田
2026-09-26,JAL3608,MYJ,FUK,17:45,18:40,松山,福岡
2026-09-26,JAL440,MYJ,HND,19:00,20:35,松山,羽田
2026-09-26,JAL2310,MYJ,ITM,19:00,20:00,松山,伊丹
2026-09-26,JAL3686,MYJ,KOJ,20:20,21:20,松山,鹿児島
2026-09-26,JAL202,NGO,HND,07:40,08:40,中部国際,羽田
2026-09-26,JAL3101,NGO,CTS,08:05,09:50,中部国際,新千歳
2026-09-26,JAL3082,NGO,NRT,08:20,09:30,中部国際,成田
2026-09-26,JTA045,NGO,OKA,08:30,10:45,中部国際,那覇
2026-09-26,JAL4535,NGO,KMJ,10:45,12:10,中部国際,熊本
2026-09-26,JAL3107,NGO,CTS,12:40,14:20,中部国際,新千歳
2026-09-26,JAL3084,NGO,NRT,14:35,15:50,中部国際,成田
2026-09-26,JAL4537,NGO,KMJ,14:35,16:00,中部国際,熊本
2026-09-26,JTA047,NGO,OKA,14:55,17:10,中部国際,那覇
2026-09-26,JAL3117,NGO,CTS,17:30,19:10,中部国際,新千歳
2026-09-26,JAL4517,NGO,KCZ,18:20,19:20,中部国際,高知
2026-09-26,JTA049,NGO,OKA,18:50,21:00,中部国際,那覇
2026-09-26,JAL208,NGO,HND,20:55,22:00,中部国際,羽田
2026-09-26,JAL606,NGS,HND,07:25,09:10,長崎,羽田
2026-09-26,JAL4051,NGS,TSJ,07:30,08:05,長崎,対馬
2026-09-26,JAL2372,NGS,ITM,08:50,10:00,長崎,伊丹
2026-09-26,JAL4041,NGS,IKI,08:55,09:25,長崎,壱岐
2026-09-26,JAL4073,NGS,FUJ,09:50,10:20,長崎,五島福江
2026-09-26,JAL608,NGS,HND,10:00,11:45,長崎,羽田
2026-09-26,JAL4053,NGS,TSJ,11:00,11:35,長崎,対馬
2026-09-26,JAL610,NGS,HND,12:35,14:25,長崎,羽田
2026-09-26,JAL2374,NGS,ITM,13:00,14:10,長崎,伊丹
2026-09-26,JAL4075,NGS,FUJ,13:20,13:50,長崎,五島福江
2026-09-26,JAL2376,NGS,ITM,14:45,15:55,長崎,伊丹
2026-09-26,JAL4077,NGS,FUJ,14:45,15:15,長崎,五島福江
2026-09-26,JAL612,NGS,HND,15:05,17:00,長崎,羽田
2026-09-26,JAL614,NGS,HND,16:05,18:00,長崎,羽田
2026-09-26,JAL4043,NGS,IKI,16:50,17:20,長崎,壱岐
2026-09-26,JAL4061,NGS,TSJ,19:00,19:35,長崎,対馬
2026-09-26,JAL2378,NGS,ITM,19:10,20:25,長崎,伊丹
2026-09-26,JAL616,NGS,HND,20:25,22:10,長崎,羽田
2026-09-26,JAL4381,NKM,FUK,07:00,08:25,名古屋,福岡
2026-09-26,JAL4461,NKM,IZO,07:15,08:15,名古屋,出雲
2026-09-26,JAL4451,NKM,OKD,07:20,09:00,名古屋,丘珠
2026-09-26,JAL4411,NKM,HNA,07:30,08:40,名古屋,花巻
2026-09-26,JAL4377,NKM,KCZ,07:45,08:45,名古屋,高知
2026-09-26,JAL4401,NKM,KMJ,07:50,09:15,名古屋,熊本
2026-09-26,JAL4383,NKM,FUK,08:00,09:25,名古屋,福岡
2026-09-26,JAL4421,NKM,AOJ,08:25,09:45,名古屋,青森
2026-09-26,JAL4441,NKM,GAJ,09:05,10:10,名古屋,山形
2026-09-26,JAL4433,NKM,KIJ,10:20,11:15,名古屋,新潟
2026-09-26,JAL4385,NKM,FUK,10:55,12:20,名古屋,福岡
2026-09-26,JAL4463,NKM,IZO,11:00,12:00,名古屋,出雲
2026-09-26,JAL4423,NKM,AOJ,11:35,12:55,名古屋,青森
2026-09-26,JAL4413,NKM,HNA,12:15,13:25,名古屋,花巻
2026-09-26,JAL4443,NKM,GAJ,12:20,13:25,名古屋,山形
2026-09-26,JAL4455,NKM,OKD,13:30,15:10,名古屋,丘珠
2026-09-26,JAL4379,NKM,KCZ,14:10,15:10,名古屋,高知
2026-09-26,JAL4417,NKM,HNA,16:00,17:10,名古屋,花巻
2026-09-26,JAL4457,NKM,OKD,16:50,18:30,名古屋,丘珠
2026-09-26,JAL4467,NKM,IZO,17:05,18:05,名古屋,出雲
2026-09-26,JAL4427,NKM,AOJ,18:00,19:20,名古屋,青森
2026-09-26,JAL4409,NKM,KMJ,18:05,19:30,名古屋,熊本
2026-09-26,JAL4393,NKM,FUK,19:35,21:00,名古屋,福岡
2026-09-26,JAL3083,NRT,NGO,10:30,11:40,成田,中部国際
2026-09-26,JAL3009,NRT,ITM,18:25,19:50,成田,伊丹
2026-09-26,JAL3087,NRT,NGO,18:55,20:10,成田,中部国際
2026-09-26,JAL570,OBO,HND,09:55,11:40,帯広,羽田
2026-09-26,JAL572,OBO,HND,13:10,14:55,帯広,羽田
2026-09-26,JAL574,OBO,HND,16:15,18:00,帯広,羽田
2026-09-26,JAL576,OBO,HND,20:00,21:40,帯広,羽田
2026-09-26,RAC742,OGN,ISG,08:55,09:25,与那国,新石垣
2026-09-26,RAC724,OGN,OKA,11:15,12:35,与那国,那覇
2026-09-26,RAC744,OGN,ISG,13:35,14:05,与那国,新石垣
2026-09-26,RAC746,OGN,ISG,16:50,17:20,与那国,新石垣
2026-09-26,RAC728,OGN,OKA,18:50,20:10,与那国,那覇
2026-09-26,JAL2792,OIR,HKD,12:45,13:15,奥尻,函館
2026-09-26,JAL662,OIT,HND,07:35,09:10,大分,羽田
2026-09-26,JAL2362,OIT,ITM,08:45,09:40,大分,伊丹
2026-09-26,JAL664,OIT,HND,10:25,11:55,大分,羽田
2026-09-26,JAL2364,OIT,ITM,11:35,12:35,大分,伊丹
2026-09-26,JAL668,OIT,HND,11:50,13:30,大分,羽田
2026-09-26,JAL670,OIT,HND,14:25,16:05,大分,羽田
2026-09-26,JAL672,OIT,HND,17:20,19:00,大分,羽田
2026-09-26,JAL674,OIT,HND,19:05,20:40,大分,羽田
2026-09-26,JAL2366,OIT,ITM,19:10,20:15,大分,伊丹
2026-09-26,JTA002,OKA,KIX,07:10,09:05,那覇,関西国際
2026-09-26,JTA050,OKA,FUK,07:10,08:50,那覇,福岡
2026-09-26,JTA551,OKA,MMY,07:15,08:10,那覇,宮古
2026-09-26,JTA601,OKA,ISG,07:15,08:15,那覇,新石垣
2026-09-26,RAC721,OKA,OGN,07:15,08:25,那覇,与那国
2026-09-26,JAL900,OKA,HND,07:25,09:50,那覇,羽田
2026-09-26,RAC871,OKA,UEO,07:45,08:15,那覇,久米島
2026-09-26,RAC861,OKA,MMD,08:00,09:00,那覇,南大東
2026-09-26,RAC801,OKA,MMY,08:00,08:50,那覇,宮古
2026-09-26,JTA605,OKA,ISG,09:35,10:30,那覇,新石垣
2026-09-26,JAL902,OKA,HND,09:55,12:25,那覇,羽田
2026-09-26,RAC873,OKA,UEO,09:55,10:25,那覇,久米島
2026-09-26,JTA052,OKA,FUK,10:25,12:10,那覇,福岡
2026-09-26,JTA557,OKA,MMY,10:40,11:30,那覇,宮古
2026-09-26,JAL904,OKA,HND,10:50,13:25,那覇,羽田
2026-09-26,JTA036,OKA,KMQ,11:10,13:25,那覇,小松
2026-09-26,JTA004,OKA,KIX,11:10,13:10,那覇,関西国際
2026-09-26,RAC841,OKA,KTD,11:20,12:20,那覇,北大東
2026-09-26,JAL906,OKA,HND,11:40,14:15,那覇,羽田
2026-09-26,JTA042,OKA,NGO,11:55,14:05,那覇,中部国際
2026-09-26,JAL2084,OKA,ITM,11:55,13:55,那覇,伊丹
2026-09-26,JTA559,OKA,MMY,11:55,12:45,那覇,宮古
2026-09-26,JAL908,OKA,HND,12:15,14:50,那覇,羽田
2026-09-26,JTA609,OKA,ISG,12:15,13:15,那覇,新石垣
2026-09-26,JAL910,OKA,HND,13:15,15:50,那覇,羽田
2026-09-26,RAC815,OKA,RNJ,13:15,13:55,那覇,与論
2026-09-26,JTA054,OKA,FUK,13:20,15:05,那覇,福岡
2026-09-26,JTA211,OKA,UEO,13:45,14:20,那覇,久米島
2026-09-26,JAL3867,OKA,ASJ,13:55,14:55,那覇,奄美
2026-09-26,JAL912,OKA,HND,14:00,16:35,那覇,羽田
2026-09-26,RAC863,OKA,MMD,14:25,15:25,那覇,南大東
2026-09-26,JTA563,OKA,MMY,14:30,15:25,那覇,宮古
2026-09-26,JAL3715,OKA,OKE,14:35,15:25,那覇,沖永良部
2026-09-26,JTA617,OKA,ISG,14:45,15:45,那覇,新石垣
2026-09-26,JAL988,OKA,HND,14:55,17:35,那覇,羽田
2026-09-26,RAC727,OKA,OGN,14:55,16:10,那覇,与那国
2026-09-26,JTA058,OKA,FUK,15:00,16:45,那覇,福岡
2026-09-26,JTA565,OKA,MMY,15:25,16:15,那覇,宮古
2026-09-26,JAL914,OKA,HND,15:40,18:15,那覇,羽田
2026-09-26,RAC879,OKA,UEO,15:40,16:15,那覇,久米島
2026-09-26,JTA044,OKA,NGO,15:45,17:55,那覇,中部国際
2026-09-26,JTA571,OKA,MMY,16:25,17:15,那覇,宮古
2026-09-26,JTA621,OKA,ISG,17:00,18:00,那覇,新石垣
2026-09-26,RAC881,OKA,UEO,17:25,17:55,那覇,久米島
2026-09-26,JTA008,OKA,KIX,17:40,19:40,那覇,関西国際
2026-09-26,JAL916,OKA,HND,17:45,20:15,那覇,羽田
2026-09-26,JAL2088,OKA,ITM,17:55,19:55,那覇,伊丹
2026-09-26,JTA573,OKA,MMY,17:55,18:45,那覇,宮古
2026-09-26,JTA625,OKA,ISG,18:10,19:10,那覇,新石垣
2026-09-26,JTA016,OKA,OKJ,18:30,20:20,那覇,岡山
2026-09-26,JTA060,OKA,FUK,18:30,20:10,那覇,福岡
2026-09-26,JAL918,OKA,HND,18:50,21:20,那覇,羽田
2026-09-26,JAL920,OKA,HND,19:30,22:00,那覇,羽田
2026-09-26,JTA062,OKA,FUK,19:40,21:25,那覇,福岡
2026-09-26,JTA046,OKA,NGO,19:45,21:55,那覇,中部国際
2026-09-26,JAL922,OKA,HND,20:30,23:00,那覇,羽田
2026-09-26,JAL2741,OKD,HKD,07:35,08:15,丘珠,函館
2026-09-26,JAL2783,OKD,RIS,07:50,08:45,丘珠,利尻
2026-09-26,JAL2761,OKD,KUH,08:00,08:45,丘珠,釧路
2026-09-26,JAL2721,OKD,MMB,09:05,09:50,丘珠,女満別
2026-09-26,JAL4371,OKD,MMJ,09:30,11:05,丘珠,松本
2026-09-26,JAL2731,OKD,SHB,09:55,10:45,丘珠,根室中標津
2026-09-26,JAL2745,OKD,HKD,10:35,11:15,丘珠,函館
2026-09-26,JAL2823,OKD,AXT,10:45,11:55,丘珠,秋田
2026-09-26,JAL4452,OKD,NKM,11:10,12:55,丘珠,名古屋
2026-09-26,JAL2815,OKD,MSJ,11:40,12:40,丘珠,三沢
2026-09-26,JAL2749,OKD,HKD,12:45,13:25,丘珠,函館
2026-09-26,JAL2765,OKD,KUH,14:10,14:55,丘珠,釧路
2026-09-26,JAL2751,OKD,HKD,14:45,15:25,丘珠,函館
2026-09-26,JAL2787,OKD,RIS,15:00,15:55,丘珠,利尻
2026-09-26,JAL4456,OKD,NKM,15:40,17:25,丘珠,名古屋
2026-09-26,JAL2767,OKD,KUH,16:45,17:30,丘珠,釧路
2026-09-26,JAL2825,OKD,AXT,17:05,18:15,丘珠,秋田
2026-09-26,JAL2755,OKD,HKD,18:05,18:45,丘珠,函館
2026-09-26,JAL4332,OKD,FSZ,18:15,20:05,丘珠,静岡
2026-09-26,JAL4458,OKD,NKM,19:00,20:45,丘珠,名古屋
2026-09-26,JAL3800,OKE,KOJ,09:15,10:35,沖永良部,鹿児島
2026-09-26,JAL3716,OKE,OKA,12:55,13:45,沖永良部,那覇
2026-09-26,JAL3710,OKE,TKN,15:55,16:20,沖永良部,徳之島
2026-09-26,JAL3808,OKE,KOJ,16:50,18:10,沖永良部,鹿児島
2026-09-26,JAL3434,OKI,IZO,10:00,10:30,隠岐,出雲
2026-09-26,JAL2332,OKI,ITM,15:05,15:50,隠岐,伊丹
2026-09-26,JAL232,OKJ,HND,07:05,08:25,岡山,羽田
2026-09-26,JTA013,OKJ,OKA,08:30,10:30,岡山,那覇
2026-09-26,JAL234,OKJ,HND,10:15,11:30,岡山,羽田
2026-09-26,JAL236,OKJ,HND,12:20,13:40,岡山,羽田
2026-09-26,JAL240,OKJ,HND,17:30,18:55,岡山,羽田
2026-09-26,JAL242,OKJ,HND,19:25,20:40,岡山,羽田
2026-09-26,JAL2784,RIS,OKD,09:15,10:05,利尻,丘珠
2026-09-26,JAL2788,RIS,OKD,16:25,17:15,利尻,丘珠
2026-09-26,JAL3866,RNJ,OKA,12:30,13:15,与論,那覇
2026-09-26,JAL3826,RNJ,KOJ,13:15,14:45,与論,鹿児島
2026-09-26,RAC816,RNJ,OKA,14:25,15:00,与論,那覇
2026-09-26,JAL2200,SDJ,ITM,07:35,08:55,仙台,伊丹
2026-09-26,JAL2901,SDJ,CTS,07:50,09:00,仙台,新千歳
2026-09-26,JAL2903,SDJ,CTS,09:10,10:25,仙台,新千歳
2026-09-26,JAL2202,SDJ,ITM,09:15,10:30,仙台,伊丹
2026-09-26,JAL4528,SDJ,FUK,11:15,13:20,仙台,福岡
2026-09-26,JAL2204,SDJ,ITM,11:20,12:35,仙台,伊丹
2026-09-26,JAL2206,SDJ,ITM,12:40,13:55,仙台,伊丹
2026-09-26,JAL2905,SDJ,CTS,12:45,13:55,仙台,新千歳
2026-09-26,JAL2210,SDJ,ITM,15:35,16:50,仙台,伊丹
2026-09-26,JAL2212,SDJ,ITM,16:10,17:25,仙台,伊丹
2026-09-26,JAL2907,SDJ,CTS,17:15,18:25,仙台,新千歳
2026-09-26,JAL4530,SDJ,FUK,17:45,19:50,仙台,福岡
2026-09-26,JAL2216,SDJ,ITM,19:00,20:25,仙台,伊丹
2026-09-26,JAL2909,SDJ,CTS,20:30,21:40,仙台,新千歳
2026-09-26,JAL2732,SHB,OKD,11:15,12:10,根室中標津,丘珠
2026-09-26,SKY542,SHI,OKA,11:50,12:40,下地島,那覇
2026-09-26,SKY546,SHI,OKA,13:50,14:40,下地島,那覇
2026-09-26,SKY164,SHI,UKB,15:25,17:35,下地島,神戸
2026-09-26,SKY564,SHI,FUK,16:00,18:00,下地島,福岡
2026-09-26,SKY618,SHI,HND,17:10,19:50,下地島,羽田
2026-09-26,JAL212,SHM,HND,09:30,10:40,南紀白浜,羽田
2026-09-26,JAL214,SHM,HND,13:45,15:00,南紀白浜,羽田
2026-09-26,JAL218,SHM,HND,18:25,19:40,南紀白浜,羽田
2026-09-26,JAL474,TAK,HND,07:05,08:25,高松,羽田
2026-09-26,JAL476,TAK,HND,09:45,11:00,高松,羽田
2026-09-26,JAL478,TAK,HND,11:45,13:05,高松,羽田
2026-09-26,JAL480,TAK,HND,13:10,14:30,高松,羽田
2026-09-26,JAL482,TAK,HND,15:15,16:40,高松,羽田
2026-09-26,JAL484,TAK,HND,17:20,18:45,高松,羽田
2026-09-26,JAL486,TAK,HND,20:40,21:55,高松,羽田
2026-09-26,JAL2324,TJH,ITM,10:10,10:45,但馬,伊丹
2026-09-26,JAL2326,TJH,ITM,18:00,18:40,但馬,伊丹
2026-09-26,JAL3842,TKN,ASJ,09:40,10:10,徳之島,奄美
2026-09-26,JAL3792,TKN,KOJ,10:25,11:20,徳之島,鹿児島
2026-09-26,JAL3711,TKN,OKE,12:00,12:25,徳之島,沖永良部
2026-09-26,JAL3794,TKN,KOJ,14:55,16:15,徳之島,鹿児島
2026-09-26,JAL3844,TKN,ASJ,16:50,17:20,徳之島,奄美
2026-09-26,JAL3796,TKN,KOJ,17:40,18:35,徳之島,鹿児島
2026-09-26,JAL3798,TKN,KOJ,19:00,20:15,徳之島,鹿児島
2026-09-26,JAL452,TKS,HND,07:05,08:20,徳島,羽田
2026-09-26,JAL454,TKS,HND,08:55,10:15,徳島,羽田
2026-09-26,JAL3564,TKS,FUK,11:30,12:35,徳島,福岡
2026-09-26,JAL456,TKS,HND,12:20,13:40,徳島,羽田
2026-09-26,JAL460,TKS,HND,14:45,16:10,徳島,羽田
2026-09-26,JAL462,TKS,HND,17:40,19:05,徳島,羽田
2026-09-26,JAL3568,TKS,FUK,20:05,21:10,徳島,福岡
2026-09-26,JAL464,TKS,HND,20:35,21:55,徳島,羽田
2026-09-26,JAL3760,TNE,KOJ,09:20,09:55,種子島,鹿児島
2026-09-26,JAL3764,TNE,KOJ,12:10,12:45,種子島,鹿児島
2026-09-26,JAL3772,TNE,KOJ,18:00,18:35,種子島,鹿児島
2026-09-26,RAC892,TRA,MMY,10:20,10:45,多良間,宮古
2026-09-26,RAC898,TRA,MMY,16:50,17:15,多良間,宮古
2026-09-26,JAL4052,TSJ,NGS,08:35,09:15,対馬,長崎
2026-09-26,JAL4080,TSJ,FUK,08:50,09:25,対馬,福岡
2026-09-26,JAL4082,TSJ,FUK,11:00,11:35,対馬,福岡
2026-09-26,JAL4054,TSJ,NGS,12:05,12:45,対馬,長崎
2026-09-26,JAL4062,TSJ,NGS,20:05,20:45,対馬,長崎
2026-09-26,JAL290,UBJ,HND,07:40,09:20,山口宇部,羽田
2026-09-26,JAL292,UBJ,HND,10:20,12:00,山口宇部,羽田
2026-09-26,JAL294,UBJ,HND,15:00,16:45,山口宇部,羽田
2026-09-26,JAL296,UBJ,HND,19:00,20:40,山口宇部,羽田
2026-09-26,RAC872,UEO,OKA,08:45,09:20,久米島,那覇
2026-09-26,RAC874,UEO,OKA,10:55,11:30,久米島,那覇
2026-09-26,JTA212,UEO,OKA,15:00,15:40,久米島,那覇
2026-09-26,RAC880,UEO,OKA,16:45,17:20,久米島,那覇
2026-09-26,RAC882,UEO,OKA,18:25,19:00,久米島,那覇
2026-09-26,JAL4363,UKB,MMJ,11:40,12:40,神戸,松本
2026-09-27,JAL552,AKJ,HND,09:50,11:35,旭川,羽田
2026-09-27,JAL554,AKJ,HND,13:40,15:25,旭川,羽田
2026-09-27,JAL556,AKJ,HND,16:25,18:15,旭川,羽田
2026-09-27,JAL558,AKJ,HND,19:55,21:40,旭川,羽田
2026-09-27,JAL140,AOJ,HND,07:35,08:55,青森,羽田
2026-09-27,JAL142,AOJ,HND,08:35,09:55,青森,羽田
2026-09-27,JAL2150,AOJ,ITM,09:50,11:20,青森,伊丹
2026-09-27,JAL4422,AOJ,NKM,10:15,11:40,青森,名古屋
2026-09-27,JAL2804,AOJ,CTS,11:00,11:45,青森,新千歳
2026-09-27,JAL144,AOJ,HND,12:00,13:20,青森,羽田
2026-09-27,JAL4424,AOJ,NKM,13:25,14:50,青森,名古屋
2026-09-27,JAL2154,AOJ,ITM,14:00,15:30,青森,伊丹
2026-09-27,JAL2806,AOJ,CTS,15:00,15:45,青森,新千歳
2026-09-27,JAL146,AOJ,HND,15:20,16:40,青森,羽田
2026-09-27,JAL148,AOJ,HND,17:55,19:15,青森,羽田
2026-09-27,JAL2158,AOJ,ITM,18:45,20:30,青森,伊丹
2026-09-27,JAL4428,AOJ,NKM,19:50,21:15,青森,名古屋
2026-09-27,JAL2810,AOJ,CTS,20:15,21:00,青森,新千歳
2026-09-27,JAL150,AOJ,HND,20:45,22:05,青森,羽田
2026-09-27,JAL3722,ASJ,KOJ,08:45,09:35,奄美,鹿児島
2026-09-27,JAL3831,ASJ,KKX,09:25,09:45,奄美,喜界
2026-09-27,JAL3841,ASJ,TKN,10:55,11:25,奄美,徳之島
2026-09-27,JAL3861,ASJ,RNJ,11:15,12:00,奄美,与論
2026-09-27,JAL3726,ASJ,KOJ,11:45,12:35,奄美,鹿児島
2026-09-27,JAL2464,ASJ,ITM,12:05,13:35,奄美,伊丹
2026-09-27,JAL3728,ASJ,KOJ,13:20,14:15,奄美,鹿児島
2026-09-27,JAL658,ASJ,HND,14:20,16:30,奄美,羽田
2026-09-27,JAL3730,ASJ,KOJ,14:35,15:30,奄美,鹿児島
2026-09-27,JAL3837,ASJ,KKX,15:40,16:00,奄美,喜界
2026-09-27,JAL3734,ASJ,KOJ,17:25,18:30,奄美,鹿児島
2026-09-27,JAL3843,ASJ,TKN,18:00,18:30,奄美,徳之島
2026-09-27,JAL3684,ASJ,FUK,18:20,19:40,奄美,福岡
2026-09-27,JAL3738,ASJ,KOJ,19:00,20:05,奄美,鹿児島
2026-09-27,JAL3890,AXJ,FUK,07:40,08:20,天草,福岡
2026-09-27,JAL3872,AXJ,KMJ,09:55,10:15,天草,熊本
2026-09-27,JAL3894,AXJ,FUK,15:45,16:25,天草,福岡
2026-09-27,JAL3898,AXJ,FUK,18:00,18:40,天草,福岡
2026-09-27,JAL162,AXT,HND,08:45,09:55,秋田,羽田
2026-09-27,JAL2172,AXT,ITM,09:45,11:10,秋田,伊丹
2026-09-27,JAL164,AXT,HND,12:10,13:20,秋田,羽田
2026-09-27,JAL2824,AXT,OKD,12:25,13:30,秋田,丘珠
2026-09-27,JAL2174,AXT,ITM,14:10,15:35,秋田,伊丹
2026-09-27,JAL166,AXT,HND,17:00,18:10,秋田,羽田
2026-09-27,JAL2176,AXT,ITM,18:15,19:40,秋田,伊丹
2026-09-27,JAL2826,AXT,OKD,18:45,19:50,秋田,丘珠
2026-09-27,JAL168,AXT,HND,20:50,22:00,秋田,羽田
2026-09-27,JAL2900,CTS,SDJ,07:35,08:40,新千歳,仙台
2026-09-27,JAL590,CTS,HND,07:35,09:10,新千歳,羽田
2026-09-27,JAL2713,CTS,MMB,07:40,08:25,新千歳,女満別
2026-09-27,JAL500,CTS,HND,07:40,09:20,新千歳,羽田
2026-09-27,JAL502,CTS,HND,08:50,10:25,新千歳,羽田
2026-09-27,JAL2000,CTS,ITM,09:00,10:50,新千歳,伊丹
2026-09-27,JAL2803,CTS,AOJ,09:40,10:25,新千歳,青森
2026-09-27,JAL504,CTS,HND,09:45,11:25,新千歳,羽田
2026-09-27,JAL3106,CTS,NGO,10:10,11:55,新千歳,中部国際
2026-09-27,JAL2831,CTS,HNA,10:15,11:10,新千歳,花巻
2026-09-27,JAL3510,CTS,FUK,10:30,12:55,新千歳,福岡
2026-09-27,JAL4483,CTS,KIJ,10:40,12:00,新千歳,新潟
2026-09-27,JAL506,CTS,HND,10:50,12:30,新千歳,羽田
2026-09-27,JAL2902,CTS,SDJ,11:00,12:10,新千歳,仙台
2026-09-27,JAL508,CTS,HND,11:25,13:05,新千歳,羽田
2026-09-27,JAL2504,CTS,KIX,11:50,14:05,新千歳,関西国際
2026-09-27,JAL2004,CTS,ITM,12:05,14:00,新千歳,伊丹
2026-09-27,JAL2715,CTS,MMB,12:30,13:15,新千歳,女満別
2026-09-27,JAL510,CTS,HND,12:45,14:30,新千歳,羽田
2026-09-27,JAL3512,CTS,FUK,13:30,15:55,新千歳,福岡
2026-09-27,JAL4324,CTS,FSZ,13:35,15:30,新千歳,静岡
2026-09-27,JAL2805,CTS,AOJ,13:40,14:25,新千歳,青森
2026-09-27,JAL512,CTS,HND,14:00,15:40,新千歳,羽田
2026-09-27,JAL4485,CTS,KIJ,14:05,15:25,新千歳,新潟
2026-09-27,JAL4491,CTS,GAJ,14:35,15:50,新千歳,山形
2026-09-27,JAL2904,CTS,SDJ,14:35,15:40,新千歳,仙台
2026-09-27,JAL3406,CTS,HIJ,15:00,17:05,新千歳,広島
2026-09-27,JAL3114,CTS,NGO,15:05,16:50,新千歳,中部国際
2026-09-27,JAL2008,CTS,ITM,15:05,17:00,新千歳,伊丹
2026-09-27,JAL514,CTS,HND,15:10,16:55,新千歳,羽田
2026-09-27,JAL4353,CTS,MMJ,15:40,17:15,新千歳,松本
2026-09-27,JAL2010,CTS,ITM,15:55,17:45,新千歳,伊丹
2026-09-27,JAL516,CTS,HND,16:05,17:45,新千歳,羽田
2026-09-27,JAL2719,CTS,MMB,16:10,16:50,新千歳,女満別
2026-09-27,JAL2839,CTS,HNA,16:30,17:25,新千歳,花巻
2026-09-27,JAL518,CTS,HND,17:00,18:45,新千歳,羽田
2026-09-27,JAL520,CTS,HND,17:15,18:55,新千歳,羽田
2026-09-27,JAL2016,CTS,ITM,17:45,19:40,新千歳,伊丹
2026-09-27,JAL2506,CTS,KIX,17:55,20:10,新千歳,関西国際
2026-09-27,JAL522,CTS,HND,18:00,19:45,新千歳,羽田
2026-09-27,JAL4472,CTS,FUK,18:05,20:55,新千歳,福岡
2026-09-27,JAL2809,CTS,AOJ,18:45,19:30,新千歳,青森
2026-09-27,JAL2906,CTS,SDJ,18:55,20:00,新千歳,仙台
2026-09-27,JAL524,CTS,HND,19:15,20:55,新千歳,羽田
2026-09-27,JAL2910,CTS,SDJ,19:45,20:50,新千歳,仙台
2026-09-27,JAL3118,CTS,NGO,19:55,21:40,新千歳,中部国際
2026-09-27,JAL526,CTS,HND,20:15,21:55,新千歳,羽田
2026-09-27,JAL528,CTS,HND,21:10,22:55,新千歳,羽田
2026-09-27,JAL530,CTS,HND,21:20,23:05,新千歳,羽田
2026-09-27,JAL4312,FSZ,FUK,08:10,09:50,静岡,福岡
2026-09-27,JAL4331,FSZ,OKD,08:55,10:40,静岡,丘珠
2026-09-27,JAL4323,FSZ,CTS,12:10,14:00,静岡,新千歳
2026-09-27,JAL4305,FSZ,KOJ,12:40,14:15,静岡,鹿児島
2026-09-27,JAL4314,FSZ,FUK,16:15,18:00,静岡,福岡
2026-09-27,JAL4316,FSZ,FUK,17:00,18:45,静岡,福岡
2026-09-27,JAL4094,FUJ,FUK,10:50,11:35,五島福江,福岡
2026-09-27,JAL4074,FUJ,NGS,13:40,14:10,五島福江,長崎
2026-09-27,JAL4098,FUJ,FUK,14:20,15:05,五島福江,福岡
2026-09-27,JAL4076,FUJ,NGS,15:45,16:15,五島福江,長崎
2026-09-27,JAL4078,FUJ,NGS,17:00,17:30,五島福江,長崎
2026-09-27,JAL4096,FUJ,FUK,17:55,18:40,五島福江,福岡
2026-09-27,JAL300,FUK,HND,07:00,08:45,福岡,羽田
2026-09-27,JAL3681,FUK,ASJ,07:05,08:15,福岡,奄美
2026-09-27,JAL3591,FUK,MYJ,07:10,07:55,福岡,松山
2026-09-27,JAL3551,FUK,IZO,07:15,08:25,福岡,出雲
2026-09-27,JAL3623,FUK,KMI,07:15,08:00,福岡,宮崎
2026-09-27,JTA051,FUK,OKA,07:15,08:50,福岡,那覇
2026-09-27,JAL302,FUK,HND,07:20,09:05,福岡,羽田
2026-09-27,JAL4471,FUK,CTS,07:45,10:05,福岡,新千歳
2026-09-27,JAL4079,FUK,TSJ,07:45,08:20,福岡,対馬
2026-09-27,JAL2050,FUK,ITM,07:50,08:55,福岡,伊丹
2026-09-27,JAL4341,FUK,MMJ,08:00,09:30,福岡,松本
2026-09-27,JAL304,FUK,HND,08:05,09:50,福岡,羽田
2026-09-27,JAL3891,FUK,AXJ,08:50,09:25,福岡,天草
2026-09-27,JAL4529,FUK,SDJ,08:55,10:45,福岡,仙台
2026-09-27,JAL3581,FUK,KCZ,09:00,09:55,福岡,高知
2026-09-27,JAL306,FUK,HND,09:10,10:55,福岡,羽田
2026-09-27,JAL4382,FUK,NKM,09:10,10:30,福岡,名古屋
2026-09-27,JTA053,FUK,OKA,09:30,11:15,福岡,那覇
2026-09-27,JAL3625,FUK,KMI,09:45,10:35,福岡,宮崎
2026-09-27,JAL3563,FUK,TKS,09:55,10:55,福岡,徳島
2026-09-27,JAL4313,FUK,FSZ,09:55,11:25,福岡,静岡
2026-09-27,JAL4081,FUK,TSJ,09:55,10:30,福岡,対馬
2026-09-27,JAL308,FUK,HND,10:00,11:45,福岡,羽田
2026-09-27,JAL4315,FUK,FSZ,10:25,11:55,福岡,静岡
2026-09-27,JAL310,FUK,HND,11:00,12:50,福岡,羽田
2026-09-27,JAL3627,FUK,KMI,11:40,12:30,福岡,宮崎
2026-09-27,JAL3513,FUK,CTS,11:50,14:10,福岡,新千歳
2026-09-27,JAL312,FUK,HND,11:55,13:40,福岡,羽田
2026-09-27,JAL3595,FUK,MYJ,11:55,12:40,福岡,松山
2026-09-27,JAL4095,FUK,FUJ,12:10,13:00,福岡,五島福江
2026-09-27,JAL3629,FUK,KMI,12:40,13:25,福岡,宮崎
2026-09-27,JAL314,FUK,HND,12:50,14:40,福岡,羽田
2026-09-27,JAL3653,FUK,KOJ,12:50,13:40,福岡,鹿児島
2026-09-27,JAL4525,FUK,HNA,12:55,14:50,福岡,花巻
2026-09-27,JTA057,FUK,OKA,12:55,14:40,福岡,那覇
2026-09-27,JAL3601,FUK,MYJ,13:30,14:15,福岡,松山
2026-09-27,JAL3673,FUK,KUM,13:50,15:00,福岡,屋久島
2026-09-27,JAL4345,FUK,MMJ,13:55,15:25,福岡,松本
2026-09-27,JAL316,FUK,HND,14:00,15:50,福岡,羽田
2026-09-27,JAL3515,FUK,CTS,14:15,16:30,福岡,新千歳
2026-09-27,JAL318,FUK,HND,14:30,16:25,福岡,羽田
2026-09-27,JAL3633,FUK,KMI,14:30,15:20,福岡,宮崎
2026-09-27,JAL4390,FUK,NKM,14:55,16:15,福岡,名古屋
2026-09-27,JAL2056,FUK,ITM,15:00,16:15,福岡,伊丹
2026-09-27,JAL4531,FUK,SDJ,15:25,17:15,福岡,仙台
2026-09-27,JAL3635,FUK,KMI,15:25,16:10,福岡,宮崎
2026-09-27,JAL4099,FUK,FUJ,15:40,16:30,福岡,五島福江
2026-09-27,JAL2058,FUK,ITM,15:50,17:00,福岡,伊丹
2026-09-27,JTA061,FUK,OKA,15:55,17:35,福岡,那覇
2026-09-27,JAL320,FUK,HND,16:00,17:50,福岡,羽田
2026-09-27,JAL3587,FUK,KCZ,16:10,17:00,福岡,高知
2026-09-27,JAL322,FUK,HND,16:30,18:20,福岡,羽田
2026-09-27,JAL4477,FUK,KIJ,16:35,18:15,福岡,新潟
2026-09-27,JAL4097,FUK,FUJ,16:40,17:25,福岡,五島福江
2026-09-27,JAL3895,FUK,AXJ,16:55,17:30,福岡,天草
2026-09-27,JAL324,FUK,HND,17:05,18:55,福岡,羽田
2026-09-27,JTA063,FUK,OKA,17:25,19:05,福岡,那覇
2026-09-27,JAL3555,FUK,IZO,17:35,18:45,福岡,出雲
2026-09-27,JAL3607,FUK,MYJ,17:40,18:25,福岡,松山
2026-09-27,JAL326,FUK,HND,18:15,20:05,福岡,羽田
2026-09-27,JAL3567,FUK,TKS,18:20,19:20,福岡,徳島
2026-09-27,JAL4317,FUK,FSZ,18:50,20:20,福岡,静岡
2026-09-27,JAL2060,FUK,ITM,19:00,20:20,福岡,伊丹
2026-09-27,JAL328,FUK,HND,19:10,20:55,福岡,羽田
2026-09-27,JAL3899,FUK,AXJ,19:10,19:45,福岡,天草
2026-09-27,JAL4392,FUK,NKM,19:15,20:35,福岡,名古屋
2026-09-27,JAL3639,FUK,KMI,19:15,20:00,福岡,宮崎
2026-09-27,JAL330,FUK,HND,20:00,21:45,福岡,羽田
2026-09-27,JAL4394,FUK,NKM,20:00,21:20,福岡,名古屋
2026-09-27,JTA065,FUK,OKA,20:55,22:30,福岡,那覇
2026-09-27,JAL332,FUK,HND,21:00,22:45,福岡,羽田
2026-09-27,JAL2234,GAJ,ITM,08:50,10:10,山形,伊丹
2026-09-27,JAL174,GAJ,HND,09:50,10:55,山形,羽田
2026-09-27,JAL4442,GAJ,NKM,10:40,11:50,山形,名古屋
2026-09-27,JAL4490,GAJ,CTS,13:55,15:05,山形,新千歳
2026-09-27,JAL2236,GAJ,ITM,14:50,16:10,山形,伊丹
2026-09-27,JAL4446,GAJ,NKM,16:20,17:30,山形,名古屋
2026-09-27,JAL2238,GAJ,ITM,18:05,19:20,山形,伊丹
2026-09-27,JAL178,GAJ,HND,19:10,20:15,山形,羽田
2026-09-27,JAL252,HIJ,HND,07:35,09:00,広島,羽田
2026-09-27,JAL254,HIJ,HND,09:25,10:50,広島,羽田
2026-09-27,JAL3403,HIJ,CTS,10:50,12:45,広島,新千歳
2026-09-27,JAL256,HIJ,HND,12:10,13:35,広島,羽田
2026-09-27,JAL258,HIJ,HND,13:45,15:10,広島,羽田
2026-09-27,JAL262,HIJ,HND,16:25,17:55,広島,羽田
2026-09-27,JAL264,HIJ,HND,18:10,19:40,広島,羽田
2026-09-27,JAL266,HIJ,HND,20:35,22:00,広島,羽田
2026-09-27,JAL2742,HKD,OKD,08:45,09:25,函館,丘珠
2026-09-27,JAL584,HKD,HND,09:40,11:10,函館,羽田
2026-09-27,JAL2124,HKD,ITM,13:10,14:50,函館,伊丹
2026-09-27,JAL2750,HKD,OKD,14:00,14:40,函館,丘珠
2026-09-27,JAL586,HKD,HND,15:00,16:25,函館,羽田
2026-09-27,JAL2752,HKD,OKD,15:55,16:35,函館,丘珠
2026-09-27,JAL2756,HKD,OKD,19:15,19:55,函館,丘珠
2026-09-27,JAL588,HKD,HND,19:30,21:00,函館,羽田
2026-09-27,JAL4412,HNA,NKM,09:10,10:25,花巻,名古屋
2026-09-27,JAL2180,HNA,ITM,09:20,10:45,花巻,伊丹
2026-09-27,JAL2830,HNA,CTS,11:40,12:35,花巻,新千歳
2026-09-27,JAL2182,HNA,ITM,13:30,14:55,花巻,伊丹
2026-09-27,JAL4524,HNA,FUK,13:55,16:05,花巻,福岡
2026-09-27,JAL4416,HNA,NKM,15:20,16:35,花巻,名古屋
2026-09-27,JAL2186,HNA,ITM,15:25,16:50,花巻,伊丹
2026-09-27,JAL4418,HNA,NKM,17:40,18:55,花巻,名古屋
2026-09-27,JAL2838,HNA,CTS,17:55,18:55,花巻,新千歳
2026-09-27,JAL2190,HNA,ITM,18:40,20:15,花巻,伊丹
2026-09-27,JAL623,HND,KMJ,06:20,08:00,羽田,熊本
2026-09-27,JAL303,HND,FUK,06:25,08:10,羽田,福岡
2026-09-27,JAL641,HND,KOJ,06:25,08:05,羽田,鹿児島
2026-09-27,JAL101,HND,ITM,06:30,07:35,羽田,伊丹
2026-09-27,JAL901,HND,OKA,06:30,09:00,羽田,那覇
2026-09-27,JAL501,HND,CTS,06:35,08:05,羽田,新千歳
2026-09-27,JAL141,HND,AOJ,06:45,07:55,羽田,青森
2026-09-27,JAL431,HND,MYJ,06:50,08:15,羽田,松山
2026-09-27,JAL161,HND,AXT,07:00,08:05,羽田,秋田
2026-09-27,JAL453,HND,TKS,07:00,08:10,羽田,徳島
2026-09-27,JAL565,HND,MMB,07:05,08:45,羽田,女満別
2026-09-27,JAL305,HND,FUK,07:05,08:50,羽田,福岡
2026-09-27,JAL971,HND,ISG,07:05,09:55,羽田,新石垣
2026-09-27,JAL183,HND,KMQ,07:10,08:10,羽田,小松
2026-09-27,JAL277,HND,IZO,07:10,08:30,羽田,出雲
2026-09-27,JAL503,HND,CTS,07:15,08:45,羽田,新千歳
2026-09-27,JAL175,HND,GAJ,07:20,08:15,羽田,山形
2026-09-27,JAL221,HND,KIX,07:20,08:35,羽田,関西国際
2026-09-27,JAL903,HND,OKA,07:20,09:50,羽田,那覇
2026-09-27,JAL253,HND,HIJ,07:25,08:40,羽田,広島
2026-09-27,JAL585,HND,HKD,07:30,08:50,羽田,函館
2026-09-27,JAL103,HND,ITM,07:30,08:35,羽田,伊丹
2026-09-27,JAL491,HND,KCZ,07:30,08:50,羽田,高知
2026-09-27,JAL605,HND,NGS,07:30,09:15,羽田,長崎
2026-09-27,JAL551,HND,AKJ,07:35,09:10,羽田,旭川
2026-09-27,JAL541,HND,KUH,07:45,09:20,羽田,釧路
2026-09-27,JAL573,HND,OBO,07:45,09:15,羽田,帯広
2026-09-27,JAL213,HND,SHM,07:45,08:55,羽田,南紀白浜
2026-09-27,JAL475,HND,TAK,07:50,09:05,羽田,高松
2026-09-27,JAL291,HND,UBJ,08:00,09:40,羽田,山口宇部
2026-09-27,JAL307,HND,FUK,08:00,09:45,羽田,福岡
2026-09-27,JAL661,HND,OIT,08:00,09:35,羽田,大分
2026-09-27,JAL625,HND,KMJ,08:00,09:45,羽田,熊本
2026-09-27,JAL153,HND,MSJ,08:05,09:20,羽田,三沢
2026-09-27,JAL687,HND,KMI,08:05,09:45,羽田,宮崎
2026-09-27,JAL643,HND,KOJ,08:05,09:50,羽田,鹿児島
2026-09-27,JAL905,HND,OKA,08:05,10:40,羽田,那覇
2026-09-27,JAL201,HND,NGO,08:15,09:10,羽田,中部国際
2026-09-27,JAL231,HND,OKJ,08:15,09:30,羽田,岡山
2026-09-27,JAL373,HND,KKJ,08:15,09:50,羽田,北九州
2026-09-27,JAL505,HND,CTS,08:20,09:55,羽田,新千歳
2026-09-27,JAL107,HND,ITM,08:30,09:35,羽田,伊丹
2026-09-27,JAL907,HND,OKA,08:40,11:15,羽田,那覇
2026-09-27,JAL507,HND,CTS,08:50,10:25,羽田,新千歳
2026-09-27,JAL255,HND,HIJ,08:50,10:10,羽田,広島
2026-09-27,JAL309,HND,FUK,09:05,10:55,羽田,福岡
2026-09-27,JAL433,HND,MYJ,09:15,10:40,羽田,松山
2026-09-27,JAL493,HND,KCZ,09:15,10:35,羽田,高知
2026-09-27,JAL311,HND,FUK,09:15,11:05,羽田,福岡
2026-09-27,JAL185,HND,KMQ,09:30,10:35,羽田,小松
2026-09-27,JAL111,HND,ITM,09:35,10:40,羽田,伊丹
2026-09-27,JAL663,HND,OIT,09:35,11:10,羽田,大分
2026-09-27,JAL909,HND,OKA,09:40,12:15,羽田,那覇
2026-09-27,JAL509,HND,CTS,09:45,11:20,羽田,新千歳
2026-09-27,JAL279,HND,IZO,09:50,11:15,羽田,出雲
2026-09-27,JAL477,HND,TAK,09:50,11:05,羽田,高松
2026-09-27,JAL689,HND,KMI,09:55,11:35,羽田,宮崎
2026-09-27,JAL143,HND,AOJ,10:00,11:20,羽田,青森
2026-09-27,JAL313,HND,FUK,10:00,11:45,羽田,福岡
2026-09-27,JAL627,HND,KMJ,10:00,11:45,羽田,熊本
2026-09-27,JAL607,HND,NGS,10:05,11:55,羽田,長崎
2026-09-27,JAL645,HND,KOJ,10:05,11:50,羽田,鹿児島
2026-09-27,JAL257,HND,HIJ,10:10,11:30,羽田,広島
2026-09-27,JAL511,HND,CTS,10:15,11:50,羽田,新千歳
2026-09-27,JAL233,HND,OKJ,10:20,11:40,羽田,岡山
2026-09-27,JAL455,HND,TKS,10:25,11:40,羽田,徳島
2026-09-27,JAL163,HND,AXT,10:30,11:35,羽田,秋田
2026-09-27,JAL113,HND,ITM,10:30,11:35,羽田,伊丹
2026-09-27,JAL913,HND,OKA,10:35,13:10,羽田,那覇
2026-09-27,JAL933,HND,MMY,10:40,13:25,羽田,宮古
2026-09-27,JAL155,HND,MSJ,10:45,12:05,羽田,三沢
2026-09-27,JAL575,HND,OBO,11:00,12:35,羽田,帯広
2026-09-27,JAL315,HND,FUK,11:00,12:50,羽田,福岡
2026-09-27,JAL479,HND,TAK,11:05,12:25,羽田,高松
2026-09-27,JAL553,HND,AKJ,11:10,12:50,羽田,旭川
2026-09-27,JAL513,HND,CTS,11:25,13:05,羽田,新千歳
2026-09-27,JAL629,HND,KMJ,11:25,13:10,羽田,熊本
2026-09-27,JAL659,HND,ASJ,11:25,13:35,羽田,奄美
2026-09-27,JAL115,HND,ITM,11:30,12:35,羽田,伊丹
2026-09-27,JAL215,HND,SHM,11:30,12:40,羽田,南紀白浜
2026-09-27,JAL987,HND,OKA,11:30,14:05,羽田,那覇
2026-09-27,JAL259,HND,HIJ,11:40,13:05,羽田,広島
2026-09-27,JAL691,HND,KMI,11:40,13:25,羽田,宮崎
2026-09-27,JAL317,HND,FUK,11:55,13:45,羽田,福岡
2026-09-27,JAL915,HND,OKA,11:55,14:30,羽田,那覇
2026-09-27,JAL647,HND,KOJ,12:00,13:45,羽田,鹿児島
2026-09-27,JAL665,HND,OIT,12:05,13:40,羽田,大分
2026-09-27,JAL435,HND,MYJ,12:10,13:35,羽田,松山
2026-09-27,JAL543,HND,KUH,12:15,13:50,羽田,釧路
2026-09-27,JAL567,HND,MMB,12:25,14:10,羽田,女満別
2026-09-27,JAL117,HND,ITM,12:30,13:35,羽田,伊丹
2026-09-27,JAL609,HND,NGS,12:30,14:20,羽田,長崎
2026-09-27,JAL225,HND,KIX,12:35,14:00,羽田,関西国際
2026-09-27,JAL515,HND,CTS,12:40,14:15,羽田,新千歳
2026-09-27,JAL459,HND,TKS,12:40,14:00,羽田,徳島
2026-09-27,JAL293,HND,UBJ,12:45,14:20,羽田,山口宇部
2026-09-27,JAL587,HND,HKD,12:50,14:10,羽田,函館
2026-09-27,JAL631,HND,KMJ,12:50,14:35,羽田,熊本
2026-09-27,JAL319,HND,FUK,12:55,14:40,羽田,福岡
2026-09-27,JAL481,HND,TAK,13:00,14:15,羽田,高松
2026-09-27,JAL187,HND,KMQ,13:05,14:10,羽田,小松
2026-09-27,JAL145,HND,AOJ,13:15,14:30,羽田,青森
2026-09-27,JAL517,HND,CTS,13:30,15:05,羽田,新千歳
2026-09-27,JAL119,HND,ITM,13:30,14:35,羽田,伊丹
2026-09-27,JAL611,HND,NGS,13:30,15:20,羽田,長崎
2026-09-27,JAL375,HND,KKJ,13:40,15:15,羽田,北九州
2026-09-27,JAL321,HND,FUK,13:45,15:30,羽田,福岡
2026-09-27,JAL577,HND,OBO,13:50,15:25,羽田,帯広
2026-09-27,JAL917,HND,OKA,13:55,16:25,羽田,那覇
2026-09-27,JAL555,HND,AKJ,14:05,15:40,羽田,旭川
2026-09-27,JAL495,HND,KCZ,14:05,15:25,羽田,高知
2026-09-27,JAL263,HND,HIJ,14:15,15:40,羽田,広島
2026-09-27,JAL649,HND,KOJ,14:15,15:55,羽田,鹿児島
2026-09-27,JAL693,HND,KMI,14:20,16:00,羽田,宮崎
2026-09-27,JAL519,HND,CTS,14:25,16:00,羽田,新千歳
2026-09-27,JAL237,HND,OKJ,14:30,15:45,羽田,岡山
2026-09-27,JAL121,HND,ITM,14:35,15:40,羽田,伊丹
2026-09-27,JAL633,HND,KMJ,14:40,16:20,羽田,熊本
2026-09-27,JAL165,HND,AXT,14:50,15:55,羽田,秋田
2026-09-27,JAL973,HND,ISG,14:50,17:40,羽田,新石垣
2026-09-27,JAL157,HND,MSJ,14:55,16:10,羽田,三沢
2026-09-27,JAL125,HND,ITM,14:55,16:00,羽田,伊丹
2026-09-27,JAL283,HND,IZO,14:55,16:15,羽田,出雲
2026-09-27,JAL667,HND,OIT,15:05,16:40,羽田,大分
2026-09-27,JAL483,HND,TAK,15:10,16:30,羽田,高松
2026-09-27,JAL919,HND,OKA,15:10,17:40,羽田,那覇
2026-09-27,JAL521,HND,CTS,15:25,17:00,羽田,新千歳
2026-09-27,JAL323,HND,FUK,15:25,17:15,羽田,福岡
2026-09-27,JAL437,HND,MYJ,15:30,16:55,羽田,松山
2026-09-27,JAL461,HND,TKS,15:40,16:55,羽田,徳島
2026-09-27,JAL325,HND,FUK,15:55,17:50,羽田,福岡
2026-09-27,JAL921,HND,OKA,15:55,18:25,羽田,那覇
2026-09-27,JAL147,HND,AOJ,16:00,17:10,羽田,青森
2026-09-27,JAL695,HND,KMI,16:25,18:00,羽田,宮崎
2026-09-27,JAL127,HND,ITM,16:30,17:35,羽田,伊丹
2026-09-27,JAL219,HND,SHM,16:30,17:40,羽田,南紀白浜
2026-09-27,JAL651,HND,KOJ,16:30,18:10,羽田,鹿児島
2026-09-27,JAL523,HND,CTS,16:40,18:20,羽田,新千歳
2026-09-27,JAL669,HND,OIT,16:40,18:15,羽田,大分
2026-09-27,JAL295,HND,UBJ,16:45,18:20,羽田,山口宇部
2026-09-27,JAL189,HND,KMQ,16:50,17:55,羽田,小松
2026-09-27,JAL285,HND,IZO,16:55,18:25,羽田,出雲
2026-09-27,JAL439,HND,MYJ,16:55,18:20,羽田,松山
2026-09-27,JAL497,HND,KCZ,16:55,18:15,羽田,高知
2026-09-27,JAL923,HND,OKA,16:55,19:30,羽田,那覇
2026-09-27,JAL327,HND,FUK,17:00,19:00,羽田,福岡
2026-09-27,JAL159,HND,MSJ,17:05,18:30,羽田,三沢
2026-09-27,JAL589,HND,HKD,17:10,18:35,羽田,函館
2026-09-27,JAL569,HND,MMB,17:15,19:10,羽田,女満別
2026-09-27,JAL545,HND,KUH,17:15,19:05,羽田,釧路
2026-09-27,JAL557,HND,AKJ,17:30,19:15,羽田,旭川
2026-09-27,JAL179,HND,GAJ,17:30,18:35,羽田,山形
2026-09-27,JAL239,HND,OKJ,17:30,18:45,羽田,岡山
2026-09-27,JAL525,HND,CTS,17:35,19:15,羽田,新千歳
2026-09-27,JAL579,HND,OBO,17:35,19:20,羽田,帯広
2026-09-27,JAL131,HND,ITM,17:35,18:40,羽田,伊丹
2026-09-27,JAL637,HND,KMJ,17:35,19:20,羽田,熊本
2026-09-27,JAL613,HND,NGS,17:45,19:40,羽田,長崎
2026-09-27,JAL329,HND,FUK,17:55,19:50,羽田,福岡
2026-09-27,JAL653,HND,KOJ,17:55,19:40,羽田,鹿児島
2026-09-27,JAL133,HND,ITM,18:00,19:10,羽田,伊丹
2026-09-27,JAL287,HND,IZO,18:15,19:45,羽田,出雲
2026-09-27,JAL265,HND,HIJ,18:20,19:45,羽田,広島
2026-09-27,JAL463,HND,TKS,18:20,19:35,羽田,徳島
2026-09-27,JAL377,HND,KKJ,18:25,20:00,羽田,北九州
2026-09-27,JAL527,HND,CTS,18:40,20:15,羽田,新千歳
2026-09-27,JAL149,HND,AOJ,18:40,19:55,羽田,青森
2026-09-27,JAL137,HND,ITM,18:40,19:50,羽田,伊丹
2026-09-27,JAL485,HND,TAK,18:40,19:55,羽田,高松
2026-09-27,JAL191,HND,KMQ,18:45,19:50,羽田,小松
2026-09-27,JAL331,HND,FUK,18:45,20:35,羽田,福岡
2026-09-27,JAL499,HND,KCZ,18:55,20:15,羽田,高知
2026-09-27,JAL697,HND,KMI,18:55,20:35,羽田,宮崎
2026-09-27,JAL297,HND,UBJ,19:00,20:35,羽田,山口宇部
2026-09-27,JAL167,HND,AXT,19:10,20:15,羽田,秋田
2026-09-27,JAL139,HND,ITM,19:10,20:30,羽田,伊丹
2026-09-27,JAL639,HND,KMJ,19:10,20:55,羽田,熊本
2026-09-27,JAL333,HND,FUK,19:15,21:05,羽田,福岡
2026-09-27,JAL655,HND,KOJ,19:25,21:05,羽田,鹿児島
2026-09-27,JAL615,HND,NGS,19:30,21:20,羽田,長崎
2026-09-27,JAL335,HND,FUK,19:35,21:30,羽田,福岡
2026-09-27,JAL241,HND,OKJ,19:40,20:55,羽田,岡山
2026-09-27,JAL443,HND,MYJ,19:45,21:10,羽田,松山
2026-09-27,JAL465,HND,TKS,19:45,20:55,羽田,徳島
2026-09-27,JAL151,HND,AOJ,19:50,21:05,羽田,青森
2026-09-27,JAL529,HND,CTS,19:55,21:30,羽田,新千歳
2026-09-27,JAL209,HND,NGO,19:55,20:55,羽田,中部国際
2026-09-27,JAL267,HND,HIJ,19:55,21:20,羽田,広島
2026-09-27,JAL925,HND,OKA,20:05,22:30,羽田,那覇
2026-09-27,JAL487,HND,TAK,20:15,21:30,羽田,高松
2026-09-27,JAL671,HND,OIT,20:15,21:45,羽田,大分
2026-09-27,JAL599,HND,CTS,20:30,22:05,羽田,新千歳
2026-09-27,JAL193,HND,KMQ,20:40,21:40,羽田,小松
2026-09-27,JAL229,HND,KIX,20:40,21:55,羽田,関西国際
2026-09-27,JAL531,HND,CTS,20:45,22:20,羽田,新千歳
2026-09-27,JAL4042,IKI,NGS,09:55,10:25,壱岐,長崎
2026-09-27,JAL4044,IKI,NGS,17:50,18:20,壱岐,長崎
2026-09-27,JTA600,ISG,OKA,08:55,10:00,新石垣,那覇
2026-09-27,RAC741,ISG,OGN,09:55,10:25,新石垣,与那国
2026-09-27,JAL972,ISG,HND,11:10,14:05,新石垣,羽田
2026-09-27,JTA608,ISG,OKA,11:15,12:20,新石垣,那覇
2026-09-27,RAC743,ISG,OGN,12:35,13:05,新石垣,与那国
2026-09-27,JTA612,ISG,OKA,13:00,14:05,新石垣,那覇
2026-09-27,JTA614,ISG,OKA,14:00,15:00,新石垣,那覇
2026-09-27,RAC834,ISG,MMY,14:45,15:15,新石垣,宮古
2026-09-27,JTA622,ISG,OKA,16:25,17:25,新石垣,那覇
2026-09-27,RAC747,ISG,OGN,17:50,18:20,新石垣,与那国
2026-09-27,JTA626,ISG,OKA,18:40,19:45,新石垣,那覇
2026-09-27,RAC838,ISG,MMY,19:00,19:30,新石垣,宮古
2026-09-27,JAL974,ISG,HND,19:15,22:10,新石垣,羽田
2026-09-27,JTA086,ISG,KIX,19:50,22:15,新石垣,関西国際
2026-09-27,JAL102,ITM,HND,07:05,08:15,伊丹,羽田
2026-09-27,JAL2371,ITM,NGS,07:05,08:15,伊丹,長崎
2026-09-27,JAL2401,ITM,KOJ,07:05,08:15,伊丹,鹿児島
2026-09-27,JAL2241,ITM,KIJ,07:10,08:15,伊丹,新潟
2026-09-27,JAL2345,ITM,IZO,07:10,08:00,伊丹,出雲
2026-09-27,JAL2431,ITM,KMI,07:10,08:15,伊丹,宮崎
2026-09-27,JAL2051,ITM,FUK,07:15,08:25,伊丹,福岡
2026-09-27,JAL2361,ITM,OIT,07:15,08:15,伊丹,大分
2026-09-27,JAL2201,ITM,SDJ,07:20,08:35,伊丹,仙台
2026-09-27,JAL2181,ITM,HNA,07:25,08:50,伊丹,花巻
2026-09-27,JAL104,ITM,HND,07:25,08:40,伊丹,羽田
2026-09-27,JAL2383,ITM,KMJ,07:30,08:40,伊丹,熊本
2026-09-27,JAL2001,ITM,CTS,07:40,09:30,伊丹,新千歳
2026-09-27,JAL2151,ITM,AOJ,07:45,09:15,伊丹,青森
2026-09-27,JAL2171,ITM,AXT,07:55,09:10,伊丹,秋田
2026-09-27,JAL2233,ITM,GAJ,08:00,09:15,伊丹,山形
2026-09-27,JAL2081,ITM,OKA,08:20,10:25,伊丹,那覇
2026-09-27,JAL106,ITM,HND,08:25,09:35,伊丹,羽田
2026-09-27,JAL2323,ITM,TJH,09:00,09:40,伊丹,但馬
2026-09-27,JAL2161,ITM,MSJ,09:15,10:45,伊丹,三沢
2026-09-27,JAL110,ITM,HND,09:20,10:35,伊丹,羽田
2026-09-27,JAL2405,ITM,KOJ,09:20,10:30,伊丹,鹿児島
2026-09-27,JAL2203,ITM,SDJ,09:30,10:45,伊丹,仙台
2026-09-27,JAL2301,ITM,MYJ,09:30,10:15,伊丹,松山
2026-09-27,JAL2465,ITM,ASJ,09:35,11:10,伊丹,奄美
2026-09-27,JAL2053,ITM,FUK,09:50,11:00,伊丹,福岡
2026-09-27,JAL2365,ITM,OIT,10:10,11:05,伊丹,大分
2026-09-27,JAL2351,ITM,IZO,10:20,11:10,伊丹,出雲
2026-09-27,JAL2385,ITM,KMJ,10:20,11:25,伊丹,熊本
2026-09-27,JAL112,ITM,HND,10:25,11:35,伊丹,羽田
2026-09-27,JAL2243,ITM,KIJ,10:35,11:35,伊丹,新潟
2026-09-27,JAL2433,ITM,KMI,10:35,11:35,伊丹,宮崎
2026-09-27,JAL2123,ITM,HKD,11:00,12:35,伊丹,函館
2026-09-27,JAL2205,ITM,SDJ,11:00,12:15,伊丹,仙台
2026-09-27,JAL2407,ITM,KOJ,11:05,12:15,伊丹,鹿児島
2026-09-27,JAL2373,ITM,NGS,11:20,12:30,伊丹,長崎
2026-09-27,JAL114,ITM,HND,11:25,12:40,伊丹,羽田
2026-09-27,JAL2451,ITM,KUM,11:25,13:10,伊丹,屋久島
2026-09-27,JAL2005,ITM,CTS,11:45,13:35,伊丹,新千歳
2026-09-27,JAL2183,ITM,HNA,11:45,13:00,伊丹,花巻
2026-09-27,JAL2153,ITM,AOJ,12:00,13:25,伊丹,青森
2026-09-27,JAL2173,ITM,AXT,12:20,13:35,伊丹,秋田
2026-09-27,JAL116,ITM,HND,12:25,13:40,伊丹,羽田
2026-09-27,JAL2007,ITM,CTS,12:45,14:30,伊丹,新千歳
2026-09-27,JAL3881,ITM,KMJ,12:50,14:20,伊丹,熊本
2026-09-27,JAL2375,ITM,NGS,13:00,14:15,伊丹,長崎
2026-09-27,JAL2235,ITM,GAJ,13:10,14:20,伊丹,山形
2026-09-27,JAL2057,ITM,FUK,13:10,14:20,伊丹,福岡
2026-09-27,JAL118,ITM,HND,13:25,14:40,伊丹,羽田
2026-09-27,JAL2185,ITM,HNA,13:35,14:55,伊丹,花巻
2026-09-27,JAL2331,ITM,OKI,13:45,14:35,伊丹,隠岐
2026-09-27,JAL2207,ITM,SDJ,13:50,15:00,伊丹,仙台
2026-09-27,JAL2387,ITM,KMJ,13:50,14:55,伊丹,熊本
2026-09-27,JAL120,ITM,HND,14:20,15:35,伊丹,羽田
2026-09-27,JAL2247,ITM,KIJ,14:30,15:30,伊丹,新潟
2026-09-27,JAL3006,ITM,NRT,14:35,16:00,伊丹,成田
2026-09-27,JAL2355,ITM,IZO,14:35,15:25,伊丹,出雲
2026-09-27,JAL2087,ITM,OKA,14:50,16:50,伊丹,那覇
2026-09-27,JAL2009,ITM,CTS,15:15,17:00,伊丹,新千歳
2026-09-27,JAL2409,ITM,KOJ,15:15,16:20,伊丹,鹿児島
2026-09-27,JAL2209,ITM,SDJ,15:30,16:45,伊丹,仙台
2026-09-27,JAL124,ITM,HND,15:35,17:00,伊丹,羽田
2026-09-27,JAL2163,ITM,MSJ,15:40,17:10,伊丹,三沢
2026-09-27,JAL2411,ITM,KOJ,16:15,17:25,伊丹,鹿児島
2026-09-27,JAL2237,ITM,GAJ,16:25,17:35,伊丹,山形
2026-09-27,JAL2179,ITM,AXT,16:30,17:45,伊丹,秋田
2026-09-27,JAL126,ITM,HND,16:30,17:50,伊丹,羽田
2026-09-27,JAL2309,ITM,MYJ,16:30,17:15,伊丹,松山
2026-09-27,JAL2439,ITM,KMI,16:30,17:35,伊丹,宮崎
2026-09-27,JAL2187,ITM,HNA,16:45,18:10,伊丹,花巻
2026-09-27,JAL2157,ITM,AOJ,16:50,18:15,伊丹,青森
2026-09-27,JAL128,ITM,HND,16:50,18:10,伊丹,羽田
2026-09-27,JAL2325,ITM,TJH,16:55,17:30,伊丹,但馬
2026-09-27,JAL2213,ITM,SDJ,17:10,18:25,伊丹,仙台
2026-09-27,JAL2377,ITM,NGS,17:20,18:35,伊丹,長崎
2026-09-27,JAL2389,ITM,KMJ,17:25,18:30,伊丹,熊本
2026-09-27,JAL2415,ITM,KOJ,17:25,18:35,伊丹,鹿児島
2026-09-27,JAL2443,ITM,KMI,17:30,18:35,伊丹,宮崎
2026-09-27,JAL2251,ITM,KIJ,17:35,18:40,伊丹,新潟
2026-09-27,JAL2367,ITM,OIT,17:40,18:35,伊丹,大分
2026-09-27,JAL2357,ITM,IZO,18:05,18:55,伊丹,出雲
2026-09-27,JAL130,ITM,HND,18:25,19:40,伊丹,羽田
2026-09-27,JAL2019,ITM,CTS,18:40,20:25,伊丹,新千歳
2026-09-27,JAL134,ITM,HND,19:35,20:50,伊丹,羽田
2026-09-27,JAL2217,ITM,SDJ,19:50,21:05,伊丹,仙台
2026-09-27,JAL2061,ITM,FUK,19:55,21:10,伊丹,福岡
2026-09-27,JAL2445,ITM,KMI,19:55,21:00,伊丹,宮崎
2026-09-27,JAL138,ITM,HND,20:05,21:20,伊丹,羽田
2026-09-27,JAL2419,ITM,KOJ,20:05,21:15,伊丹,鹿児島
2026-09-27,JAL276,IZO,HND,07:35,09:00,出雲,羽田
2026-09-27,JAL2344,IZO,ITM,08:30,09:15,出雲,伊丹
2026-09-27,JAL4462,IZO,NKM,08:45,09:45,出雲,名古屋
2026-09-27,JAL3433,IZO,OKI,09:00,09:30,出雲,隠岐
2026-09-27,JAL278,IZO,HND,09:15,10:35,出雲,羽田
2026-09-27,JAL3550,IZO,FUK,11:00,12:10,出雲,福岡
2026-09-27,JAL2346,IZO,ITM,11:40,12:25,出雲,伊丹
2026-09-27,JAL280,IZO,HND,11:55,13:20,出雲,羽田
2026-09-27,JAL4464,IZO,NKM,12:30,13:30,出雲,名古屋
2026-09-27,JAL2356,IZO,ITM,16:00,16:45,出雲,伊丹
2026-09-27,JAL284,IZO,HND,17:15,18:50,出雲,羽田
2026-09-27,JAL4468,IZO,NKM,18:35,19:35,出雲,名古屋
2026-09-27,JAL286,IZO,HND,19:10,20:35,出雲,羽田
2026-09-27,JAL3554,IZO,FUK,19:15,20:25,出雲,福岡
2026-09-27,JAL2358,IZO,ITM,19:30,20:20,出雲,伊丹
2026-09-27,JAL490,KCZ,HND,07:10,08:30,高知,羽田
2026-09-27,JAL4512,KCZ,NGO,09:15,10:15,高知,中部国際
2026-09-27,JAL492,KCZ,HND,09:35,11:00,高知,羽田
2026-09-27,JAL3582,KCZ,FUK,10:25,11:25,高知,福岡
2026-09-27,JAL494,KCZ,HND,11:15,12:40,高知,羽田
2026-09-27,JAL4376,KCZ,NKM,15:55,16:55,高知,名古屋
2026-09-27,JAL496,KCZ,HND,16:15,17:45,高知,羽田
2026-09-27,JAL3588,KCZ,FUK,17:30,18:25,高知,福岡
2026-09-27,JAL498,KCZ,HND,19:00,20:25,高知,羽田
2026-09-27,JAL4378,KCZ,NKM,19:50,20:50,高知,名古屋
2026-09-27,JAL2240,KIJ,ITM,08:45,09:50,新潟,伊丹
2026-09-27,JAL4484,KIJ,CTS,11:45,13:00,新潟,新千歳
2026-09-27,JAL2244,KIJ,ITM,12:10,13:15,新潟,伊丹
2026-09-27,JAL4476,KIJ,FUK,12:30,14:20,新潟,福岡
2026-09-27,JAL2246,KIJ,ITM,16:00,17:05,新潟,伊丹
2026-09-27,JAL4486,KIJ,CTS,16:15,17:30,新潟,新千歳
2026-09-27,JAL4436,KIJ,NKM,18:45,19:45,新潟,名古屋
2026-09-27,JAL2250,KIJ,ITM,19:10,20:30,新潟,伊丹
2026-09-27,JAL220,KIX,HND,06:40,07:50,関西国際,羽田
2026-09-27,JTA121,KIX,MMY,07:40,09:55,関西国際,宮古
2026-09-27,JTA001,KIX,OKA,08:20,10:25,関西国際,那覇
2026-09-27,JAL2501,KIX,CTS,09:15,11:10,関西国際,新千歳
2026-09-27,JTA083,KIX,ISG,09:50,12:20,関西国際,新石垣
2026-09-27,JTA005,KIX,OKA,14:05,16:10,関西国際,那覇
2026-09-27,JAL224,KIX,HND,14:45,16:05,関西国際,羽田
2026-09-27,JAL2505,KIX,CTS,15:10,17:05,関西国際,新千歳
2026-09-27,JTA009,KIX,OKA,20:25,22:30,関西国際,那覇
2026-09-27,JAL228,KIX,HND,21:10,22:30,関西国際,羽田
2026-09-27,JAL374,KKJ,HND,10:35,12:10,北九州,羽田
2026-09-27,JAL376,KKJ,HND,15:55,17:40,北九州,羽田
2026-09-27,JAL378,KKJ,HND,20:45,22:20,北九州,羽田
2026-09-27,JAL3780,KKX,KOJ,09:20,10:25,喜界,鹿児島
2026-09-27,JAL3830,KKX,ASJ,10:15,10:35,喜界,奄美
2026-09-27,JAL3786,KKX,KOJ,15:15,16:20,喜界,鹿児島
2026-09-27,JAL3836,KKX,ASJ,16:30,16:50,喜界,奄美
2026-09-27,JAL688,KMI,HND,07:35,09:20,宮崎,羽田
2026-09-27,JAL2430,KMI,ITM,07:35,08:40,宮崎,伊丹
2026-09-27,JAL3624,KMI,FUK,08:30,09:20,宮崎,福岡
2026-09-27,JAL2432,KMI,ITM,08:45,09:50,宮崎,伊丹
2026-09-27,JAL690,KMI,HND,10:30,12:10,宮崎,羽田
2026-09-27,JAL3626,KMI,FUK,11:05,11:55,宮崎,福岡
2026-09-27,JAL692,KMI,HND,12:10,13:55,宮崎,羽田
2026-09-27,JAL2434,KMI,ITM,12:10,13:15,宮崎,伊丹
2026-09-27,JAL3628,KMI,FUK,13:00,13:55,宮崎,福岡
2026-09-27,JAL694,KMI,HND,14:00,15:45,宮崎,羽田
2026-09-27,JAL3630,KMI,FUK,14:00,14:55,宮崎,福岡
2026-09-27,JAL3634,KMI,FUK,15:50,16:40,宮崎,福岡
2026-09-27,JAL696,KMI,HND,16:50,18:35,宮崎,羽田
2026-09-27,JAL3636,KMI,FUK,16:50,17:45,宮崎,福岡
2026-09-27,JAL2440,KMI,ITM,18:05,19:20,宮崎,伊丹
2026-09-27,JAL698,KMI,HND,18:45,20:30,宮崎,羽田
2026-09-27,JAL2444,KMI,ITM,19:05,20:20,宮崎,伊丹
2026-09-27,JAL3642,KMI,FUK,20:35,21:30,宮崎,福岡
2026-09-27,JAL622,KMJ,HND,07:35,09:20,熊本,羽田
2026-09-27,JAL624,KMJ,HND,08:40,10:20,熊本,羽田
2026-09-27,JAL2382,KMJ,ITM,09:15,10:20,熊本,伊丹
2026-09-27,JAL4400,KMJ,NKM,09:45,11:05,熊本,名古屋
2026-09-27,JAL626,KMJ,HND,10:20,12:05,熊本,羽田
2026-09-27,JAL3880,KMJ,ITM,10:45,12:10,熊本,伊丹
2026-09-27,JAL2386,KMJ,ITM,12:00,13:05,熊本,伊丹
2026-09-27,JAL628,KMJ,HND,12:25,14:10,熊本,羽田
2026-09-27,JAL4534,KMJ,NGO,12:40,14:00,熊本,中部国際
2026-09-27,JAL630,KMJ,HND,13:50,15:35,熊本,羽田
2026-09-27,JAL3873,KMJ,AXJ,14:50,15:15,熊本,天草
2026-09-27,JAL632,KMJ,HND,15:20,17:10,熊本,羽田
2026-09-27,JAL2388,KMJ,ITM,15:30,16:35,熊本,伊丹
2026-09-27,JAL4536,KMJ,NGO,16:30,17:50,熊本,中部国際
2026-09-27,JAL634,KMJ,HND,17:20,19:05,熊本,羽田
2026-09-27,JAL2392,KMJ,ITM,19:00,20:20,熊本,伊丹
2026-09-27,JAL4408,KMJ,NKM,20:00,21:20,熊本,名古屋
2026-09-27,JAL638,KMJ,HND,20:05,21:45,熊本,羽田
2026-09-27,JAL182,KMQ,HND,07:35,08:50,小松,羽田
2026-09-27,JAL184,KMQ,HND,08:50,10:00,小松,羽田
2026-09-27,JAL186,KMQ,HND,11:15,12:25,小松,羽田
2026-09-27,JTA037,KMQ,OKA,14:05,16:25,小松,那覇
2026-09-27,JAL188,KMQ,HND,14:50,16:10,小松,羽田
2026-09-27,JAL190,KMQ,HND,18:40,19:55,小松,羽田
2026-09-27,JAL192,KMQ,HND,20:30,21:40,小松,羽田
2026-09-27,JAL3801,KOJ,OKE,07:20,08:45,鹿児島,沖永良部
2026-09-27,JAL640,KOJ,HND,07:30,09:15,鹿児島,羽田
2026-09-27,JAL2400,KOJ,ITM,07:35,08:45,鹿児島,伊丹
2026-09-27,JAL3783,KOJ,KKX,07:35,08:50,鹿児島,喜界
2026-09-27,JAL3721,KOJ,ASJ,07:40,08:55,鹿児島,奄美
2026-09-27,JAL3791,KOJ,TKN,07:50,09:10,鹿児島,徳之島
2026-09-27,JAL3761,KOJ,TNE,08:10,08:50,鹿児島,種子島
2026-09-27,JAL3741,KOJ,KUM,08:40,09:20,鹿児島,屋久島
2026-09-27,JAL642,KOJ,HND,08:50,10:35,鹿児島,羽田
2026-09-27,JAL2402,KOJ,ITM,08:50,10:00,鹿児島,伊丹
2026-09-27,JAL3793,KOJ,TKN,08:55,09:55,鹿児島,徳之島
2026-09-27,JAL3727,KOJ,ASJ,10:15,11:10,鹿児島,奄美
2026-09-27,JAL3743,KOJ,KUM,10:30,11:10,鹿児島,屋久島
2026-09-27,JAL644,KOJ,HND,10:55,12:40,鹿児島,羽田
2026-09-27,JAL2406,KOJ,ITM,11:00,12:10,鹿児島,伊丹
2026-09-27,JAL3763,KOJ,TNE,11:00,11:40,鹿児島,種子島
2026-09-27,JAL3825,KOJ,RNJ,11:10,12:45,鹿児島,与論
2026-09-27,JAL3729,KOJ,ASJ,11:55,12:50,鹿児島,奄美
2026-09-27,JAL3654,KOJ,FUK,12:05,13:05,鹿児島,福岡
2026-09-27,JAL646,KOJ,HND,12:50,14:35,鹿児島,羽田
2026-09-27,JAL2408,KOJ,ITM,12:50,14:00,鹿児島,伊丹
2026-09-27,JAL3795,KOJ,TKN,13:00,14:25,鹿児島,徳之島
2026-09-27,JAL3731,KOJ,ASJ,13:10,14:05,鹿児島,奄美
2026-09-27,JAL3745,KOJ,KUM,13:25,14:05,鹿児島,屋久島
2026-09-27,JAL3785,KOJ,KKX,13:30,14:45,鹿児島,喜界
2026-09-27,JAL648,KOJ,HND,14:35,16:30,鹿児島,羽田
2026-09-27,JAL2410,KOJ,ITM,14:45,15:55,鹿児島,伊丹
2026-09-27,JAL3809,KOJ,OKE,14:55,16:20,鹿児島,沖永良部
2026-09-27,JAL4306,KOJ,FSZ,15:00,16:30,鹿児島,静岡
2026-09-27,JAL3753,KOJ,KUM,15:25,16:05,鹿児島,屋久島
2026-09-27,JAL3797,KOJ,TKN,16:05,17:05,鹿児島,徳之島
2026-09-27,JAL650,KOJ,HND,16:45,18:35,鹿児島,羽田
2026-09-27,JAL3777,KOJ,TNE,16:50,17:30,鹿児島,種子島
2026-09-27,JAL3735,KOJ,ASJ,16:55,17:50,鹿児島,奄美
2026-09-27,JAL3737,KOJ,ASJ,17:15,18:30,鹿児島,奄美
2026-09-27,JAL3759,KOJ,KUM,17:50,18:30,鹿児島,屋久島
2026-09-27,JAL2412,KOJ,ITM,18:05,19:15,鹿児島,伊丹
2026-09-27,JAL3687,KOJ,MYJ,18:50,19:50,鹿児島,松山
2026-09-27,JAL652,KOJ,HND,19:05,20:50,鹿児島,羽田
2026-09-27,JAL2414,KOJ,ITM,19:10,20:30,鹿児島,伊丹
2026-09-27,JAL654,KOJ,HND,20:35,22:25,鹿児島,羽田
2026-09-27,RAC842,KTD,OKA,12:50,13:55,北大東,那覇
2026-09-27,JAL2762,KUH,OKD,09:15,10:05,釧路,丘珠
2026-09-27,JAL540,KUH,HND,10:00,11:45,釧路,羽田
2026-09-27,JAL542,KUH,HND,14:50,16:35,釧路,羽田
2026-09-27,JAL2766,KUH,OKD,15:25,16:15,釧路,丘珠
2026-09-27,JAL2768,KUH,OKD,18:00,18:50,釧路,丘珠
2026-09-27,JAL544,KUH,HND,19:50,21:35,釧路,羽田
2026-09-27,JAL3740,KUM,KOJ,09:55,10:30,屋久島,鹿児島
2026-09-27,JAL3744,KUM,KOJ,11:45,12:20,屋久島,鹿児島
2026-09-27,JAL3746,KUM,KOJ,13:40,14:15,屋久島,鹿児島
2026-09-27,JAL2450,KUM,ITM,14:35,16:15,屋久島,伊丹
2026-09-27,JAL3676,KUM,FUK,15:30,16:45,屋久島,福岡
2026-09-27,JAL3750,KUM,KOJ,16:35,17:10,屋久島,鹿児島
2026-09-27,JAL3756,KUM,KOJ,19:00,19:35,屋久島,鹿児島
2026-09-27,JAL2710,MMB,CTS,08:55,09:40,女満別,新千歳
2026-09-27,JAL562,MMB,HND,09:25,11:20,女満別,羽田
2026-09-27,JAL2722,MMB,OKD,10:20,11:10,女満別,丘珠
2026-09-27,JAL2714,MMB,CTS,13:55,14:45,女満別,新千歳
2026-09-27,JAL564,MMB,HND,15:00,16:55,女満別,羽田
2026-09-27,JAL2718,MMB,CTS,17:25,18:10,女満別,新千歳
2026-09-27,JAL2728,MMB,OKD,19:10,20:00,女満別,丘珠
2026-09-27,JAL566,MMB,HND,19:50,21:45,女満別,羽田
2026-09-27,RAC862,MMD,OKA,09:30,10:35,南大東,那覇
2026-09-27,RAC864,MMD,OKA,15:55,16:55,南大東,那覇
2026-09-27,JAL4362,MMJ,UKB,10:00,11:00,松本,神戸
2026-09-27,JAL4352,MMJ,CTS,11:35,13:15,松本,新千歳
2026-09-27,JAL4344,MMJ,FUK,13:10,14:50,松本,福岡
2026-09-27,JAL4372,MMJ,OKD,16:10,17:40,松本,丘珠
2026-09-27,JAL4348,MMJ,FUK,17:45,19:25,松本,福岡
2026-09-27,JTA552,MMY,OKA,08:50,09:45,宮古,那覇
2026-09-27,RAC891,MMY,TRA,09:20,09:45,宮古,多良間
2026-09-27,JTA556,MMY,OKA,10:40,11:35,宮古,那覇
2026-09-27,RAC831,MMY,ISG,11:30,12:00,宮古,新石垣
2026-09-27,JTA558,MMY,OKA,12:10,13:05,宮古,那覇
2026-09-27,JTA560,MMY,OKA,13:25,14:20,宮古,那覇
2026-09-27,JAL934,MMY,HND,14:25,17:15,宮古,羽田
2026-09-27,RAC897,MMY,TRA,15:50,16:15,宮古,多良間
2026-09-27,JTA562,MMY,OKA,16:05,17:00,宮古,那覇
2026-09-27,JTA564,MMY,OKA,16:55,17:50,宮古,那覇
2026-09-27,RAC839,MMY,ISG,17:45,18:15,宮古,新石垣
2026-09-27,JTA572,MMY,OKA,17:55,18:50,宮古,那覇
2026-09-27,JTA128,MMY,KIX,19:25,21:40,宮古,関西国際
2026-09-27,RAC804,MMY,OKA,20:00,20:55,宮古,那覇
2026-09-27,JAL152,MSJ,HND,10:00,11:25,三沢,羽田
2026-09-27,JAL2162,MSJ,ITM,11:20,13:00,三沢,伊丹
2026-09-27,JAL154,MSJ,HND,12:50,14:15,三沢,羽田
2026-09-27,JAL2816,MSJ,OKD,13:10,14:05,三沢,丘珠
2026-09-27,JAL156,MSJ,HND,16:50,18:15,三沢,羽田
2026-09-27,JAL2166,MSJ,ITM,17:45,19:25,三沢,伊丹
2026-09-27,JAL158,MSJ,HND,19:10,20:35,三沢,羽田
2026-09-27,JAL430,MYJ,HND,07:10,08:40,松山,羽田
2026-09-27,JAL3592,MYJ,FUK,08:25,09:15,松山,福岡
2026-09-27,JAL432,MYJ,HND,09:10,10:40,松山,羽田
2026-09-27,JAL2300,MYJ,ITM,10:45,11:35,松山,伊丹
2026-09-27,JAL434,MYJ,HND,11:25,12:55,松山,羽田
2026-09-27,JAL3596,MYJ,FUK,13:30,14:15,松山,福岡
2026-09-27,JAL436,MYJ,HND,14:20,15:55,松山,羽田
2026-09-27,JAL3602,MYJ,FUK,14:45,15:35,松山,福岡
2026-09-27,JAL438,MYJ,HND,17:35,19:10,松山,羽田
2026-09-27,JAL3608,MYJ,FUK,17:45,18:40,松山,福岡
2026-09-27,JAL440,MYJ,HND,19:00,20:35,松山,羽田
2026-09-27,JAL2310,MYJ,ITM,19:00,20:00,松山,伊丹
2026-09-27,JAL3686,MYJ,KOJ,20:20,21:20,松山,鹿児島
2026-09-27,JAL202,NGO,HND,07:40,08:40,中部国際,羽田
2026-09-27,JAL3101,NGO,CTS,08:05,09:50,中部国際,新千歳
2026-09-27,JAL3082,NGO,NRT,08:20,09:30,中部国際,成田
2026-09-27,JTA045,NGO,OKA,08:30,10:45,中部国際,那覇
2026-09-27,JAL4535,NGO,KMJ,10:45,12:10,中部国際,熊本
2026-09-27,JAL3107,NGO,CTS,12:40,14:20,中部国際,新千歳
2026-09-27,JAL3084,NGO,NRT,14:35,15:50,中部国際,成田
2026-09-27,JAL4537,NGO,KMJ,14:35,16:00,中部国際,熊本
2026-09-27,JTA047,NGO,OKA,14:55,17:10,中部国際,那覇
2026-09-27,JAL3117,NGO,CTS,17:30,19:10,中部国際,新千歳
2026-09-27,JAL4517,NGO,KCZ,18:20,19:20,中部国際,高知
2026-09-27,JTA049,NGO,OKA,18:50,21:00,中部国際,那覇
2026-09-27,JAL208,NGO,HND,20:55,22:00,中部国際,羽田
2026-09-27,JAL606,NGS,HND,07:25,09:10,長崎,羽田
2026-09-27,JAL4051,NGS,TSJ,07:30,08:05,長崎,対馬
2026-09-27,JAL2372,NGS,ITM,08:50,10:00,長崎,伊丹
2026-09-27,JAL4041,NGS,IKI,08:55,09:25,長崎,壱岐
2026-09-27,JAL4073,NGS,FUJ,09:50,10:20,長崎,五島福江
2026-09-27,JAL608,NGS,HND,10:00,11:45,長崎,羽田
2026-09-27,JAL4053,NGS,TSJ,11:00,11:35,長崎,対馬
2026-09-27,JAL610,NGS,HND,12:35,14:25,長崎,羽田
2026-09-27,JAL2374,NGS,ITM,13:00,14:10,長崎,伊丹
2026-09-27,JAL4075,NGS,FUJ,13:20,13:50,長崎,五島福江
2026-09-27,JAL2376,NGS,ITM,14:45,15:55,長崎,伊丹
2026-09-27,JAL4077,NGS,FUJ,14:45,15:15,長崎,五島福江
2026-09-27,JAL612,NGS,HND,15:05,17:00,長崎,羽田
2026-09-27,JAL614,NGS,HND,16:05,18:00,長崎,羽田
2026-09-27,JAL4043,NGS,IKI,16:50,17:20,長崎,壱岐
2026-09-27,JAL4061,NGS,TSJ,19:00,19:35,長崎,対馬
2026-09-27,JAL2378,NGS,ITM,19:10,20:25,長崎,伊丹
2026-09-27,JAL616,NGS,HND,20:25,22:10,長崎,羽田
2026-09-27,JAL4381,NKM,FUK,07:00,08:25,名古屋,福岡
2026-09-27,JAL4461,NKM,IZO,07:15,08:15,名古屋,出雲
2026-09-27,JAL4451,NKM,OKD,07:20,09:00,名古屋,丘珠
2026-09-27,JAL4411,NKM,HNA,07:30,08:40,名古屋,花巻
2026-09-27,JAL4377,NKM,KCZ,07:45,08:45,名古屋,高知
2026-09-27,JAL4401,NKM,KMJ,07:50,09:15,名古屋,熊本
2026-09-27,JAL4383,NKM,FUK,08:00,09:25,名古屋,福岡
2026-09-27,JAL4421,NKM,AOJ,08:25,09:45,名古屋,青森
2026-09-27,JAL4441,NKM,GAJ,09:05,10:10,名古屋,山形
2026-09-27,JAL4433,NKM,KIJ,10:20,11:15,名古屋,新潟
2026-09-27,JAL4385,NKM,FUK,10:55,12:20,名古屋,福岡
2026-09-27,JAL4463,NKM,IZO,11:00,12:00,名古屋,出雲
2026-09-27,JAL4423,NKM,AOJ,11:35,12:55,名古屋,青森
2026-09-27,JAL4413,NKM,HNA,12:15,13:25,名古屋,花巻
2026-09-27,JAL4443,NKM,GAJ,12:20,13:25,名古屋,山形
2026-09-27,JAL4455,NKM,OKD,13:30,15:10,名古屋,丘珠
2026-09-27,JAL4379,NKM,KCZ,14:10,15:10,名古屋,高知
2026-09-27,JAL4417,NKM,HNA,16:00,17:10,名古屋,花巻
2026-09-27,JAL4457,NKM,OKD,16:50,18:30,名古屋,丘珠
2026-09-27,JAL4467,NKM,IZO,17:05,18:05,名古屋,出雲
2026-09-27,JAL4427,NKM,AOJ,18:00,19:20,名古屋,青森
2026-09-27,JAL4409,NKM,KMJ,18:05,19:30,名古屋,熊本
2026-09-27,JAL3083,NRT,NGO,10:30,11:40,成田,中部国際
2026-09-27,JAL3009,NRT,ITM,18:25,19:50,成田,伊丹
2026-09-27,JAL3087,NRT,NGO,18:55,20:10,成田,中部国際
2026-09-27,JAL570,OBO,HND,09:55,11:40,帯広,羽田
2026-09-27,JAL572,OBO,HND,13:10,14:55,帯広,羽田
2026-09-27,JAL574,OBO,HND,16:15,18:00,帯広,羽田
2026-09-27,JAL576,OBO,HND,20:00,21:40,帯広,羽田
2026-09-27,RAC742,OGN,ISG,08:55,09:25,与那国,新石垣
2026-09-27,RAC724,OGN,OKA,11:15,12:35,与那国,那覇
2026-09-27,RAC744,OGN,ISG,13:35,14:05,与那国,新石垣
2026-09-27,RAC746,OGN,ISG,16:50,17:20,与那国,新石垣
2026-09-27,RAC728,OGN,OKA,18:50,20:10,与那国,那覇
2026-09-27,JAL2796,OIR,OKD,12:45,13:35,奥尻,丘珠
2026-09-27,JAL662,OIT,HND,07:35,09:10,大分,羽田
2026-09-27,JAL2362,OIT,ITM,08:45,09:40,大分,伊丹
2026-09-27,JAL664,OIT,HND,10:25,11:55,大分,羽田
2026-09-27,JAL2364,OIT,ITM,11:35,12:35,大分,伊丹
2026-09-27,JAL668,OIT,HND,11:50,13:30,大分,羽田
2026-09-27,JAL670,OIT,HND,14:25,16:05,大分,羽田
2026-09-27,JAL672,OIT,HND,17:20,19:00,大分,羽田
2026-09-27,JAL674,OIT,HND,19:05,20:40,大分,羽田
2026-09-27,JAL2366,OIT,ITM,19:10,20:15,大分,伊丹
2026-09-27,JTA002,OKA,KIX,07:10,09:05,那覇,関西国際
2026-09-27,JTA050,OKA,FUK,07:10,08:50,那覇,福岡
2026-09-27,JTA551,OKA,MMY,07:15,08:10,那覇,宮古
2026-09-27,JTA601,OKA,ISG,07:15,08:15,那覇,新石垣
2026-09-27,RAC721,OKA,OGN,07:15,08:25,那覇,与那国
2026-09-27,JAL900,OKA,HND,07:25,09:50,那覇,羽田
2026-09-27,RAC871,OKA,UEO,07:45,08:15,那覇,久米島
2026-09-27,RAC861,OKA,MMD,08:00,09:00,那覇,南大東
2026-09-27,RAC801,OKA,MMY,08:00,08:50,那覇,宮古
2026-09-27,JTA605,OKA,ISG,09:35,10:30,那覇,新石垣
2026-09-27,JAL902,OKA,HND,09:55,12:25,那覇,羽田
2026-09-27,RAC873,OKA,UEO,09:55,10:25,那覇,久米島
2026-09-27,JTA052,OKA,FUK,10:25,12:10,那覇,福岡
2026-09-27,JTA557,OKA,MMY,10:40,11:30,那覇,宮古
2026-09-27,JAL904,OKA,HND,10:50,13:25,那覇,羽田
2026-09-27,JTA036,OKA,KMQ,11:10,13:25,那覇,小松
2026-09-27,JTA004,OKA,KIX,11:10,13:10,那覇,関西国際
2026-09-27,RAC841,OKA,KTD,11:20,12:20,那覇,北大東
2026-09-27,JAL906,OKA,HND,11:40,14:15,那覇,羽田
2026-09-27,JTA042,OKA,NGO,11:55,14:05,那覇,中部国際
2026-09-27,JAL2084,OKA,ITM,11:55,13:55,那覇,伊丹
2026-09-27,JTA559,OKA,MMY,11:55,12:45,那覇,宮古
2026-09-27,JAL908,OKA,HND,12:15,14:50,那覇,羽田
2026-09-27,JTA609,OKA,ISG,12:15,13:15,那覇,新石垣
2026-09-27,RAC877,OKA,UEO,12:20,12:50,那覇,久米島
2026-09-27,JAL910,OKA,HND,13:15,15:50,那覇,羽田
2026-09-27,RAC815,OKA,RNJ,13:15,13:55,那覇,与論
2026-09-27,JTA054,OKA,FUK,13:20,15:05,那覇,福岡
2026-09-27,JTA211,OKA,UEO,13:45,14:20,那覇,久米島
2026-09-27,JAL3867,OKA,ASJ,13:55,14:55,那覇,奄美
2026-09-27,JAL912,OKA,HND,14:00,16:35,那覇,羽田
2026-09-27,RAC863,OKA,MMD,14:25,15:25,那覇,南大東
2026-09-27,JTA563,OKA,MMY,14:30,15:25,那覇,宮古
2026-09-27,JAL3715,OKA,OKE,14:35,15:25,那覇,沖永良部
2026-09-27,JTA617,OKA,ISG,14:45,15:45,那覇,新石垣
2026-09-27,JAL988,OKA,HND,14:55,17:35,那覇,羽田
2026-09-27,RAC727,OKA,OGN,14:55,16:10,那覇,与那国
2026-09-27,JTA058,OKA,FUK,15:00,16:45,那覇,福岡
2026-09-27,JTA565,OKA,MMY,15:25,16:15,那覇,宮古
2026-09-27,JAL914,OKA,HND,15:40,18:15,那覇,羽田
2026-09-27,RAC879,OKA,UEO,15:40,16:15,那覇,久米島
2026-09-27,JTA044,OKA,NGO,15:45,17:55,那覇,中部国際
2026-09-27,JTA571,OKA,MMY,16:25,17:15,那覇,宮古
2026-09-27,JTA621,OKA,ISG,17:00,18:00,那覇,新石垣
2026-09-27,RAC881,OKA,UEO,17:25,17:55,那覇,久米島
2026-09-27,JTA008,OKA,KIX,17:40,19:40,那覇,関西国際
2026-09-27,JAL916,OKA,HND,17:45,20:15,那覇,羽田
2026-09-27,JAL2088,OKA,ITM,17:55,19:55,那覇,伊丹
2026-09-27,JTA573,OKA,MMY,17:55,18:45,那覇,宮古
2026-09-27,RAC883,OKA,UEO,18:10,18:40,那覇,久米島
2026-09-27,JTA625,OKA,ISG,18:10,19:10,那覇,新石垣
2026-09-27,JTA016,OKA,OKJ,18:30,20:20,那覇,岡山
2026-09-27,JTA060,OKA,FUK,18:30,20:10,那覇,福岡
2026-09-27,JAL918,OKA,HND,18:50,21:20,那覇,羽田
2026-09-27,JAL920,OKA,HND,19:30,22:00,那覇,羽田
2026-09-27,JTA062,OKA,FUK,19:40,21:25,那覇,福岡
2026-09-27,JTA046,OKA,NGO,19:45,21:55,那覇,中部国際
2026-09-27,JAL922,OKA,HND,20:30,23:00,那覇,羽田
2026-09-27,JAL2741,OKD,HKD,07:35,08:15,丘珠,函館
2026-09-27,JAL2783,OKD,RIS,07:50,08:45,丘珠,利尻
2026-09-27,JAL2761,OKD,KUH,08:00,08:45,丘珠,釧路
2026-09-27,JAL2721,OKD,MMB,09:05,09:50,丘珠,女満別
2026-09-27,JAL4371,OKD,MMJ,09:30,11:05,丘珠,松本
2026-09-27,JAL2731,OKD,SHB,09:55,10:45,丘珠,根室中標津
2026-09-27,JAL2823,OKD,AXT,10:45,11:55,丘珠,秋田
2026-09-27,JAL4452,OKD,NKM,11:10,12:55,丘珠,名古屋
2026-09-27,JAL2795,OKD,OIR,11:25,12:15,丘珠,奥尻
2026-09-27,JAL2815,OKD,MSJ,11:40,12:40,丘珠,三沢
2026-09-27,JAL2749,OKD,HKD,12:45,13:25,丘珠,函館
2026-09-27,JAL2765,OKD,KUH,14:10,14:55,丘珠,釧路
2026-09-27,JAL2751,OKD,HKD,14:45,15:25,丘珠,函館
2026-09-27,JAL2787,OKD,RIS,15:00,15:55,丘珠,利尻
2026-09-27,JAL2737,OKD,SHB,15:10,16:00,丘珠,根室中標津
2026-09-27,JAL4456,OKD,NKM,15:40,17:25,丘珠,名古屋
2026-09-27,JAL2767,OKD,KUH,16:45,17:30,丘珠,釧路
2026-09-27,JAL2825,OKD,AXT,17:05,18:15,丘珠,秋田
2026-09-27,JAL2727,OKD,MMB,17:55,18:40,丘珠,女満別
2026-09-27,JAL2755,OKD,HKD,18:05,18:45,丘珠,函館
2026-09-27,JAL4332,OKD,FSZ,18:15,20:05,丘珠,静岡
2026-09-27,JAL4458,OKD,NKM,19:00,20:45,丘珠,名古屋
2026-09-27,JAL2759,OKD,HKD,19:20,20:00,丘珠,函館
2026-09-27,JAL3800,OKE,KOJ,09:15,10:35,沖永良部,鹿児島
2026-09-27,JAL3716,OKE,OKA,12:55,13:45,沖永良部,那覇
2026-09-27,JAL3710,OKE,TKN,15:55,16:20,沖永良部,徳之島
2026-09-27,JAL3808,OKE,KOJ,16:50,18:10,沖永良部,鹿児島
2026-09-27,JAL3434,OKI,IZO,10:00,10:30,隠岐,出雲
2026-09-27,JAL2332,OKI,ITM,15:05,15:50,隠岐,伊丹
2026-09-27,JAL232,OKJ,HND,07:05,08:25,岡山,羽田
2026-09-27,JTA013,OKJ,OKA,08:30,10:30,岡山,那覇
2026-09-27,JAL234,OKJ,HND,10:15,11:30,岡山,羽田
2026-09-27,JAL236,OKJ,HND,12:20,13:40,岡山,羽田
2026-09-27,JAL240,OKJ,HND,17:30,18:55,岡山,羽田
2026-09-27,JAL242,OKJ,HND,19:25,20:40,岡山,羽田
2026-09-27,JAL2784,RIS,OKD,09:15,10:05,利尻,丘珠
2026-09-27,JAL2788,RIS,OKD,16:25,17:15,利尻,丘珠
2026-09-27,JAL3866,RNJ,OKA,12:30,13:15,与論,那覇
2026-09-27,JAL3826,RNJ,KOJ,13:15,14:45,与論,鹿児島
2026-09-27,RAC816,RNJ,OKA,14:25,15:00,与論,那覇
2026-09-27,JAL2200,SDJ,ITM,07:35,08:55,仙台,伊丹
2026-09-27,JAL2901,SDJ,CTS,07:50,09:00,仙台,新千歳
2026-09-27,JAL2903,SDJ,CTS,09:10,10:25,仙台,新千歳
2026-09-27,JAL2202,SDJ,ITM,09:15,10:30,仙台,伊丹
2026-09-27,JAL4528,SDJ,FUK,11:15,13:20,仙台,福岡
2026-09-27,JAL2204,SDJ,ITM,11:20,12:35,仙台,伊丹
2026-09-27,JAL2206,SDJ,ITM,12:40,13:55,仙台,伊丹
2026-09-27,JAL2905,SDJ,CTS,12:45,13:55,仙台,新千歳
2026-09-27,JAL2210,SDJ,ITM,15:35,16:50,仙台,伊丹
2026-09-27,JAL2212,SDJ,ITM,16:10,17:25,仙台,伊丹
2026-09-27,JAL2907,SDJ,CTS,17:15,18:25,仙台,新千歳
2026-09-27,JAL4530,SDJ,FUK,17:45,19:50,仙台,福岡
2026-09-27,JAL2216,SDJ,ITM,19:00,20:25,仙台,伊丹
2026-09-27,JAL2909,SDJ,CTS,20:30,21:40,仙台,新千歳
2026-09-27,JAL2732,SHB,OKD,11:15,12:10,根室中標津,丘珠
2026-09-27,JAL2738,SHB,OKD,16:30,17:25,根室中標津,丘珠
2026-09-27,SKY542,SHI,OKA,11:50,12:40,下地島,那覇
2026-09-27,SKY546,SHI,OKA,13:50,14:40,下地島,那覇
2026-09-27,SKY164,SHI,UKB,15:25,17:35,下地島,神戸
2026-09-27,SKY564,SHI,FUK,16:00,18:00,下地島,福岡
2026-09-27,SKY618,SHI,HND,17:10,19:50,下地島,羽田
2026-09-27,JAL212,SHM,HND,09:30,10:40,南紀白浜,羽田
2026-09-27,JAL214,SHM,HND,13:45,15:00,南紀白浜,羽田
2026-09-27,JAL218,SHM,HND,18:25,19:40,南紀白浜,羽田
2026-09-27,JAL474,TAK,HND,07:05,08:25,高松,羽田
2026-09-27,JAL476,TAK,HND,09:45,11:00,高松,羽田
2026-09-27,JAL478,TAK,HND,11:45,13:05,高松,羽田
2026-09-27,JAL480,TAK,HND,13:10,14:30,高松,羽田
2026-09-27,JAL482,TAK,HND,15:15,16:40,高松,羽田
2026-09-27,JAL484,TAK,HND,17:20,18:45,高松,羽田
2026-09-27,JAL486,TAK,HND,20:40,21:55,高松,羽田
2026-09-27,JAL2324,TJH,ITM,10:10,10:45,但馬,伊丹
2026-09-27,JAL2326,TJH,ITM,18:00,18:40,但馬,伊丹
2026-09-27,JAL3842,TKN,ASJ,09:40,10:10,徳之島,奄美
2026-09-27,JAL3792,TKN,KOJ,10:25,11:20,徳之島,鹿児島
2026-09-27,JAL3711,TKN,OKE,12:00,12:25,徳之島,沖永良部
2026-09-27,JAL3794,TKN,KOJ,14:55,16:15,徳之島,鹿児島
2026-09-27,JAL3844,TKN,ASJ,16:50,17:20,徳之島,奄美
2026-09-27,JAL3796,TKN,KOJ,17:40,18:35,徳之島,鹿児島
2026-09-27,JAL3798,TKN,KOJ,19:00,20:15,徳之島,鹿児島
2026-09-27,JAL452,TKS,HND,07:05,08:20,徳島,羽田
2026-09-27,JAL454,TKS,HND,08:55,10:15,徳島,羽田
2026-09-27,JAL3564,TKS,FUK,11:30,12:35,徳島,福岡
2026-09-27,JAL456,TKS,HND,12:20,13:40,徳島,羽田
2026-09-27,JAL460,TKS,HND,14:45,16:10,徳島,羽田
2026-09-27,JAL462,TKS,HND,17:40,19:05,徳島,羽田
2026-09-27,JAL3568,TKS,FUK,20:05,21:10,徳島,福岡
2026-09-27,JAL464,TKS,HND,20:35,21:55,徳島,羽田
2026-09-27,JAL3760,TNE,KOJ,09:20,09:55,種子島,鹿児島
2026-09-27,JAL3764,TNE,KOJ,12:10,12:45,種子島,鹿児島
2026-09-27,JAL3772,TNE,KOJ,18:00,18:35,種子島,鹿児島
2026-09-27,RAC892,TRA,MMY,10:20,10:45,多良間,宮古
2026-09-27,RAC898,TRA,MMY,16:50,17:15,多良間,宮古
2026-09-27,JAL4052,TSJ,NGS,08:35,09:15,対馬,長崎
2026-09-27,JAL4080,TSJ,FUK,08:50,09:25,対馬,福岡
2026-09-27,JAL4082,TSJ,FUK,11:00,11:35,対馬,福岡
2026-09-27,JAL4054,TSJ,NGS,12:05,12:45,対馬,長崎
2026-09-27,JAL4062,TSJ,NGS,20:05,20:45,対馬,長崎
2026-09-27,JAL290,UBJ,HND,07:40,09:20,山口宇部,羽田
2026-09-27,JAL292,UBJ,HND,10:20,12:00,山口宇部,羽田
2026-09-27,JAL294,UBJ,HND,15:00,16:45,山口宇部,羽田
2026-09-27,JAL296,UBJ,HND,19:00,20:40,山口宇部,羽田
2026-09-27,RAC872,UEO,OKA,08:45,09:20,久米島,那覇
2026-09-27,RAC874,UEO,OKA,10:55,11:30,久米島,那覇
2026-09-27,RAC878,UEO,OKA,13:20,13:55,久米島,那覇
2026-09-27,JTA212,UEO,OKA,15:00,15:40,久米島,那覇
2026-09-27,RAC880,UEO,OKA,16:45,17:20,久米島,那覇
2026-09-27,RAC882,UEO,OKA,18:25,19:00,久米島,那覇
2026-09-27,RAC884,UEO,OKA,19:10,19:45,久米島,那覇
2026-09-27,JAL4363,UKB,MMJ,11:40,12:40,神戸,松本
2026-09-28,JAL552,AKJ,HND,09:50,11:35,旭川,羽田
2026-09-28,JAL554,AKJ,HND,13:40,15:25,旭川,羽田
2026-09-28,JAL556,AKJ,HND,16:25,18:15,旭川,羽田
2026-09-28,JAL558,AKJ,HND,19:55,21:40,旭川,羽田
2026-09-28,JAL140,AOJ,HND,07:35,08:55,青森,羽田
2026-09-28,JAL142,AOJ,HND,08:35,09:55,青森,羽田
2026-09-28,JAL2150,AOJ,ITM,09:50,11:20,青森,伊丹
2026-09-28,JAL4422,AOJ,NKM,10:15,11:40,青森,名古屋
2026-09-28,JAL2804,AOJ,CTS,11:00,11:45,青森,新千歳
2026-09-28,JAL144,AOJ,HND,12:00,13:20,青森,羽田
2026-09-28,JAL4424,AOJ,NKM,13:25,14:50,青森,名古屋
2026-09-28,JAL2154,AOJ,ITM,14:00,15:30,青森,伊丹
2026-09-28,JAL2806,AOJ,CTS,15:00,15:45,青森,新千歳
2026-09-28,JAL146,AOJ,HND,15:20,16:40,青森,羽田
2026-09-28,JAL148,AOJ,HND,17:55,19:15,青森,羽田
2026-09-28,JAL2158,AOJ,ITM,18:45,20:30,青森,伊丹
2026-09-28,JAL4428,AOJ,NKM,19:50,21:15,青森,名古屋
2026-09-28,JAL2810,AOJ,CTS,20:15,21:00,青森,新千歳
2026-09-28,JAL150,AOJ,HND,20:45,22:05,青森,羽田
2026-09-28,JAL3722,ASJ,KOJ,08:45,09:35,奄美,鹿児島
2026-09-28,JAL3831,ASJ,KKX,09:25,09:45,奄美,喜界
2026-09-28,JAL3841,ASJ,TKN,10:55,11:25,奄美,徳之島
2026-09-28,JAL3861,ASJ,RNJ,11:15,12:00,奄美,与論
2026-09-28,JAL3726,ASJ,KOJ,11:45,12:35,奄美,鹿児島
2026-09-28,JAL2464,ASJ,ITM,12:05,13:35,奄美,伊丹
2026-09-28,JAL3728,ASJ,KOJ,13:20,14:15,奄美,鹿児島
2026-09-28,JAL658,ASJ,HND,14:20,16:30,奄美,羽田
2026-09-28,JAL3730,ASJ,KOJ,14:35,15:30,奄美,鹿児島
2026-09-28,JAL3837,ASJ,KKX,15:40,16:00,奄美,喜界
2026-09-28,JAL3734,ASJ,KOJ,17:25,18:30,奄美,鹿児島
2026-09-28,JAL3843,ASJ,TKN,18:00,18:30,奄美,徳之島
2026-09-28,JAL3684,ASJ,FUK,18:20,19:40,奄美,福岡
2026-09-28,JAL3738,ASJ,KOJ,19:00,20:05,奄美,鹿児島
2026-09-28,JAL3872,AXJ,KMJ,09:55,10:15,天草,熊本
2026-09-28,JAL3894,AXJ,FUK,15:45,16:25,天草,福岡
2026-09-28,JAL162,AXT,HND,08:45,09:55,秋田,羽田
2026-09-28,JAL2172,AXT,ITM,09:45,11:10,秋田,伊丹
2026-09-28,JAL164,AXT,HND,12:10,13:20,秋田,羽田
2026-09-28,JAL2824,AXT,OKD,12:25,13:30,秋田,丘珠
2026-09-28,JAL2174,AXT,ITM,14:10,15:35,秋田,伊丹
2026-09-28,JAL166,AXT,HND,17:00,18:10,秋田,羽田
2026-09-28,JAL2176,AXT,ITM,18:15,19:40,秋田,伊丹
2026-09-28,JAL2826,AXT,OKD,18:45,19:50,秋田,丘珠
2026-09-28,JAL168,AXT,HND,20:50,22:00,秋田,羽田
2026-09-28,JAL2900,CTS,SDJ,07:35,08:40,新千歳,仙台
2026-09-28,JAL590,CTS,HND,07:35,09:10,新千歳,羽田
2026-09-28,JAL2713,CTS,MMB,07:40,08:25,新千歳,女満別
2026-09-28,JAL500,CTS,HND,07:40,09:20,新千歳,羽田
2026-09-28,JAL502,CTS,HND,08:50,10:25,新千歳,羽田
2026-09-28,JAL2000,CTS,ITM,09:00,10:50,新千歳,伊丹
2026-09-28,JAL2803,CTS,AOJ,09:40,10:25,新千歳,青森
2026-09-28,JAL504,CTS,HND,09:45,11:25,新千歳,羽田
2026-09-28,JAL3106,CTS,NGO,10:10,11:55,新千歳,中部国際
2026-09-28,JAL2831,CTS,HNA,10:15,11:10,新千歳,花巻
2026-09-28,JAL3510,CTS,FUK,10:30,12:55,新千歳,福岡
2026-09-28,JAL4483,CTS,KIJ,10:40,12:00,新千歳,新潟
2026-09-28,JAL506,CTS,HND,10:50,12:30,新千歳,羽田
2026-09-28,JAL2902,CTS,SDJ,11:00,12:10,新千歳,仙台
2026-09-28,JAL508,CTS,HND,11:25,13:05,新千歳,羽田
2026-09-28,JAL2504,CTS,KIX,11:50,14:05,新千歳,関西国際
2026-09-28,JAL2004,CTS,ITM,12:05,14:00,新千歳,伊丹
2026-09-28,JAL2715,CTS,MMB,12:30,13:15,新千歳,女満別
2026-09-28,JAL510,CTS,HND,12:45,14:30,新千歳,羽田
2026-09-28,JAL3512,CTS,FUK,13:30,15:55,新千歳,福岡
2026-09-28,JAL4324,CTS,FSZ,13:35,15:30,新千歳,静岡
2026-09-28,JAL2805,CTS,AOJ,13:40,14:25,新千歳,青森
2026-09-28,JAL512,CTS,HND,14:00,15:40,新千歳,羽田
2026-09-28,JAL4485,CTS,KIJ,14:05,15:25,新千歳,新潟
2026-09-28,JAL4491,CTS,GAJ,14:35,15:50,新千歳,山形
2026-09-28,JAL2904,CTS,SDJ,14:35,15:40,新千歳,仙台
2026-09-28,JAL3406,CTS,HIJ,15:00,17:05,新千歳,広島
2026-09-28,JAL3114,CTS,NGO,15:05,16:50,新千歳,中部国際
2026-09-28,JAL2008,CTS,ITM,15:05,17:00,新千歳,伊丹
2026-09-28,JAL514,CTS,HND,15:10,16:55,新千歳,羽田
2026-09-28,JAL4353,CTS,MMJ,15:40,17:15,新千歳,松本
2026-09-28,JAL2010,CTS,ITM,15:55,17:45,新千歳,伊丹
2026-09-28,JAL516,CTS,HND,16:05,17:45,新千歳,羽田
2026-09-28,JAL2719,CTS,MMB,16:10,16:50,新千歳,女満別
2026-09-28,JAL2839,CTS,HNA,16:30,17:25,新千歳,花巻
2026-09-28,JAL518,CTS,HND,17:00,18:45,新千歳,羽田
2026-09-28,JAL520,CTS,HND,17:15,18:55,新千歳,羽田
2026-09-28,JAL2016,CTS,ITM,17:45,19:40,新千歳,伊丹
2026-09-28,JAL2506,CTS,KIX,17:55,20:10,新千歳,関西国際
2026-09-28,JAL522,CTS,HND,18:00,19:45,新千歳,羽田
2026-09-28,JAL4472,CTS,FUK,18:05,20:55,新千歳,福岡
2026-09-28,JAL2809,CTS,AOJ,18:45,19:30,新千歳,青森
2026-09-28,JAL2906,CTS,SDJ,18:55,20:00,新千歳,仙台
2026-09-28,JAL524,CTS,HND,19:15,20:55,新千歳,羽田
2026-09-28,JAL2910,CTS,SDJ,19:45,20:50,新千歳,仙台
2026-09-28,JAL3118,CTS,NGO,19:55,21:40,新千歳,中部国際
2026-09-28,JAL526,CTS,HND,20:15,21:55,新千歳,羽田
2026-09-28,JAL528,CTS,HND,21:10,22:55,新千歳,羽田
2026-09-28,JAL530,CTS,HND,21:20,23:05,新千歳,羽田
2026-09-28,JAL4312,FSZ,FUK,08:10,09:50,静岡,福岡
2026-09-28,JAL4331,FSZ,OKD,08:55,10:40,静岡,丘珠
2026-09-28,JAL4323,FSZ,CTS,12:10,14:00,静岡,新千歳
2026-09-28,JAL4305,FSZ,KOJ,12:40,14:15,静岡,鹿児島
2026-09-28,JAL4314,FSZ,FUK,16:15,18:00,静岡,福岡
2026-09-28,JAL4316,FSZ,FUK,17:00,18:45,静岡,福岡
2026-09-28,JAL4094,FUJ,FUK,10:50,11:35,五島福江,福岡
2026-09-28,JAL4074,FUJ,NGS,13:40,14:10,五島福江,長崎
2026-09-28,JAL4098,FUJ,FUK,14:20,15:05,五島福江,福岡
2026-09-28,JAL4078,FUJ,NGS,17:00,17:30,五島福江,長崎
2026-09-28,JAL4096,FUJ,FUK,17:55,18:40,五島福江,福岡
2026-09-28,JAL300,FUK,HND,07:00,08:45,福岡,羽田
2026-09-28,JAL3681,FUK,ASJ,07:05,08:15,福岡,奄美
2026-09-28,JAL3591,FUK,MYJ,07:10,07:55,福岡,松山
2026-09-28,JAL3551,FUK,IZO,07:15,08:25,福岡,出雲
2026-09-28,JAL3623,FUK,KMI,07:15,08:00,福岡,宮崎
2026-09-28,JTA051,FUK,OKA,07:15,08:50,福岡,那覇
2026-09-28,JAL302,FUK,HND,07:20,09:05,福岡,羽田
2026-09-28,JAL4471,FUK,CTS,07:45,10:05,福岡,新千歳
2026-09-28,JAL4079,FUK,TSJ,07:45,08:20,福岡,対馬
2026-09-28,JAL2050,FUK,ITM,07:50,08:55,福岡,伊丹
2026-09-28,JAL4341,FUK,MMJ,08:00,09:30,福岡,松本
2026-09-28,JAL304,FUK,HND,08:05,09:50,福岡,羽田
2026-09-28,JAL4529,FUK,SDJ,08:55,10:45,福岡,仙台
2026-09-28,JAL3581,FUK,KCZ,09:00,09:55,福岡,高知
2026-09-28,JAL306,FUK,HND,09:10,10:55,福岡,羽田
2026-09-28,JTA053,FUK,OKA,09:30,11:15,福岡,那覇
2026-09-28,JAL3625,FUK,KMI,09:45,10:35,福岡,宮崎
2026-09-28,JAL3563,FUK,TKS,09:55,10:55,福岡,徳島
2026-09-28,JAL4313,FUK,FSZ,09:55,11:25,福岡,静岡
2026-09-28,JAL4081,FUK,TSJ,09:55,10:30,福岡,対馬
2026-09-28,JAL308,FUK,HND,10:00,11:45,福岡,羽田
2026-09-28,JAL4315,FUK,FSZ,10:25,11:55,福岡,静岡
2026-09-28,JAL310,FUK,HND,11:00,12:50,福岡,羽田
2026-09-28,JAL3627,FUK,KMI,11:40,12:30,福岡,宮崎
2026-09-28,JAL3513,FUK,CTS,11:50,14:10,福岡,新千歳
2026-09-28,JAL312,FUK,HND,11:55,13:40,福岡,羽田
2026-09-28,JAL3595,FUK,MYJ,11:55,12:40,福岡,松山
2026-09-28,JAL4095,FUK,FUJ,12:10,13:00,福岡,五島福江
2026-09-28,JAL3629,FUK,KMI,12:40,13:25,福岡,宮崎
2026-09-28,JAL314,FUK,HND,12:50,14:40,福岡,羽田
2026-09-28,JAL3653,FUK,KOJ,12:50,13:40,福岡,鹿児島
2026-09-28,JAL4525,FUK,HNA,12:55,14:50,福岡,花巻
2026-09-28,JTA057,FUK,OKA,12:55,14:40,福岡,那覇
2026-09-28,JAL3601,FUK,MYJ,13:30,14:15,福岡,松山
2026-09-28,JAL3673,FUK,KUM,13:50,15:00,福岡,屋久島
2026-09-28,JAL4345,FUK,MMJ,13:55,15:25,福岡,松本
2026-09-28,JAL316,FUK,HND,14:00,15:50,福岡,羽田
2026-09-28,JAL3515,FUK,CTS,14:15,16:30,福岡,新千歳
2026-09-28,JAL318,FUK,HND,14:30,16:25,福岡,羽田
2026-09-28,JAL3633,FUK,KMI,14:30,15:20,福岡,宮崎
2026-09-28,JAL4390,FUK,NKM,14:55,16:15,福岡,名古屋
2026-09-28,JAL2056,FUK,ITM,15:00,16:15,福岡,伊丹
2026-09-28,JAL4531,FUK,SDJ,15:25,17:15,福岡,仙台
2026-09-28,JAL3635,FUK,KMI,15:25,16:10,福岡,宮崎
2026-09-28,JAL4099,FUK,FUJ,15:40,16:30,福岡,五島福江
2026-09-28,JAL2058,FUK,ITM,15:50,17:00,福岡,伊丹
2026-09-28,JTA061,FUK,OKA,15:55,17:35,福岡,那覇
2026-09-28,JAL320,FUK,HND,16:00,17:50,福岡,羽田
2026-09-28,JAL3587,FUK,KCZ,16:10,17:00,福岡,高知
2026-09-28,JAL322,FUK,HND,16:30,18:20,福岡,羽田
2026-09-28,JAL4477,FUK,KIJ,16:35,18:15,福岡,新潟
2026-09-28,JAL4097,FUK,FUJ,16:40,17:25,福岡,五島福江
2026-09-28,JAL3895,FUK,AXJ,16:55,17:30,福岡,天草
2026-09-28,JAL324,FUK,HND,17:05,18:55,福岡,羽田
2026-09-28,JTA063,FUK,OKA,17:25,19:05,福岡,那覇
2026-09-28,JAL3555,FUK,IZO,17:35,18:45,福岡,出雲
2026-09-28,JAL3607,FUK,MYJ,17:40,18:25,福岡,松山
2026-09-28,JAL326,FUK,HND,18:15,20:05,福岡,羽田
2026-09-28,JAL3567,FUK,TKS,18:20,19:20,福岡,徳島
2026-09-28,JAL4317,FUK,FSZ,18:50,20:20,福岡,静岡
2026-09-28,JAL2060,FUK,ITM,19:00,20:20,福岡,伊丹
2026-09-28,JAL328,FUK,HND,19:10,20:55,福岡,羽田
2026-09-28,JAL4392,FUK,NKM,19:15,20:35,福岡,名古屋
2026-09-28,JAL3639,FUK,KMI,19:15,20:00,福岡,宮崎
2026-09-28,JAL330,FUK,HND,20:00,21:45,福岡,羽田
2026-09-28,JAL4394,FUK,NKM,20:00,21:20,福岡,名古屋
2026-09-28,JTA065,FUK,OKA,20:55,22:30,福岡,那覇
2026-09-28,JAL332,FUK,HND,21:00,22:45,福岡,羽田
2026-09-28,JAL2234,GAJ,ITM,08:50,10:10,山形,伊丹
2026-09-28,JAL174,GAJ,HND,09:50,10:55,山形,羽田
2026-09-28,JAL4442,GAJ,NKM,10:40,11:50,山形,名古屋
2026-09-28,JAL4490,GAJ,CTS,13:55,15:05,山形,新千歳
2026-09-28,JAL2236,GAJ,ITM,14:50,16:10,山形,伊丹
2026-09-28,JAL4446,GAJ,NKM,16:20,17:30,山形,名古屋
2026-09-28,JAL2238,GAJ,ITM,18:05,19:20,山形,伊丹
2026-09-28,JAL178,GAJ,HND,19:10,20:15,山形,羽田
2026-09-28,JAL252,HIJ,HND,07:35,09:00,広島,羽田
2026-09-28,JAL254,HIJ,HND,09:25,10:50,広島,羽田
2026-09-28,JAL3403,HIJ,CTS,10:50,12:45,広島,新千歳
2026-09-28,JAL256,HIJ,HND,12:10,13:35,広島,羽田
2026-09-28,JAL258,HIJ,HND,13:45,15:10,広島,羽田
2026-09-28,JAL262,HIJ,HND,16:25,17:55,広島,羽田
2026-09-28,JAL264,HIJ,HND,18:10,19:40,広島,羽田
2026-09-28,JAL266,HIJ,HND,20:35,22:00,広島,羽田
2026-09-28,JAL2740,HKD,OKD,07:50,08:30,函館,丘珠
2026-09-28,JAL2742,HKD,OKD,08:45,09:25,函館,丘珠
2026-09-28,JAL2744,HKD,OKD,09:30,10:10,函館,丘珠
2026-09-28,JAL584,HKD,HND,09:40,11:10,函館,羽田
2026-09-28,JAL2791,HKD,OIR,11:45,12:15,函館,奥尻
2026-09-28,JAL2124,HKD,ITM,13:10,14:50,函館,伊丹
2026-09-28,JAL2748,HKD,OKD,13:45,14:25,函館,丘珠
2026-09-28,JAL2750,HKD,OKD,14:00,14:40,函館,丘珠
2026-09-28,JAL586,HKD,HND,15:00,16:25,函館,羽田
2026-09-28,JAL2752,HKD,OKD,15:55,16:35,函館,丘珠
2026-09-28,JAL2756,HKD,OKD,19:15,19:55,函館,丘珠
2026-09-28,JAL588,HKD,HND,19:30,21:00,函館,羽田
2026-09-28,JAL4412,HNA,NKM,09:10,10:25,花巻,名古屋
2026-09-28,JAL2180,HNA,ITM,09:20,10:45,花巻,伊丹
2026-09-28,JAL2830,HNA,CTS,11:40,12:35,花巻,新千歳
2026-09-28,JAL2182,HNA,ITM,13:30,14:55,花巻,伊丹
2026-09-28,JAL4524,HNA,FUK,13:55,16:05,花巻,福岡
2026-09-28,JAL4416,HNA,NKM,15:20,16:35,花巻,名古屋
2026-09-28,JAL2186,HNA,ITM,15:25,16:50,花巻,伊丹
2026-09-28,JAL4418,HNA,NKM,17:40,18:55,花巻,名古屋
2026-09-28,JAL2838,HNA,CTS,17:55,18:55,花巻,新千歳
2026-09-28,JAL2190,HNA,ITM,18:40,20:15,花巻,伊丹
2026-09-28,JAL623,HND,KMJ,06:20,08:00,羽田,熊本
2026-09-28,JAL303,HND,FUK,06:25,08:10,羽田,福岡
2026-09-28,JAL641,HND,KOJ,06:25,08:05,羽田,鹿児島
2026-09-28,JAL101,HND,ITM,06:30,07:35,羽田,伊丹
2026-09-28,JAL901,HND,OKA,06:30,09:00,羽田,那覇
2026-09-28,JAL501,HND,CTS,06:35,08:05,羽田,新千歳
2026-09-28,JAL141,HND,AOJ,06:45,07:55,羽田,青森
2026-09-28,JAL431,HND,MYJ,06:50,08:15,羽田,松山
2026-09-28,JAL161,HND,AXT,07:00,08:05,羽田,秋田
2026-09-28,JAL453,HND,TKS,07:00,08:10,羽田,徳島
2026-09-28,JAL565,HND,MMB,07:05,08:45,羽田,女満別
2026-09-28,JAL305,HND,FUK,07:05,08:50,羽田,福岡
2026-09-28,JAL971,HND,ISG,07:05,09:55,羽田,新石垣
2026-09-28,JAL183,HND,KMQ,07:10,08:10,羽田,小松
2026-09-28,JAL277,HND,IZO,07:10,08:30,羽田,出雲
2026-09-28,JAL503,HND,CTS,07:15,08:45,羽田,新千歳
2026-09-28,JAL175,HND,GAJ,07:20,08:15,羽田,山形
2026-09-28,JAL221,HND,KIX,07:20,08:35,羽田,関西国際
2026-09-28,JAL903,HND,OKA,07:20,09:50,羽田,那覇
2026-09-28,JAL253,HND,HIJ,07:25,08:40,羽田,広島
2026-09-28,JAL585,HND,HKD,07:30,08:50,羽田,函館
2026-09-28,JAL103,HND,ITM,07:30,08:35,羽田,伊丹
2026-09-28,JAL491,HND,KCZ,07:30,08:50,羽田,高知
2026-09-28,JAL605,HND,NGS,07:30,09:15,羽田,長崎
2026-09-28,JAL551,HND,AKJ,07:35,09:10,羽田,旭川
2026-09-28,JAL541,HND,KUH,07:45,09:20,羽田,釧路
2026-09-28,JAL573,HND,OBO,07:45,09:15,羽田,帯広
2026-09-28,JAL213,HND,SHM,07:45,08:55,羽田,南紀白浜
2026-09-28,JAL475,HND,TAK,07:50,09:05,羽田,高松
2026-09-28,JAL291,HND,UBJ,08:00,09:40,羽田,山口宇部
2026-09-28,JAL307,HND,FUK,08:00,09:45,羽田,福岡
2026-09-28,JAL661,HND,OIT,08:00,09:35,羽田,大分
2026-09-28,JAL625,HND,KMJ,08:00,09:45,羽田,熊本
2026-09-28,JAL153,HND,MSJ,08:05,09:20,羽田,三沢
2026-09-28,JAL687,HND,KMI,08:05,09:45,羽田,宮崎
2026-09-28,JAL643,HND,KOJ,08:05,09:50,羽田,鹿児島
2026-09-28,JAL905,HND,OKA,08:05,10:40,羽田,那覇
2026-09-28,JAL201,HND,NGO,08:15,09:10,羽田,中部国際
2026-09-28,JAL231,HND,OKJ,08:15,09:30,羽田,岡山
2026-09-28,JAL373,HND,KKJ,08:15,09:50,羽田,北九州
2026-09-28,JAL505,HND,CTS,08:20,09:55,羽田,新千歳
2026-09-28,JAL107,HND,ITM,08:30,09:35,羽田,伊丹
2026-09-28,JAL907,HND,OKA,08:40,11:15,羽田,那覇
2026-09-28,JAL507,HND,CTS,08:50,10:25,羽田,新千歳
2026-09-28,JAL255,HND,HIJ,08:50,10:10,羽田,広島
2026-09-28,JAL309,HND,FUK,09:05,10:55,羽田,福岡
2026-09-28,JAL433,HND,MYJ,09:15,10:40,羽田,松山
2026-09-28,JAL493,HND,KCZ,09:15,10:35,羽田,高知
2026-09-28,JAL311,HND,FUK,09:15,11:05,羽田,福岡
2026-09-28,JAL185,HND,KMQ,09:30,10:35,羽田,小松
2026-09-28,JAL111,HND,ITM,09:35,10:40,羽田,伊丹
2026-09-28,JAL663,HND,OIT,09:35,11:10,羽田,大分
2026-09-28,JAL909,HND,OKA,09:40,12:15,羽田,那覇
2026-09-28,JAL509,HND,CTS,09:45,11:20,羽田,新千歳
2026-09-28,JAL279,HND,IZO,09:50,11:15,羽田,出雲
2026-09-28,JAL477,HND,TAK,09:50,11:05,羽田,高松
2026-09-28,JAL689,HND,KMI,09:55,11:35,羽田,宮崎
2026-09-28,JAL143,HND,AOJ,10:00,11:20,羽田,青森
2026-09-28,JAL313,HND,FUK,10:00,11:45,羽田,福岡
2026-09-28,JAL627,HND,KMJ,10:00,11:45,羽田,熊本
2026-09-28,JAL607,HND,NGS,10:05,11:55,羽田,長崎
2026-09-28,JAL645,HND,KOJ,10:05,11:50,羽田,鹿児島
2026-09-28,JAL257,HND,HIJ,10:10,11:30,羽田,広島
2026-09-28,JAL511,HND,CTS,10:15,11:50,羽田,新千歳
2026-09-28,JAL233,HND,OKJ,10:20,11:40,羽田,岡山
2026-09-28,JAL455,HND,TKS,10:25,11:40,羽田,徳島
2026-09-28,JAL163,HND,AXT,10:30,11:35,羽田,秋田
2026-09-28,JAL113,HND,ITM,10:30,11:35,羽田,伊丹
2026-09-28,JAL913,HND,OKA,10:35,13:10,羽田,那覇
2026-09-28,JAL933,HND,MMY,10:40,13:25,羽田,宮古
2026-09-28,JAL155,HND,MSJ,10:45,12:05,羽田,三沢
2026-09-28,JAL575,HND,OBO,11:00,12:35,羽田,帯広
2026-09-28,JAL315,HND,FUK,11:00,12:50,羽田,福岡
2026-09-28,JAL479,HND,TAK,11:05,12:25,羽田,高松
2026-09-28,JAL553,HND,AKJ,11:10,12:50,羽田,旭川
2026-09-28,JAL513,HND,CTS,11:25,13:05,羽田,新千歳
2026-09-28,JAL629,HND,KMJ,11:25,13:10,羽田,熊本
2026-09-28,JAL659,HND,ASJ,11:25,13:35,羽田,奄美
2026-09-28,JAL115,HND,ITM,11:30,12:35,羽田,伊丹
2026-09-28,JAL215,HND,SHM,11:30,12:40,羽田,南紀白浜
2026-09-28,JAL987,HND,OKA,11:30,14:05,羽田,那覇
2026-09-28,JAL259,HND,HIJ,11:40,13:05,羽田,広島
2026-09-28,JAL691,HND,KMI,11:40,13:25,羽田,宮崎
2026-09-28,JAL317,HND,FUK,11:55,13:45,羽田,福岡
2026-09-28,JAL915,HND,OKA,11:55,14:30,羽田,那覇
2026-09-28,JAL647,HND,KOJ,12:00,13:45,羽田,鹿児島
2026-09-28,JAL665,HND,OIT,12:05,13:40,羽田,大分
2026-09-28,JAL435,HND,MYJ,12:10,13:35,羽田,松山
2026-09-28,JAL543,HND,KUH,12:15,13:50,羽田,釧路
2026-09-28,JAL567,HND,MMB,12:25,14:10,羽田,女満別
2026-09-28,JAL117,HND,ITM,12:30,13:35,羽田,伊丹
2026-09-28,JAL609,HND,NGS,12:30,14:20,羽田,長崎
2026-09-28,JAL225,HND,KIX,12:35,14:00,羽田,関西国際
2026-09-28,JAL515,HND,CTS,12:40,14:15,羽田,新千歳
2026-09-28,JAL459,HND,TKS,12:40,14:00,羽田,徳島
2026-09-28,JAL293,HND,UBJ,12:45,14:20,羽田,山口宇部
2026-09-28,JAL587,HND,HKD,12:50,14:10,羽田,函館
2026-09-28,JAL631,HND,KMJ,12:50,14:35,羽田,熊本
2026-09-28,JAL319,HND,FUK,12:55,14:40,羽田,福岡
2026-09-28,JAL481,HND,TAK,13:00,14:15,羽田,高松
2026-09-28,JAL187,HND,KMQ,13:05,14:10,羽田,小松
2026-09-28,JAL145,HND,AOJ,13:15,14:30,羽田,青森
2026-09-28,JAL517,HND,CTS,13:30,15:05,羽田,新千歳
2026-09-28,JAL119,HND,ITM,13:30,14:35,羽田,伊丹
2026-09-28,JAL611,HND,NGS,13:30,15:20,羽田,長崎
2026-09-28,JAL375,HND,KKJ,13:40,15:15,羽田,北九州
2026-09-28,JAL321,HND,FUK,13:45,15:30,羽田,福岡
2026-09-28,JAL577,HND,OBO,13:50,15:25,羽田,帯広
2026-09-28,JAL917,HND,OKA,13:55,16:25,羽田,那覇
2026-09-28,JAL555,HND,AKJ,14:05,15:40,羽田,旭川
2026-09-28,JAL495,HND,KCZ,14:05,15:25,羽田,高知
2026-09-28,JAL263,HND,HIJ,14:15,15:40,羽田,広島
2026-09-28,JAL649,HND,KOJ,14:15,15:55,羽田,鹿児島
2026-09-28,JAL693,HND,KMI,14:20,16:00,羽田,宮崎
2026-09-28,JAL519,HND,CTS,14:25,16:00,羽田,新千歳
2026-09-28,JAL237,HND,OKJ,14:30,15:45,羽田,岡山
2026-09-28,JAL121,HND,ITM,14:35,15:40,羽田,伊丹
2026-09-28,JAL633,HND,KMJ,14:40,16:20,羽田,熊本
2026-09-28,JAL165,HND,AXT,14:50,15:55,羽田,秋田
2026-09-28,JAL973,HND,ISG,14:50,17:40,羽田,新石垣
2026-09-28,JAL157,HND,MSJ,14:55,16:10,羽田,三沢
2026-09-28,JAL125,HND,ITM,14:55,16:00,羽田,伊丹
2026-09-28,JAL283,HND,IZO,14:55,16:15,羽田,出雲
2026-09-28,JAL667,HND,OIT,15:05,16:40,羽田,大分
2026-09-28,JAL483,HND,TAK,15:10,16:30,羽田,高松
2026-09-28,JAL919,HND,OKA,15:10,17:40,羽田,那覇
2026-09-28,JAL521,HND,CTS,15:25,17:00,羽田,新千歳
2026-09-28,JAL323,HND,FUK,15:25,17:15,羽田,福岡
2026-09-28,JAL437,HND,MYJ,15:30,16:55,羽田,松山
2026-09-28,JAL461,HND,TKS,15:40,16:55,羽田,徳島
2026-09-28,JAL325,HND,FUK,15:55,17:50,羽田,福岡
2026-09-28,JAL921,HND,OKA,15:55,18:25,羽田,那覇
2026-09-28,JAL147,HND,AOJ,16:00,17:10,羽田,青森
2026-09-28,JAL695,HND,KMI,16:25,18:00,羽田,宮崎
2026-09-28,JAL127,HND,ITM,16:30,17:35,羽田,伊丹
2026-09-28,JAL219,HND,SHM,16:30,17:40,羽田,南紀白浜
2026-09-28,JAL651,HND,KOJ,16:30,18:10,羽田,鹿児島
2026-09-28,JAL523,HND,CTS,16:40,18:20,羽田,新千歳
2026-09-28,JAL669,HND,OIT,16:40,18:15,羽田,大分
2026-09-28,JAL295,HND,UBJ,16:45,18:20,羽田,山口宇部
2026-09-28,JAL189,HND,KMQ,16:50,17:55,羽田,小松
2026-09-28,JAL285,HND,IZO,16:55,18:25,羽田,出雲
2026-09-28,JAL439,HND,MYJ,16:55,18:20,羽田,松山
2026-09-28,JAL497,HND,KCZ,16:55,18:15,羽田,高知
2026-09-28,JAL923,HND,OKA,16:55,19:30,羽田,那覇
2026-09-28,JAL327,HND,FUK,17:00,19:00,羽田,福岡
2026-09-28,JAL159,HND,MSJ,17:05,18:30,羽田,三沢
2026-09-28,JAL589,HND,HKD,17:10,18:35,羽田,函館
2026-09-28,JAL569,HND,MMB,17:15,19:10,羽田,女満別
2026-09-28,JAL545,HND,KUH,17:15,19:05,羽田,釧路
2026-09-28,JAL557,HND,AKJ,17:30,19:15,羽田,旭川
2026-09-28,JAL179,HND,GAJ,17:30,18:35,羽田,山形
2026-09-28,JAL239,HND,OKJ,17:30,18:45,羽田,岡山
2026-09-28,JAL525,HND,CTS,17:35,19:15,羽田,新千歳
2026-09-28,JAL579,HND,OBO,17:35,19:20,羽田,帯広
2026-09-28,JAL131,HND,ITM,17:35,18:40,羽田,伊丹
2026-09-28,JAL637,HND,KMJ,17:35,19:20,羽田,熊本
2026-09-28,JAL613,HND,NGS,17:45,19:40,羽田,長崎
2026-09-28,JAL329,HND,FUK,17:55,19:50,羽田,福岡
2026-09-28,JAL653,HND,KOJ,17:55,19:40,羽田,鹿児島
2026-09-28,JAL133,HND,ITM,18:00,19:10,羽田,伊丹
2026-09-28,JAL287,HND,IZO,18:15,19:45,羽田,出雲
2026-09-28,JAL265,HND,HIJ,18:20,19:45,羽田,広島
2026-09-28,JAL463,HND,TKS,18:20,19:35,羽田,徳島
2026-09-28,JAL377,HND,KKJ,18:25,20:00,羽田,北九州
2026-09-28,JAL527,HND,CTS,18:40,20:15,羽田,新千歳
2026-09-28,JAL149,HND,AOJ,18:40,19:55,羽田,青森
2026-09-28,JAL137,HND,ITM,18:40,19:50,羽田,伊丹
2026-09-28,JAL485,HND,TAK,18:40,19:55,羽田,高松
2026-09-28,JAL191,HND,KMQ,18:45,19:50,羽田,小松
2026-09-28,JAL331,HND,FUK,18:45,20:35,羽田,福岡
2026-09-28,JAL499,HND,KCZ,18:55,20:15,羽田,高知
2026-09-28,JAL697,HND,KMI,18:55,20:35,羽田,宮崎
2026-09-28,JAL297,HND,UBJ,19:00,20:35,羽田,山口宇部
2026-09-28,JAL167,HND,AXT,19:10,20:15,羽田,秋田
2026-09-28,JAL139,HND,ITM,19:10,20:30,羽田,伊丹
2026-09-28,JAL639,HND,KMJ,19:10,20:55,羽田,熊本
2026-09-28,JAL333,HND,FUK,19:15,21:05,羽田,福岡
2026-09-28,JAL655,HND,KOJ,19:25,21:05,羽田,鹿児島
2026-09-28,JAL615,HND,NGS,19:30,21:20,羽田,長崎
2026-09-28,JAL335,HND,FUK,19:35,21:30,羽田,福岡
2026-09-28,JAL241,HND,OKJ,19:40,20:55,羽田,岡山
2026-09-28,JAL443,HND,MYJ,19:45,21:10,羽田,松山
2026-09-28,JAL465,HND,TKS,19:45,20:55,羽田,徳島
2026-09-28,JAL151,HND,AOJ,19:50,21:05,羽田,青森
2026-09-28,JAL529,HND,CTS,19:55,21:30,羽田,新千歳
2026-09-28,JAL209,HND,NGO,19:55,20:55,羽田,中部国際
2026-09-28,JAL267,HND,HIJ,19:55,21:20,羽田,広島
2026-09-28,JAL925,HND,OKA,20:05,22:30,羽田,那覇
2026-09-28,JAL487,HND,TAK,20:15,21:30,羽田,高松
2026-09-28,JAL671,HND,OIT,20:15,21:45,羽田,大分
2026-09-28,JAL599,HND,CTS,20:30,22:05,羽田,新千歳
2026-09-28,JAL193,HND,KMQ,20:40,21:40,羽田,小松
2026-09-28,JAL229,HND,KIX,20:40,21:55,羽田,関西国際
2026-09-28,JAL531,HND,CTS,20:45,22:20,羽田,新千歳
2026-09-28,JAL4042,IKI,NGS,09:55,10:25,壱岐,長崎
2026-09-28,JAL4044,IKI,NGS,17:50,18:20,壱岐,長崎
2026-09-28,JTA600,ISG,OKA,08:55,10:00,新石垣,那覇
2026-09-28,RAC741,ISG,OGN,09:55,10:25,新石垣,与那国
2026-09-28,JAL972,ISG,HND,11:10,14:05,新石垣,羽田
2026-09-28,JTA608,ISG,OKA,11:15,12:20,新石垣,那覇
2026-09-28,RAC743,ISG,OGN,12:35,13:05,新石垣,与那国
2026-09-28,JTA612,ISG,OKA,13:00,14:05,新石垣,那覇
2026-09-28,JTA614,ISG,OKA,14:00,15:00,新石垣,那覇
2026-09-28,RAC834,ISG,MMY,14:45,15:15,新石垣,宮古
2026-09-28,JTA622,ISG,OKA,16:25,17:25,新石垣,那覇
2026-09-28,RAC747,ISG,OGN,17:50,18:20,新石垣,与那国
2026-09-28,JTA626,ISG,OKA,18:40,19:45,新石垣,那覇
2026-09-28,RAC838,ISG,MMY,19:00,19:30,新石垣,宮古
2026-09-28,JAL974,ISG,HND,19:15,22:10,新石垣,羽田
2026-09-28,JTA086,ISG,KIX,19:50,22:15,新石垣,関西国際
2026-09-28,JAL102,ITM,HND,07:05,08:15,伊丹,羽田
2026-09-28,JAL2371,ITM,NGS,07:05,08:15,伊丹,長崎
2026-09-28,JAL2401,ITM,KOJ,07:05,08:15,伊丹,鹿児島
2026-09-28,JAL2241,ITM,KIJ,07:10,08:15,伊丹,新潟
2026-09-28,JAL2345,ITM,IZO,07:10,08:00,伊丹,出雲
2026-09-28,JAL2431,ITM,KMI,07:10,08:15,伊丹,宮崎
2026-09-28,JAL2051,ITM,FUK,07:15,08:25,伊丹,福岡
2026-09-28,JAL2361,ITM,OIT,07:15,08:15,伊丹,大分
2026-09-28,JAL2201,ITM,SDJ,07:20,08:35,伊丹,仙台
2026-09-28,JAL2181,ITM,HNA,07:25,08:50,伊丹,花巻
2026-09-28,JAL104,ITM,HND,07:25,08:40,伊丹,羽田
2026-09-28,JAL2383,ITM,KMJ,07:30,08:40,伊丹,熊本
2026-09-28,JAL2001,ITM,CTS,07:40,09:30,伊丹,新千歳
2026-09-28,JAL2151,ITM,AOJ,07:45,09:15,伊丹,青森
2026-09-28,JAL2171,ITM,AXT,07:55,09:10,伊丹,秋田
2026-09-28,JAL2233,ITM,GAJ,08:00,09:15,伊丹,山形
2026-09-28,JAL2081,ITM,OKA,08:20,10:25,伊丹,那覇
2026-09-28,JAL106,ITM,HND,08:25,09:35,伊丹,羽田
2026-09-28,JAL2323,ITM,TJH,09:00,09:40,伊丹,但馬
2026-09-28,JAL2161,ITM,MSJ,09:15,10:45,伊丹,三沢
2026-09-28,JAL110,ITM,HND,09:20,10:35,伊丹,羽田
2026-09-28,JAL2405,ITM,KOJ,09:20,10:30,伊丹,鹿児島
2026-09-28,JAL2203,ITM,SDJ,09:30,10:45,伊丹,仙台
2026-09-28,JAL2301,ITM,MYJ,09:30,10:15,伊丹,松山
2026-09-28,JAL2465,ITM,ASJ,09:35,11:10,伊丹,奄美
2026-09-28,JAL2053,ITM,FUK,09:50,11:00,伊丹,福岡
2026-09-28,JAL2365,ITM,OIT,10:10,11:05,伊丹,大分
2026-09-28,JAL2351,ITM,IZO,10:20,11:10,伊丹,出雲
2026-09-28,JAL2385,ITM,KMJ,10:20,11:25,伊丹,熊本
2026-09-28,JAL112,ITM,HND,10:25,11:35,伊丹,羽田
2026-09-28,JAL2243,ITM,KIJ,10:35,11:35,伊丹,新潟
2026-09-28,JAL2433,ITM,KMI,10:35,11:35,伊丹,宮崎
2026-09-28,JAL2123,ITM,HKD,11:00,12:35,伊丹,函館
2026-09-28,JAL2205,ITM,SDJ,11:00,12:15,伊丹,仙台
2026-09-28,JAL2407,ITM,KOJ,11:05,12:15,伊丹,鹿児島
2026-09-28,JAL2373,ITM,NGS,11:20,12:30,伊丹,長崎
2026-09-28,JAL114,ITM,HND,11:25,12:40,伊丹,羽田
2026-09-28,JAL2451,ITM,KUM,11:25,13:10,伊丹,屋久島
2026-09-28,JAL2005,ITM,CTS,11:45,13:35,伊丹,新千歳
2026-09-28,JAL2183,ITM,HNA,11:45,13:00,伊丹,花巻
2026-09-28,JAL2153,ITM,AOJ,12:00,13:25,伊丹,青森
2026-09-28,JAL2173,ITM,AXT,12:20,13:35,伊丹,秋田
2026-09-28,JAL116,ITM,HND,12:25,13:40,伊丹,羽田
2026-09-28,JAL2007,ITM,CTS,12:45,14:30,伊丹,新千歳
2026-09-28,JAL3881,ITM,KMJ,12:50,14:20,伊丹,熊本
2026-09-28,JAL2375,ITM,NGS,13:00,14:15,伊丹,長崎
2026-09-28,JAL2235,ITM,GAJ,13:10,14:20,伊丹,山形
2026-09-28,JAL2057,ITM,FUK,13:10,14:20,伊丹,福岡
2026-09-28,JAL118,ITM,HND,13:25,14:40,伊丹,羽田
2026-09-28,JAL2185,ITM,HNA,13:35,14:55,伊丹,花巻
2026-09-28,JAL2331,ITM,OKI,13:45,14:35,伊丹,隠岐
2026-09-28,JAL2207,ITM,SDJ,13:50,15:00,伊丹,仙台
2026-09-28,JAL2387,ITM,KMJ,13:50,14:55,伊丹,熊本
2026-09-28,JAL120,ITM,HND,14:20,15:35,伊丹,羽田
2026-09-28,JAL2247,ITM,KIJ,14:30,15:30,伊丹,新潟
2026-09-28,JAL3006,ITM,NRT,14:35,16:00,伊丹,成田
2026-09-28,JAL2355,ITM,IZO,14:35,15:25,伊丹,出雲
2026-09-28,JAL2087,ITM,OKA,14:50,16:50,伊丹,那覇
2026-09-28,JAL2009,ITM,CTS,15:15,17:00,伊丹,新千歳
2026-09-28,JAL2409,ITM,KOJ,15:15,16:20,伊丹,鹿児島
2026-09-28,JAL2209,ITM,SDJ,15:30,16:45,伊丹,仙台
2026-09-28,JAL124,ITM,HND,15:35,17:00,伊丹,羽田
2026-09-28,JAL2163,ITM,MSJ,15:40,17:10,伊丹,三沢
2026-09-28,JAL2411,ITM,KOJ,16:15,17:25,伊丹,鹿児島
2026-09-28,JAL2237,ITM,GAJ,16:25,17:35,伊丹,山形
2026-09-28,JAL2179,ITM,AXT,16:30,17:45,伊丹,秋田
2026-09-28,JAL126,ITM,HND,16:30,17:50,伊丹,羽田
2026-09-28,JAL2309,ITM,MYJ,16:30,17:15,伊丹,松山
2026-09-28,JAL2439,ITM,KMI,16:30,17:35,伊丹,宮崎
2026-09-28,JAL2187,ITM,HNA,16:45,18:10,伊丹,花巻
2026-09-28,JAL2157,ITM,AOJ,16:50,18:15,伊丹,青森
2026-09-28,JAL128,ITM,HND,16:50,18:10,伊丹,羽田
2026-09-28,JAL2325,ITM,TJH,16:55,17:30,伊丹,但馬
2026-09-28,JAL2213,ITM,SDJ,17:10,18:25,伊丹,仙台
2026-09-28,JAL2377,ITM,NGS,17:20,18:35,伊丹,長崎
2026-09-28,JAL2389,ITM,KMJ,17:25,18:30,伊丹,熊本
2026-09-28,JAL2415,ITM,KOJ,17:25,18:35,伊丹,鹿児島
2026-09-28,JAL2443,ITM,KMI,17:30,18:35,伊丹,宮崎
2026-09-28,JAL2251,ITM,KIJ,17:35,18:40,伊丹,新潟
2026-09-28,JAL2367,ITM,OIT,17:40,18:35,伊丹,大分
2026-09-28,JAL2357,ITM,IZO,18:05,18:55,伊丹,出雲
2026-09-28,JAL130,ITM,HND,18:25,19:40,伊丹,羽田
2026-09-28,JAL2019,ITM,CTS,18:40,20:25,伊丹,新千歳
2026-09-28,JAL134,ITM,HND,19:35,20:50,伊丹,羽田
2026-09-28,JAL2217,ITM,SDJ,19:50,21:05,伊丹,仙台
2026-09-28,JAL2061,ITM,FUK,19:55,21:10,伊丹,福岡
2026-09-28,JAL2445,ITM,KMI,19:55,21:00,伊丹,宮崎
2026-09-28,JAL138,ITM,HND,20:05,21:20,伊丹,羽田
2026-09-28,JAL2419,ITM,KOJ,20:05,21:15,伊丹,鹿児島
2026-09-28,JAL276,IZO,HND,07:35,09:00,出雲,羽田
2026-09-28,JAL2344,IZO,ITM,08:30,09:15,出雲,伊丹
2026-09-28,JAL4462,IZO,NKM,08:45,09:45,出雲,名古屋
2026-09-28,JAL3433,IZO,OKI,09:00,09:30,出雲,隠岐
2026-09-28,JAL278,IZO,HND,09:15,10:35,出雲,羽田
2026-09-28,JAL3550,IZO,FUK,11:00,12:10,出雲,福岡
2026-09-28,JAL2346,IZO,ITM,11:40,12:25,出雲,伊丹
2026-09-28,JAL280,IZO,HND,11:55,13:20,出雲,羽田
2026-09-28,JAL2356,IZO,ITM,16:00,16:45,出雲,伊丹
2026-09-28,JAL284,IZO,HND,17:15,18:50,出雲,羽田
2026-09-28,JAL4468,IZO,NKM,18:35,19:35,出雲,名古屋
2026-09-28,JAL286,IZO,HND,19:10,20:35,出雲,羽田
2026-09-28,JAL3554,IZO,FUK,19:15,20:25,出雲,福岡
2026-09-28,JAL2358,IZO,ITM,19:30,20:20,出雲,伊丹
2026-09-28,JAL490,KCZ,HND,07:10,08:30,高知,羽田
2026-09-28,JAL4512,KCZ,NGO,09:15,10:15,高知,中部国際
2026-09-28,JAL492,KCZ,HND,09:35,11:00,高知,羽田
2026-09-28,JAL3582,KCZ,FUK,10:25,11:25,高知,福岡
2026-09-28,JAL494,KCZ,HND,11:15,12:40,高知,羽田
2026-09-28,JAL496,KCZ,HND,16:15,17:45,高知,羽田
2026-09-28,JAL3588,KCZ,FUK,17:30,18:25,高知,福岡
2026-09-28,JAL498,KCZ,HND,19:00,20:25,高知,羽田
2026-09-28,JAL4378,KCZ,NKM,19:50,20:50,高知,名古屋
2026-09-28,JAL2240,KIJ,ITM,08:45,09:50,新潟,伊丹
2026-09-28,JAL4484,KIJ,CTS,11:45,13:00,新潟,新千歳
2026-09-28,JAL2244,KIJ,ITM,12:10,13:15,新潟,伊丹
2026-09-28,JAL4476,KIJ,FUK,12:30,14:20,新潟,福岡
2026-09-28,JAL2246,KIJ,ITM,16:00,17:05,新潟,伊丹
2026-09-28,JAL4486,KIJ,CTS,16:15,17:30,新潟,新千歳
2026-09-28,JAL4436,KIJ,NKM,18:45,19:45,新潟,名古屋
2026-09-28,JAL2250,KIJ,ITM,19:10,20:30,新潟,伊丹
2026-09-28,JAL220,KIX,HND,06:40,07:50,関西国際,羽田
2026-09-28,JTA121,KIX,MMY,07:40,09:55,関西国際,宮古
2026-09-28,JTA001,KIX,OKA,08:20,10:25,関西国際,那覇
2026-09-28,JAL2501,KIX,CTS,09:15,11:10,関西国際,新千歳
2026-09-28,JTA083,KIX,ISG,09:50,12:20,関西国際,新石垣
2026-09-28,JTA005,KIX,OKA,14:05,16:10,関西国際,那覇
2026-09-28,JAL224,KIX,HND,14:45,16:05,関西国際,羽田
2026-09-28,JAL2505,KIX,CTS,15:10,17:05,関西国際,新千歳
2026-09-28,JTA009,KIX,OKA,20:25,22:30,関西国際,那覇
2026-09-28,JAL228,KIX,HND,21:10,22:30,関西国際,羽田
2026-09-28,JAL374,KKJ,HND,10:35,12:10,北九州,羽田
2026-09-28,JAL376,KKJ,HND,15:55,17:40,北九州,羽田
2026-09-28,JAL378,KKJ,HND,20:45,22:20,北九州,羽田
2026-09-28,JAL3780,KKX,KOJ,09:20,10:25,喜界,鹿児島
2026-09-28,JAL3830,KKX,ASJ,10:15,10:35,喜界,奄美
2026-09-28,JAL3786,KKX,KOJ,15:15,16:20,喜界,鹿児島
2026-09-28,JAL3836,KKX,ASJ,16:30,16:50,喜界,奄美
2026-09-28,JAL688,KMI,HND,07:35,09:20,宮崎,羽田
2026-09-28,JAL2430,KMI,ITM,07:35,08:40,宮崎,伊丹
2026-09-28,JAL3624,KMI,FUK,08:30,09:20,宮崎,福岡
2026-09-28,JAL2432,KMI,ITM,08:45,09:50,宮崎,伊丹
2026-09-28,JAL690,KMI,HND,10:30,12:10,宮崎,羽田
2026-09-28,JAL3626,KMI,FUK,11:05,11:55,宮崎,福岡
2026-09-28,JAL692,KMI,HND,12:10,13:55,宮崎,羽田
2026-09-28,JAL2434,KMI,ITM,12:10,13:15,宮崎,伊丹
2026-09-28,JAL3628,KMI,FUK,13:00,13:55,宮崎,福岡
2026-09-28,JAL694,KMI,HND,14:00,15:45,宮崎,羽田
2026-09-28,JAL3630,KMI,FUK,14:00,14:55,宮崎,福岡
2026-09-28,JAL3634,KMI,FUK,15:50,16:40,宮崎,福岡
2026-09-28,JAL696,KMI,HND,16:50,18:35,宮崎,羽田
2026-09-28,JAL3636,KMI,FUK,16:50,17:45,宮崎,福岡
2026-09-28,JAL2440,KMI,ITM,18:05,19:20,宮崎,伊丹
2026-09-28,JAL698,KMI,HND,18:45,20:30,宮崎,羽田
2026-09-28,JAL2444,KMI,ITM,19:05,20:20,宮崎,伊丹
2026-09-28,JAL3642,KMI,FUK,20:35,21:30,宮崎,福岡
2026-09-28,JAL622,KMJ,HND,07:35,09:20,熊本,羽田
2026-09-28,JAL624,KMJ,HND,08:40,10:20,熊本,羽田
2026-09-28,JAL2382,KMJ,ITM,09:15,10:20,熊本,伊丹
2026-09-28,JAL4400,KMJ,NKM,09:45,11:05,熊本,名古屋
2026-09-28,JAL626,KMJ,HND,10:20,12:05,熊本,羽田
2026-09-28,JAL3880,KMJ,ITM,10:45,12:10,熊本,伊丹
2026-09-28,JAL2386,KMJ,ITM,12:00,13:05,熊本,伊丹
2026-09-28,JAL628,KMJ,HND,12:25,14:10,熊本,羽田
2026-09-28,JAL4534,KMJ,NGO,12:40,14:00,熊本,中部国際
2026-09-28,JAL630,KMJ,HND,13:50,15:35,熊本,羽田
2026-09-28,JAL3873,KMJ,AXJ,14:50,15:15,熊本,天草
2026-09-28,JAL632,KMJ,HND,15:20,17:10,熊本,羽田
2026-09-28,JAL2388,KMJ,ITM,15:30,16:35,熊本,伊丹
2026-09-28,JAL4536,KMJ,NGO,16:30,17:50,熊本,中部国際
2026-09-28,JAL634,KMJ,HND,17:20,19:05,熊本,羽田
2026-09-28,JAL2392,KMJ,ITM,19:00,20:20,熊本,伊丹
2026-09-28,JAL4408,KMJ,NKM,20:00,21:20,熊本,名古屋
2026-09-28,JAL638,KMJ,HND,20:05,21:45,熊本,羽田
2026-09-28,JAL182,KMQ,HND,07:35,08:50,小松,羽田
2026-09-28,JAL184,KMQ,HND,08:50,10:00,小松,羽田
2026-09-28,JAL186,KMQ,HND,11:15,12:25,小松,羽田
2026-09-28,JTA037,KMQ,OKA,14:05,16:25,小松,那覇
2026-09-28,JAL188,KMQ,HND,14:50,16:10,小松,羽田
2026-09-28,JAL190,KMQ,HND,18:40,19:55,小松,羽田
2026-09-28,JAL192,KMQ,HND,20:30,21:40,小松,羽田
2026-09-28,JAL3801,KOJ,OKE,07:20,08:45,鹿児島,沖永良部
2026-09-28,JAL640,KOJ,HND,07:30,09:15,鹿児島,羽田
2026-09-28,JAL2400,KOJ,ITM,07:35,08:45,鹿児島,伊丹
2026-09-28,JAL3783,KOJ,KKX,07:35,08:50,鹿児島,喜界
2026-09-28,JAL3721,KOJ,ASJ,07:40,08:55,鹿児島,奄美
2026-09-28,JAL3791,KOJ,TKN,07:50,09:10,鹿児島,徳之島
2026-09-28,JAL3761,KOJ,TNE,08:10,08:50,鹿児島,種子島
2026-09-28,JAL3741,KOJ,KUM,08:40,09:20,鹿児島,屋久島
2026-09-28,JAL642,KOJ,HND,08:50,10:35,鹿児島,羽田
2026-09-28,JAL2402,KOJ,ITM,08:50,10:00,鹿児島,伊丹
2026-09-28,JAL3793,KOJ,TKN,08:55,09:55,鹿児島,徳之島
2026-09-28,JAL3727,KOJ,ASJ,10:15,11:10,鹿児島,奄美
2026-09-28,JAL3743,KOJ,KUM,10:30,11:10,鹿児島,屋久島
2026-09-28,JAL644,KOJ,HND,10:55,12:40,鹿児島,羽田
2026-09-28,JAL2406,KOJ,ITM,11:00,12:10,鹿児島,伊丹
2026-09-28,JAL3763,KOJ,TNE,11:00,11:40,鹿児島,種子島
2026-09-28,JAL3825,KOJ,RNJ,11:10,12:45,鹿児島,与論
2026-09-28,JAL3729,KOJ,ASJ,11:55,12:50,鹿児島,奄美
2026-09-28,JAL3654,KOJ,FUK,12:05,13:05,鹿児島,福岡
2026-09-28,JAL646,KOJ,HND,12:50,14:35,鹿児島,羽田
2026-09-28,JAL2408,KOJ,ITM,12:50,14:00,鹿児島,伊丹
2026-09-28,JAL3795,KOJ,TKN,13:00,14:25,鹿児島,徳之島
2026-09-28,JAL3731,KOJ,ASJ,13:10,14:05,鹿児島,奄美
2026-09-28,JAL3745,KOJ,KUM,13:25,14:05,鹿児島,屋久島
2026-09-28,JAL3785,KOJ,KKX,13:30,14:45,鹿児島,喜界
2026-09-28,JAL648,KOJ,HND,14:35,16:30,鹿児島,羽田
2026-09-28,JAL2410,KOJ,ITM,14:45,15:55,鹿児島,伊丹
2026-09-28,JAL3809,KOJ,OKE,14:55,16:20,鹿児島,沖永良部
2026-09-28,JAL4306,KOJ,FSZ,15:00,16:30,鹿児島,静岡
2026-09-28,JAL3753,KOJ,KUM,15:25,16:05,鹿児島,屋久島
2026-09-28,JAL3797,KOJ,TKN,16:05,17:05,鹿児島,徳之島
2026-09-28,JAL650,KOJ,HND,16:45,18:35,鹿児島,羽田
2026-09-28,JAL3777,KOJ,TNE,16:50,17:30,鹿児島,種子島
2026-09-28,JAL3735,KOJ,ASJ,16:55,17:50,鹿児島,奄美
2026-09-28,JAL3737,KOJ,ASJ,17:15,18:30,鹿児島,奄美
2026-09-28,JAL3759,KOJ,KUM,17:50,18:30,鹿児島,屋久島
2026-09-28,JAL2412,KOJ,ITM,18:05,19:15,鹿児島,伊丹
2026-09-28,JAL3687,KOJ,MYJ,18:50,19:50,鹿児島,松山
2026-09-28,JAL652,KOJ,HND,19:05,20:50,鹿児島,羽田
2026-09-28,JAL2414,KOJ,ITM,19:10,20:30,鹿児島,伊丹
2026-09-28,JAL654,KOJ,HND,20:35,22:25,鹿児島,羽田
2026-09-28,RAC842,KTD,OKA,12:50,13:55,北大東,那覇
2026-09-28,JAL2762,KUH,OKD,09:15,10:05,釧路,丘珠
2026-09-28,JAL540,KUH,HND,10:00,11:45,釧路,羽田
2026-09-28,JAL2764,KUH,OKD,12:55,13:45,釧路,丘珠
2026-09-28,JAL542,KUH,HND,14:50,16:35,釧路,羽田
2026-09-28,JAL2766,KUH,OKD,15:25,16:15,釧路,丘珠
2026-09-28,JAL2768,KUH,OKD,18:00,18:50,釧路,丘珠
2026-09-28,JAL544,KUH,HND,19:50,21:35,釧路,羽田
2026-09-28,JAL3740,KUM,KOJ,09:55,10:30,屋久島,鹿児島
2026-09-28,JAL3744,KUM,KOJ,11:45,12:20,屋久島,鹿児島
2026-09-28,JAL3746,KUM,KOJ,13:40,14:15,屋久島,鹿児島
2026-09-28,JAL2450,KUM,ITM,14:35,16:15,屋久島,伊丹
2026-09-28,JAL3676,KUM,FUK,15:30,16:45,屋久島,福岡
2026-09-28,JAL3750,KUM,KOJ,16:35,17:10,屋久島,鹿児島
2026-09-28,JAL3756,KUM,KOJ,19:00,19:35,屋久島,鹿児島
2026-09-28,JAL2710,MMB,CTS,08:55,09:40,女満別,新千歳
2026-09-28,JAL562,MMB,HND,09:25,11:20,女満別,羽田
2026-09-28,JAL2722,MMB,OKD,10:20,11:10,女満別,丘珠
2026-09-28,JAL2714,MMB,CTS,13:55,14:45,女満別,新千歳
2026-09-28,JAL564,MMB,HND,15:00,16:55,女満別,羽田
2026-09-28,JAL2718,MMB,CTS,17:25,18:10,女満別,新千歳
2026-09-28,JAL2728,MMB,OKD,19:10,20:00,女満別,丘珠
2026-09-28,JAL566,MMB,HND,19:50,21:45,女満別,羽田
2026-09-28,RAC862,MMD,OKA,09:30,10:35,南大東,那覇
2026-09-28,RAC864,MMD,OKA,15:55,16:55,南大東,那覇
2026-09-28,JAL4362,MMJ,UKB,10:00,11:00,松本,神戸
2026-09-28,JAL4352,MMJ,CTS,11:35,13:15,松本,新千歳
2026-09-28,JAL4344,MMJ,FUK,13:10,14:50,松本,福岡
2026-09-28,JAL4372,MMJ,OKD,16:10,17:40,松本,丘珠
2026-09-28,JAL4348,MMJ,FUK,17:45,19:25,松本,福岡
2026-09-28,JTA552,MMY,OKA,08:50,09:45,宮古,那覇
2026-09-28,RAC891,MMY,TRA,09:20,09:45,宮古,多良間
2026-09-28,JTA556,MMY,OKA,10:40,11:35,宮古,那覇
2026-09-28,RAC831,MMY,ISG,11:30,12:00,宮古,新石垣
2026-09-28,JTA558,MMY,OKA,12:10,13:05,宮古,那覇
2026-09-28,JTA560,MMY,OKA,13:25,14:20,宮古,那覇
2026-09-28,JAL934,MMY,HND,14:25,17:15,宮古,羽田
2026-09-28,RAC897,MMY,TRA,15:50,16:15,宮古,多良間
2026-09-28,JTA562,MMY,OKA,16:05,17:00,宮古,那覇
2026-09-28,JTA564,MMY,OKA,16:55,17:50,宮古,那覇
2026-09-28,RAC839,MMY,ISG,17:45,18:15,宮古,新石垣
2026-09-28,JTA572,MMY,OKA,17:55,18:50,宮古,那覇
2026-09-28,JTA128,MMY,KIX,19:25,21:40,宮古,関西国際
2026-09-28,RAC804,MMY,OKA,20:00,20:55,宮古,那覇
2026-09-28,JAL152,MSJ,HND,10:00,11:25,三沢,羽田
2026-09-28,JAL2162,MSJ,ITM,11:20,13:00,三沢,伊丹
2026-09-28,JAL154,MSJ,HND,12:50,14:15,三沢,羽田
2026-09-28,JAL156,MSJ,HND,16:50,18:15,三沢,羽田
2026-09-28,JAL2166,MSJ,ITM,17:45,19:25,三沢,伊丹
2026-09-28,JAL158,MSJ,HND,19:10,20:35,三沢,羽田
2026-09-28,JAL430,MYJ,HND,07:10,08:40,松山,羽田
2026-09-28,JAL3592,MYJ,FUK,08:25,09:15,松山,福岡
2026-09-28,JAL432,MYJ,HND,09:10,10:40,松山,羽田
2026-09-28,JAL2300,MYJ,ITM,10:45,11:35,松山,伊丹
2026-09-28,JAL434,MYJ,HND,11:25,12:55,松山,羽田
2026-09-28,JAL3596,MYJ,FUK,13:30,14:15,松山,福岡
2026-09-28,JAL436,MYJ,HND,14:20,15:55,松山,羽田
2026-09-28,JAL3602,MYJ,FUK,14:45,15:35,松山,福岡
2026-09-28,JAL438,MYJ,HND,17:35,19:10,松山,羽田
2026-09-28,JAL3608,MYJ,FUK,17:45,18:40,松山,福岡
2026-09-28,JAL440,MYJ,HND,19:00,20:35,松山,羽田
2026-09-28,JAL2310,MYJ,ITM,19:00,20:00,松山,伊丹
2026-09-28,JAL3686,MYJ,KOJ,20:20,21:20,松山,鹿児島
2026-09-28,JAL202,NGO,HND,07:40,08:40,中部国際,羽田
2026-09-28,JAL3101,NGO,CTS,08:05,09:50,中部国際,新千歳
2026-09-28,JAL3082,NGO,NRT,08:20,09:30,中部国際,成田
2026-09-28,JTA045,NGO,OKA,08:30,10:45,中部国際,那覇
2026-09-28,JAL4535,NGO,KMJ,10:45,12:10,中部国際,熊本
2026-09-28,JAL3107,NGO,CTS,12:40,14:20,中部国際,新千歳
2026-09-28,JAL3084,NGO,NRT,14:35,15:50,中部国際,成田
2026-09-28,JAL4537,NGO,KMJ,14:35,16:00,中部国際,熊本
2026-09-28,JTA047,NGO,OKA,14:55,17:10,中部国際,那覇
2026-09-28,JAL3117,NGO,CTS,17:30,19:10,中部国際,新千歳
2026-09-28,JAL4517,NGO,KCZ,18:20,19:20,中部国際,高知
2026-09-28,JTA049,NGO,OKA,18:50,21:00,中部国際,那覇
2026-09-28,JAL208,NGO,HND,20:55,22:00,中部国際,羽田
2026-09-28,JAL606,NGS,HND,07:25,09:10,長崎,羽田
2026-09-28,JAL4051,NGS,TSJ,07:30,08:05,長崎,対馬
2026-09-28,JAL2372,NGS,ITM,08:50,10:00,長崎,伊丹
2026-09-28,JAL4041,NGS,IKI,08:55,09:25,長崎,壱岐
2026-09-28,JAL4073,NGS,FUJ,09:50,10:20,長崎,五島福江
2026-09-28,JAL608,NGS,HND,10:00,11:45,長崎,羽田
2026-09-28,JAL4053,NGS,TSJ,11:00,11:35,長崎,対馬
2026-09-28,JAL610,NGS,HND,12:35,14:25,長崎,羽田
2026-09-28,JAL2374,NGS,ITM,13:00,14:10,長崎,伊丹
2026-09-28,JAL4075,NGS,FUJ,13:20,13:50,長崎,五島福江
2026-09-28,JAL2376,NGS,ITM,14:45,15:55,長崎,伊丹
2026-09-28,JAL612,NGS,HND,15:05,17:00,長崎,羽田
2026-09-28,JAL614,NGS,HND,16:05,18:00,長崎,羽田
2026-09-28,JAL4043,NGS,IKI,16:50,17:20,長崎,壱岐
2026-09-28,JAL4061,NGS,TSJ,19:00,19:35,長崎,対馬
2026-09-28,JAL2378,NGS,ITM,19:10,20:25,長崎,伊丹
2026-09-28,JAL616,NGS,HND,20:25,22:10,長崎,羽田
2026-09-28,JAL4381,NKM,FUK,07:00,08:25,名古屋,福岡
2026-09-28,JAL4461,NKM,IZO,07:15,08:15,名古屋,出雲
2026-09-28,JAL4451,NKM,OKD,07:20,09:00,名古屋,丘珠
2026-09-28,JAL4411,NKM,HNA,07:30,08:40,名古屋,花巻
2026-09-28,JAL4377,NKM,KCZ,07:45,08:45,名古屋,高知
2026-09-28,JAL4401,NKM,KMJ,07:50,09:15,名古屋,熊本
2026-09-28,JAL4383,NKM,FUK,08:00,09:25,名古屋,福岡
2026-09-28,JAL4421,NKM,AOJ,08:25,09:45,名古屋,青森
2026-09-28,JAL4441,NKM,GAJ,09:05,10:10,名古屋,山形
2026-09-28,JAL4433,NKM,KIJ,10:20,11:15,名古屋,新潟
2026-09-28,JAL4385,NKM,FUK,10:55,12:20,名古屋,福岡
2026-09-28,JAL4423,NKM,AOJ,11:35,12:55,名古屋,青森
2026-09-28,JAL4413,NKM,HNA,12:15,13:25,名古屋,花巻
2026-09-28,JAL4443,NKM,GAJ,12:20,13:25,名古屋,山形
2026-09-28,JAL4455,NKM,OKD,13:30,15:10,名古屋,丘珠
2026-09-28,JAL4417,NKM,HNA,16:00,17:10,名古屋,花巻
2026-09-28,JAL4457,NKM,OKD,16:50,18:30,名古屋,丘珠
2026-09-28,JAL4467,NKM,IZO,17:05,18:05,名古屋,出雲
2026-09-28,JAL4427,NKM,AOJ,18:00,19:20,名古屋,青森
2026-09-28,JAL4409,NKM,KMJ,18:05,19:30,名古屋,熊本
2026-09-28,JAL3083,NRT,NGO,10:30,11:40,成田,中部国際
2026-09-28,JAL3009,NRT,ITM,18:25,19:50,成田,伊丹
2026-09-28,JAL3087,NRT,NGO,18:55,20:10,成田,中部国際
2026-09-28,JAL570,OBO,HND,09:55,11:40,帯広,羽田
2026-09-28,JAL572,OBO,HND,13:10,14:55,帯広,羽田
2026-09-28,JAL574,OBO,HND,16:15,18:00,帯広,羽田
2026-09-28,JAL576,OBO,HND,20:00,21:40,帯広,羽田
2026-09-28,RAC742,OGN,ISG,08:55,09:25,与那国,新石垣
2026-09-28,RAC724,OGN,OKA,11:15,12:35,与那国,那覇
2026-09-28,RAC744,OGN,ISG,13:35,14:05,与那国,新石垣
2026-09-28,RAC746,OGN,ISG,16:50,17:20,与那国,新石垣
2026-09-28,RAC728,OGN,OKA,18:50,20:10,与那国,那覇
2026-09-28,JAL2792,OIR,HKD,12:45,13:15,奥尻,函館
2026-09-28,JAL662,OIT,HND,07:35,09:10,大分,羽田
2026-09-28,JAL2362,OIT,ITM,08:45,09:40,大分,伊丹
2026-09-28,JAL664,OIT,HND,10:25,11:55,大分,羽田
2026-09-28,JAL2364,OIT,ITM,11:35,12:35,大分,伊丹
2026-09-28,JAL668,OIT,HND,11:50,13:30,大分,羽田
2026-09-28,JAL670,OIT,HND,14:25,16:05,大分,羽田
2026-09-28,JAL672,OIT,HND,17:20,19:00,大分,羽田
2026-09-28,JAL674,OIT,HND,19:05,20:40,大分,羽田
2026-09-28,JAL2366,OIT,ITM,19:10,20:15,大分,伊丹
2026-09-28,JTA002,OKA,KIX,07:10,09:05,那覇,関西国際
2026-09-28,JTA050,OKA,FUK,07:10,08:50,那覇,福岡
2026-09-28,JTA551,OKA,MMY,07:15,08:10,那覇,宮古
2026-09-28,JTA601,OKA,ISG,07:15,08:15,那覇,新石垣
2026-09-28,RAC721,OKA,OGN,07:15,08:25,那覇,与那国
2026-09-28,JAL900,OKA,HND,07:25,09:50,那覇,羽田
2026-09-28,RAC871,OKA,UEO,07:45,08:15,那覇,久米島
2026-09-28,RAC861,OKA,MMD,08:00,09:00,那覇,南大東
2026-09-28,RAC801,OKA,MMY,08:00,08:50,那覇,宮古
2026-09-28,JTA605,OKA,ISG,09:35,10:30,那覇,新石垣
2026-09-28,JAL902,OKA,HND,09:55,12:25,那覇,羽田
2026-09-28,RAC873,OKA,UEO,09:55,10:25,那覇,久米島
2026-09-28,JTA052,OKA,FUK,10:25,12:10,那覇,福岡
2026-09-28,JTA557,OKA,MMY,10:40,11:30,那覇,宮古
2026-09-28,JAL904,OKA,HND,10:50,13:25,那覇,羽田
2026-09-28,JTA036,OKA,KMQ,11:10,13:25,那覇,小松
2026-09-28,JTA004,OKA,KIX,11:10,13:10,那覇,関西国際
2026-09-28,RAC841,OKA,KTD,11:20,12:20,那覇,北大東
2026-09-28,JAL906,OKA,HND,11:40,14:15,那覇,羽田
2026-09-28,JTA042,OKA,NGO,11:55,14:05,那覇,中部国際
2026-09-28,JAL2084,OKA,ITM,11:55,13:55,那覇,伊丹
2026-09-28,JTA559,OKA,MMY,11:55,12:45,那覇,宮古
2026-09-28,JAL908,OKA,HND,12:15,14:50,那覇,羽田
2026-09-28,JTA609,OKA,ISG,12:15,13:15,那覇,新石垣
2026-09-28,RAC877,OKA,UEO,12:20,12:50,那覇,久米島
2026-09-28,JAL910,OKA,HND,13:15,15:50,那覇,羽田
2026-09-28,RAC815,OKA,RNJ,13:15,13:55,那覇,与論
2026-09-28,JTA054,OKA,FUK,13:20,15:05,那覇,福岡
2026-09-28,JTA211,OKA,UEO,13:45,14:20,那覇,久米島
2026-09-28,JAL3867,OKA,ASJ,13:55,14:55,那覇,奄美
2026-09-28,JAL912,OKA,HND,14:00,16:35,那覇,羽田
2026-09-28,RAC863,OKA,MMD,14:25,15:25,那覇,南大東
2026-09-28,JTA563,OKA,MMY,14:30,15:25,那覇,宮古
2026-09-28,JAL3715,OKA,OKE,14:35,15:25,那覇,沖永良部
2026-09-28,JTA617,OKA,ISG,14:45,15:45,那覇,新石垣
2026-09-28,JAL988,OKA,HND,14:55,17:35,那覇,羽田
2026-09-28,RAC727,OKA,OGN,14:55,16:10,那覇,与那国
2026-09-28,JTA058,OKA,FUK,15:00,16:45,那覇,福岡
2026-09-28,JTA565,OKA,MMY,15:25,16:15,那覇,宮古
2026-09-28,JAL914,OKA,HND,15:40,18:15,那覇,羽田
2026-09-28,RAC879,OKA,UEO,15:40,16:15,那覇,久米島
2026-09-28,JTA044,OKA,NGO,15:45,17:55,那覇,中部国際
2026-09-28,JTA571,OKA,MMY,16:25,17:15,那覇,宮古
2026-09-28,JTA621,OKA,ISG,17:00,18:00,那覇,新石垣
2026-09-28,RAC881,OKA,UEO,17:25,17:55,那覇,久米島
2026-09-28,JTA008,OKA,KIX,17:40,19:40,那覇,関西国際
2026-09-28,JAL916,OKA,HND,17:45,20:15,那覇,羽田
2026-09-28,JAL2088,OKA,ITM,17:55,19:55,那覇,伊丹
2026-09-28,JTA573,OKA,MMY,17:55,18:45,那覇,宮古
2026-09-28,JTA625,OKA,ISG,18:10,19:10,那覇,新石垣
2026-09-28,JTA016,OKA,OKJ,18:30,20:20,那覇,岡山
2026-09-28,JTA060,OKA,FUK,18:30,20:10,那覇,福岡
2026-09-28,JAL918,OKA,HND,18:50,21:20,那覇,羽田
2026-09-28,JAL920,OKA,HND,19:30,22:00,那覇,羽田
2026-09-28,JTA062,OKA,FUK,19:40,21:25,那覇,福岡
2026-09-28,JTA046,OKA,NGO,19:45,21:55,那覇,中部国際
2026-09-28,JAL922,OKA,HND,20:30,23:00,那覇,羽田
2026-09-28,JAL2741,OKD,HKD,07:35,08:15,丘珠,函館
2026-09-28,JAL2761,OKD,KUH,08:00,08:45,丘珠,釧路
2026-09-28,JAL2743,OKD,HKD,08:20,09:00,丘珠,函館
2026-09-28,JAL2721,OKD,MMB,09:05,09:50,丘珠,女満別
2026-09-28,JAL4371,OKD,MMJ,09:30,11:05,丘珠,松本
2026-09-28,JAL2731,OKD,SHB,09:55,10:45,丘珠,根室中標津
2026-09-28,JAL2745,OKD,HKD,10:35,11:15,丘珠,函館
2026-09-28,JAL2823,OKD,AXT,10:45,11:55,丘珠,秋田
2026-09-28,JAL4452,OKD,NKM,11:10,12:55,丘珠,名古屋
2026-09-28,JAL2763,OKD,KUH,11:40,12:25,丘珠,釧路
2026-09-28,JAL2749,OKD,HKD,12:45,13:25,丘珠,函館
2026-09-28,JAL2765,OKD,KUH,14:10,14:55,丘珠,釧路
2026-09-28,JAL2751,OKD,HKD,14:45,15:25,丘珠,函館
2026-09-28,JAL2787,OKD,RIS,15:00,15:55,丘珠,利尻
2026-09-28,JAL2737,OKD,SHB,15:10,16:00,丘珠,根室中標津
2026-09-28,JAL4456,OKD,NKM,15:40,17:25,丘珠,名古屋
2026-09-28,JAL2767,OKD,KUH,16:45,17:30,丘珠,釧路
2026-09-28,JAL2825,OKD,AXT,17:05,18:15,丘珠,秋田
2026-09-28,JAL2727,OKD,MMB,17:55,18:40,丘珠,女満別
2026-09-28,JAL2755,OKD,HKD,18:05,18:45,丘珠,函館
2026-09-28,JAL4332,OKD,FSZ,18:15,20:05,丘珠,静岡
2026-09-28,JAL4458,OKD,NKM,19:00,20:45,丘珠,名古屋
2026-09-28,JAL2759,OKD,HKD,19:20,20:00,丘珠,函館
2026-09-28,JAL3800,OKE,KOJ,09:15,10:35,沖永良部,鹿児島
2026-09-28,JAL3716,OKE,OKA,12:55,13:45,沖永良部,那覇
2026-09-28,JAL3710,OKE,TKN,15:55,16:20,沖永良部,徳之島
2026-09-28,JAL3808,OKE,KOJ,16:50,18:10,沖永良部,鹿児島
2026-09-28,JAL3434,OKI,IZO,10:00,10:30,隠岐,出雲
2026-09-28,JAL2332,OKI,ITM,15:05,15:50,隠岐,伊丹
2026-09-28,JAL232,OKJ,HND,07:05,08:25,岡山,羽田
2026-09-28,JTA013,OKJ,OKA,08:30,10:30,岡山,那覇
2026-09-28,JAL234,OKJ,HND,10:15,11:30,岡山,羽田
2026-09-28,JAL236,OKJ,HND,12:20,13:40,岡山,羽田
2026-09-28,JAL240,OKJ,HND,17:30,18:55,岡山,羽田
2026-09-28,JAL242,OKJ,HND,19:25,20:40,岡山,羽田
2026-09-28,JAL2788,RIS,OKD,16:25,17:15,利尻,丘珠
2026-09-28,JAL3866,RNJ,OKA,12:30,13:15,与論,那覇
2026-09-28,JAL3826,RNJ,KOJ,13:15,14:45,与論,鹿児島
2026-09-28,RAC816,RNJ,OKA,14:25,15:00,与論,那覇
2026-09-28,JAL2200,SDJ,ITM,07:35,08:55,仙台,伊丹
2026-09-28,JAL2901,SDJ,CTS,07:50,09:00,仙台,新千歳
2026-09-28,JAL2903,SDJ,CTS,09:10,10:25,仙台,新千歳
2026-09-28,JAL2202,SDJ,ITM,09:15,10:30,仙台,伊丹
2026-09-28,JAL4528,SDJ,FUK,11:15,13:20,仙台,福岡
2026-09-28,JAL2204,SDJ,ITM,11:20,12:35,仙台,伊丹
2026-09-28,JAL2206,SDJ,ITM,12:40,13:55,仙台,伊丹
2026-09-28,JAL2905,SDJ,CTS,12:45,13:55,仙台,新千歳
2026-09-28,JAL2210,SDJ,ITM,15:35,16:50,仙台,伊丹
2026-09-28,JAL2212,SDJ,ITM,16:10,17:25,仙台,伊丹
2026-09-28,JAL2907,SDJ,CTS,17:15,18:25,仙台,新千歳
2026-09-28,JAL4530,SDJ,FUK,17:45,19:50,仙台,福岡
2026-09-28,JAL2216,SDJ,ITM,19:00,20:25,仙台,伊丹
2026-09-28,JAL2909,SDJ,CTS,20:30,21:40,仙台,新千歳
2026-09-28,JAL2732,SHB,OKD,11:15,12:10,根室中標津,丘珠
2026-09-28,JAL2738,SHB,OKD,16:30,17:25,根室中標津,丘珠
2026-09-28,SKY542,SHI,OKA,11:50,12:40,下地島,那覇
2026-09-28,SKY546,SHI,OKA,13:50,14:40,下地島,那覇
2026-09-28,SKY164,SHI,UKB,15:25,17:35,下地島,神戸
2026-09-28,SKY564,SHI,FUK,16:00,18:00,下地島,福岡
2026-09-28,SKY618,SHI,HND,17:10,19:50,下地島,羽田
2026-09-28,JAL212,SHM,HND,09:30,10:40,南紀白浜,羽田
2026-09-28,JAL214,SHM,HND,13:45,15:00,南紀白浜,羽田
2026-09-28,JAL218,SHM,HND,18:25,19:40,南紀白浜,羽田
2026-09-28,JAL474,TAK,HND,07:05,08:25,高松,羽田
2026-09-28,JAL476,TAK,HND,09:45,11:00,高松,羽田
2026-09-28,JAL478,TAK,HND,11:45,13:05,高松,羽田
2026-09-28,JAL480,TAK,HND,13:10,14:30,高松,羽田
2026-09-28,JAL482,TAK,HND,15:15,16:40,高松,羽田
2026-09-28,JAL484,TAK,HND,17:20,18:45,高松,羽田
2026-09-28,JAL486,TAK,HND,20:40,21:55,高松,羽田
2026-09-28,JAL2324,TJH,ITM,10:10,10:45,但馬,伊丹
2026-09-28,JAL2326,TJH,ITM,18:00,18:40,但馬,伊丹
2026-09-28,JAL3842,TKN,ASJ,09:40,10:10,徳之島,奄美
2026-09-28,JAL3792,TKN,KOJ,10:25,11:20,徳之島,鹿児島
2026-09-28,JAL3711,TKN,OKE,12:00,12:25,徳之島,沖永良部
2026-09-28,JAL3794,TKN,KOJ,14:55,16:15,徳之島,鹿児島
2026-09-28,JAL3844,TKN,ASJ,16:50,17:20,徳之島,奄美
2026-09-28,JAL3796,TKN,KOJ,17:40,18:35,徳之島,鹿児島
2026-09-28,JAL3798,TKN,KOJ,19:00,20:15,徳之島,鹿児島
2026-09-28,JAL452,TKS,HND,07:05,08:20,徳島,羽田
2026-09-28,JAL454,TKS,HND,08:55,10:15,徳島,羽田
2026-09-28,JAL3564,TKS,FUK,11:30,12:35,徳島,福岡
2026-09-28,JAL456,TKS,HND,12:20,13:40,徳島,羽田
2026-09-28,JAL460,TKS,HND,14:45,16:10,徳島,羽田
2026-09-28,JAL462,TKS,HND,17:40,19:05,徳島,羽田
2026-09-28,JAL3568,TKS,FUK,20:05,21:10,徳島,福岡
2026-09-28,JAL464,TKS,HND,20:35,21:55,徳島,羽田
2026-09-28,JAL3760,TNE,KOJ,09:20,09:55,種子島,鹿児島
2026-09-28,JAL3764,TNE,KOJ,12:10,12:45,種子島,鹿児島
2026-09-28,JAL3772,TNE,KOJ,18:00,18:35,種子島,鹿児島
2026-09-28,RAC892,TRA,MMY,10:20,10:45,多良間,宮古
2026-09-28,RAC898,TRA,MMY,16:50,17:15,多良間,宮古
2026-09-28,JAL4052,TSJ,NGS,08:35,09:15,対馬,長崎
2026-09-28,JAL4080,TSJ,FUK,08:50,09:25,対馬,福岡
2026-09-28,JAL4082,TSJ,FUK,11:00,11:35,対馬,福岡
2026-09-28,JAL4054,TSJ,NGS,12:05,12:45,対馬,長崎
2026-09-28,JAL4062,TSJ,NGS,20:05,20:45,対馬,長崎
2026-09-28,JAL290,UBJ,HND,07:40,09:20,山口宇部,羽田
2026-09-28,JAL292,UBJ,HND,10:20,12:00,山口宇部,羽田
2026-09-28,JAL294,UBJ,HND,15:00,16:45,山口宇部,羽田
2026-09-28,JAL296,UBJ,HND,19:00,20:40,山口宇部,羽田
2026-09-28,RAC872,UEO,OKA,08:45,09:20,久米島,那覇
2026-09-28,RAC874,UEO,OKA,10:55,11:30,久米島,那覇
2026-09-28,RAC878,UEO,OKA,13:20,13:55,久米島,那覇
2026-09-28,JTA212,UEO,OKA,15:00,15:40,久米島,那覇
2026-09-28,RAC880,UEO,OKA,16:45,17:20,久米島,那覇
2026-09-28,RAC882,UEO,OKA,18:25,19:00,久米島,那覇
2026-09-28,JAL4363,UKB,MMJ,11:40,12:40,神戸,松本
2026-09-29,JAL552,AKJ,HND,09:50,11:35,旭川,羽田
2026-09-29,JAL554,AKJ,HND,13:40,15:25,旭川,羽田
2026-09-29,JAL556,AKJ,HND,16:25,18:15,旭川,羽田
2026-09-29,JAL558,AKJ,HND,19:55,21:40,旭川,羽田
2026-09-29,JAL140,AOJ,HND,07:35,08:55,青森,羽田
2026-09-29,JAL142,AOJ,HND,08:35,09:55,青森,羽田
2026-09-29,JAL2150,AOJ,ITM,09:50,11:20,青森,伊丹
2026-09-29,JAL4422,AOJ,NKM,10:15,11:40,青森,名古屋
2026-09-29,JAL2804,AOJ,CTS,11:00,11:45,青森,新千歳
2026-09-29,JAL144,AOJ,HND,12:00,13:20,青森,羽田
2026-09-29,JAL4424,AOJ,NKM,13:25,14:50,青森,名古屋
2026-09-29,JAL2154,AOJ,ITM,14:00,15:30,青森,伊丹
2026-09-29,JAL2806,AOJ,CTS,15:00,15:45,青森,新千歳
2026-09-29,JAL146,AOJ,HND,15:20,16:40,青森,羽田
2026-09-29,JAL148,AOJ,HND,17:55,19:15,青森,羽田
2026-09-29,JAL2158,AOJ,ITM,18:45,20:30,青森,伊丹
2026-09-29,JAL4428,AOJ,NKM,19:50,21:15,青森,名古屋
2026-09-29,JAL2810,AOJ,CTS,20:15,21:00,青森,新千歳
2026-09-29,JAL150,AOJ,HND,20:45,22:05,青森,羽田
2026-09-29,JAL3722,ASJ,KOJ,08:45,09:35,奄美,鹿児島
2026-09-29,JAL3831,ASJ,KKX,09:25,09:45,奄美,喜界
2026-09-29,JAL3841,ASJ,TKN,10:55,11:25,奄美,徳之島
2026-09-29,JAL3861,ASJ,RNJ,11:15,12:00,奄美,与論
2026-09-29,JAL3726,ASJ,KOJ,11:45,12:35,奄美,鹿児島
2026-09-29,JAL2464,ASJ,ITM,12:05,13:35,奄美,伊丹
2026-09-29,JAL3728,ASJ,KOJ,13:20,14:15,奄美,鹿児島
2026-09-29,JAL658,ASJ,HND,14:20,16:30,奄美,羽田
2026-09-29,JAL3730,ASJ,KOJ,14:35,15:30,奄美,鹿児島
2026-09-29,JAL3837,ASJ,KKX,15:40,16:00,奄美,喜界
2026-09-29,JAL3734,ASJ,KOJ,17:25,18:30,奄美,鹿児島
2026-09-29,JAL3843,ASJ,TKN,18:00,18:30,奄美,徳之島
2026-09-29,JAL3684,ASJ,FUK,18:20,19:40,奄美,福岡
2026-09-29,JAL3738,ASJ,KOJ,19:00,20:05,奄美,鹿児島
2026-09-29,JAL3872,AXJ,KMJ,09:55,10:15,天草,熊本
2026-09-29,JAL3894,AXJ,FUK,15:45,16:25,天草,福岡
2026-09-29,JAL162,AXT,HND,08:45,09:55,秋田,羽田
2026-09-29,JAL2172,AXT,ITM,09:45,11:10,秋田,伊丹
2026-09-29,JAL164,AXT,HND,12:10,13:20,秋田,羽田
2026-09-29,JAL2824,AXT,OKD,12:25,13:30,秋田,丘珠
2026-09-29,JAL2174,AXT,ITM,14:10,15:35,秋田,伊丹
2026-09-29,JAL166,AXT,HND,17:00,18:10,秋田,羽田
2026-09-29,JAL2176,AXT,ITM,18:15,19:40,秋田,伊丹
2026-09-29,JAL2826,AXT,OKD,18:45,19:50,秋田,丘珠
2026-09-29,JAL168,AXT,HND,20:50,22:00,秋田,羽田
2026-09-29,JAL2900,CTS,SDJ,07:35,08:40,新千歳,仙台
2026-09-29,JAL590,CTS,HND,07:35,09:10,新千歳,羽田
2026-09-29,JAL2713,CTS,MMB,07:40,08:25,新千歳,女満別
2026-09-29,JAL500,CTS,HND,07:40,09:20,新千歳,羽田
2026-09-29,JAL502,CTS,HND,08:50,10:25,新千歳,羽田
2026-09-29,JAL2000,CTS,ITM,09:00,10:50,新千歳,伊丹
2026-09-29,JAL2803,CTS,AOJ,09:40,10:25,新千歳,青森
2026-09-29,JAL504,CTS,HND,09:45,11:25,新千歳,羽田
2026-09-29,JAL3106,CTS,NGO,10:10,11:55,新千歳,中部国際
2026-09-29,JAL2831,CTS,HNA,10:15,11:10,新千歳,花巻
2026-09-29,JAL3510,CTS,FUK,10:30,12:55,新千歳,福岡
2026-09-29,JAL4483,CTS,KIJ,10:40,12:00,新千歳,新潟
2026-09-29,JAL506,CTS,HND,10:50,12:30,新千歳,羽田
2026-09-29,JAL2902,CTS,SDJ,11:00,12:10,新千歳,仙台
2026-09-29,JAL508,CTS,HND,11:25,13:05,新千歳,羽田
2026-09-29,JAL2504,CTS,KIX,11:50,14:05,新千歳,関西国際
2026-09-29,JAL2004,CTS,ITM,12:05,14:00,新千歳,伊丹
2026-09-29,JAL2715,CTS,MMB,12:30,13:15,新千歳,女満別
2026-09-29,JAL510,CTS,HND,12:45,14:30,新千歳,羽田
2026-09-29,JAL3512,CTS,FUK,13:30,15:55,新千歳,福岡
2026-09-29,JAL4324,CTS,FSZ,13:35,15:30,新千歳,静岡
2026-09-29,JAL2805,CTS,AOJ,13:40,14:25,新千歳,青森
2026-09-29,JAL512,CTS,HND,14:00,15:40,新千歳,羽田
2026-09-29,JAL4485,CTS,KIJ,14:05,15:25,新千歳,新潟
2026-09-29,JAL4491,CTS,GAJ,14:35,15:50,新千歳,山形
2026-09-29,JAL2904,CTS,SDJ,14:35,15:40,新千歳,仙台
2026-09-29,JAL3406,CTS,HIJ,15:00,17:05,新千歳,広島
2026-09-29,JAL3114,CTS,NGO,15:05,16:50,新千歳,中部国際
2026-09-29,JAL2008,CTS,ITM,15:05,17:00,新千歳,伊丹
2026-09-29,JAL514,CTS,HND,15:10,16:55,新千歳,羽田
2026-09-29,JAL4353,CTS,MMJ,15:40,17:15,新千歳,松本
2026-09-29,JAL2010,CTS,ITM,15:55,17:45,新千歳,伊丹
2026-09-29,JAL516,CTS,HND,16:05,17:45,新千歳,羽田
2026-09-29,JAL2719,CTS,MMB,16:10,16:50,新千歳,女満別
2026-09-29,JAL2839,CTS,HNA,16:30,17:25,新千歳,花巻
2026-09-29,JAL518,CTS,HND,17:00,18:45,新千歳,羽田
2026-09-29,JAL520,CTS,HND,17:15,18:55,新千歳,羽田
2026-09-29,JAL2016,CTS,ITM,17:45,19:40,新千歳,伊丹
2026-09-29,JAL2506,CTS,KIX,17:55,20:10,新千歳,関西国際
2026-09-29,JAL522,CTS,HND,18:00,19:45,新千歳,羽田
2026-09-29,JAL4472,CTS,FUK,18:05,20:55,新千歳,福岡
2026-09-29,JAL2809,CTS,AOJ,18:45,19:30,新千歳,青森
2026-09-29,JAL2906,CTS,SDJ,18:55,20:00,新千歳,仙台
2026-09-29,JAL524,CTS,HND,19:15,20:55,新千歳,羽田
2026-09-29,JAL2910,CTS,SDJ,19:45,20:50,新千歳,仙台
2026-09-29,JAL3118,CTS,NGO,19:55,21:40,新千歳,中部国際
2026-09-29,JAL526,CTS,HND,20:15,21:55,新千歳,羽田
2026-09-29,JAL528,CTS,HND,21:10,22:55,新千歳,羽田
2026-09-29,JAL530,CTS,HND,21:20,23:05,新千歳,羽田
2026-09-29,JAL4312,FSZ,FUK,08:10,09:50,静岡,福岡
2026-09-29,JAL4331,FSZ,OKD,08:55,10:40,静岡,丘珠
2026-09-29,JAL4323,FSZ,CTS,12:10,14:00,静岡,新千歳
2026-09-29,JAL4305,FSZ,KOJ,12:40,14:15,静岡,鹿児島
2026-09-29,JAL4314,FSZ,FUK,16:15,18:00,静岡,福岡
2026-09-29,JAL4316,FSZ,FUK,17:00,18:45,静岡,福岡
2026-09-29,JAL4094,FUJ,FUK,10:50,11:35,五島福江,福岡
2026-09-29,JAL4074,FUJ,NGS,13:40,14:10,五島福江,長崎
2026-09-29,JAL4098,FUJ,FUK,14:20,15:05,五島福江,福岡
2026-09-29,JAL4078,FUJ,NGS,17:00,17:30,五島福江,長崎
2026-09-29,JAL4096,FUJ,FUK,17:55,18:40,五島福江,福岡
2026-09-29,JAL300,FUK,HND,07:00,08:45,福岡,羽田
2026-09-29,JAL3681,FUK,ASJ,07:05,08:15,福岡,奄美
2026-09-29,JAL3591,FUK,MYJ,07:10,07:55,福岡,松山
2026-09-29,JAL3551,FUK,IZO,07:15,08:25,福岡,出雲
2026-09-29,JAL3623,FUK,KMI,07:15,08:00,福岡,宮崎
2026-09-29,JTA051,FUK,OKA,07:15,08:50,福岡,那覇
2026-09-29,JAL302,FUK,HND,07:20,09:05,福岡,羽田
2026-09-29,JAL4471,FUK,CTS,07:45,10:05,福岡,新千歳
2026-09-29,JAL4079,FUK,TSJ,07:45,08:20,福岡,対馬
2026-09-29,JAL2050,FUK,ITM,07:50,08:55,福岡,伊丹
2026-09-29,JAL4341,FUK,MMJ,08:00,09:30,福岡,松本
2026-09-29,JAL304,FUK,HND,08:05,09:50,福岡,羽田
2026-09-29,JAL4529,FUK,SDJ,08:55,10:45,福岡,仙台
2026-09-29,JAL3581,FUK,KCZ,09:00,09:55,福岡,高知
2026-09-29,JAL306,FUK,HND,09:10,10:55,福岡,羽田
2026-09-29,JTA053,FUK,OKA,09:30,11:15,福岡,那覇
2026-09-29,JAL3625,FUK,KMI,09:45,10:35,福岡,宮崎
2026-09-29,JAL3563,FUK,TKS,09:55,10:55,福岡,徳島
2026-09-29,JAL4313,FUK,FSZ,09:55,11:25,福岡,静岡
2026-09-29,JAL4081,FUK,TSJ,09:55,10:30,福岡,対馬
2026-09-29,JAL308,FUK,HND,10:00,11:45,福岡,羽田
2026-09-29,JAL4315,FUK,FSZ,10:25,11:55,福岡,静岡
2026-09-29,JAL310,FUK,HND,11:00,12:50,福岡,羽田
2026-09-29,JAL3627,FUK,KMI,11:40,12:30,福岡,宮崎
2026-09-29,JAL3513,FUK,CTS,11:50,14:10,福岡,新千歳
2026-09-29,JAL312,FUK,HND,11:55,13:40,福岡,羽田
2026-09-29,JAL3595,FUK,MYJ,11:55,12:40,福岡,松山
2026-09-29,JAL4095,FUK,FUJ,12:10,13:00,福岡,五島福江
2026-09-29,JAL3629,FUK,KMI,12:40,13:25,福岡,宮崎
2026-09-29,JAL314,FUK,HND,12:50,14:40,福岡,羽田
2026-09-29,JAL3653,FUK,KOJ,12:50,13:40,福岡,鹿児島
2026-09-29,JAL4525,FUK,HNA,12:55,14:50,福岡,花巻
2026-09-29,JTA057,FUK,OKA,12:55,14:40,福岡,那覇
2026-09-29,JAL3601,FUK,MYJ,13:30,14:15,福岡,松山
2026-09-29,JAL3673,FUK,KUM,13:50,15:00,福岡,屋久島
2026-09-29,JAL4345,FUK,MMJ,13:55,15:25,福岡,松本
2026-09-29,JAL316,FUK,HND,14:00,15:50,福岡,羽田
2026-09-29,JAL3515,FUK,CTS,14:15,16:30,福岡,新千歳
2026-09-29,JAL318,FUK,HND,14:30,16:25,福岡,羽田
2026-09-29,JAL3633,FUK,KMI,14:30,15:20,福岡,宮崎
2026-09-29,JAL4390,FUK,NKM,14:55,16:15,福岡,名古屋
2026-09-29,JAL2056,FUK,ITM,15:00,16:15,福岡,伊丹
2026-09-29,JAL4531,FUK,SDJ,15:25,17:15,福岡,仙台
2026-09-29,JAL3635,FUK,KMI,15:25,16:10,福岡,宮崎
2026-09-29,JAL4099,FUK,FUJ,15:40,16:30,福岡,五島福江
2026-09-29,JAL2058,FUK,ITM,15:50,17:00,福岡,伊丹
2026-09-29,JTA061,FUK,OKA,15:55,17:35,福岡,那覇
2026-09-29,JAL320,FUK,HND,16:00,17:50,福岡,羽田
2026-09-29,JAL3587,FUK,KCZ,16:10,17:00,福岡,高知
2026-09-29,JAL322,FUK,HND,16:30,18:20,福岡,羽田
2026-09-29,JAL4477,FUK,KIJ,16:35,18:15,福岡,新潟
2026-09-29,JAL4097,FUK,FUJ,16:40,17:25,福岡,五島福江
2026-09-29,JAL3895,FUK,AXJ,16:55,17:30,福岡,天草
2026-09-29,JAL324,FUK,HND,17:05,18:55,福岡,羽田
2026-09-29,JTA063,FUK,OKA,17:25,19:05,福岡,那覇
2026-09-29,JAL3555,FUK,IZO,17:35,18:45,福岡,出雲
2026-09-29,JAL3607,FUK,MYJ,17:40,18:25,福岡,松山
2026-09-29,JAL326,FUK,HND,18:15,20:05,福岡,羽田
2026-09-29,JAL3567,FUK,TKS,18:20,19:20,福岡,徳島
2026-09-29,JAL4317,FUK,FSZ,18:50,20:20,福岡,静岡
2026-09-29,JAL2060,FUK,ITM,19:00,20:20,福岡,伊丹
2026-09-29,JAL328,FUK,HND,19:10,20:55,福岡,羽田
2026-09-29,JAL4392,FUK,NKM,19:15,20:35,福岡,名古屋
2026-09-29,JAL3639,FUK,KMI,19:15,20:00,福岡,宮崎
2026-09-29,JAL330,FUK,HND,20:00,21:45,福岡,羽田
2026-09-29,JAL4394,FUK,NKM,20:00,21:20,福岡,名古屋
2026-09-29,JTA065,FUK,OKA,20:55,22:30,福岡,那覇
2026-09-29,JAL332,FUK,HND,21:00,22:45,福岡,羽田
2026-09-29,JAL2234,GAJ,ITM,08:50,10:10,山形,伊丹
2026-09-29,JAL174,GAJ,HND,09:50,10:55,山形,羽田
2026-09-29,JAL4442,GAJ,NKM,10:40,11:50,山形,名古屋
2026-09-29,JAL4490,GAJ,CTS,13:55,15:05,山形,新千歳
2026-09-29,JAL2236,GAJ,ITM,14:50,16:10,山形,伊丹
2026-09-29,JAL4446,GAJ,NKM,16:20,17:30,山形,名古屋
2026-09-29,JAL2238,GAJ,ITM,18:05,19:20,山形,伊丹
2026-09-29,JAL178,GAJ,HND,19:10,20:15,山形,羽田
2026-09-29,JAL252,HIJ,HND,07:35,09:00,広島,羽田
2026-09-29,JAL254,HIJ,HND,09:25,10:50,広島,羽田
2026-09-29,JAL3403,HIJ,CTS,10:50,12:45,広島,新千歳
2026-09-29,JAL256,HIJ,HND,12:10,13:35,広島,羽田
2026-09-29,JAL258,HIJ,HND,13:45,15:10,広島,羽田
2026-09-29,JAL262,HIJ,HND,16:25,17:55,広島,羽田
2026-09-29,JAL264,HIJ,HND,18:10,19:40,広島,羽田
2026-09-29,JAL266,HIJ,HND,20:35,22:00,広島,羽田
2026-09-29,JAL2740,HKD,OKD,07:50,08:30,函館,丘珠
2026-09-29,JAL2742,HKD,OKD,08:45,09:25,函館,丘珠
2026-09-29,JAL2744,HKD,OKD,09:30,10:10,函館,丘珠
2026-09-29,JAL584,HKD,HND,09:40,11:10,函館,羽田
2026-09-29,JAL2791,HKD,OIR,11:45,12:15,函館,奥尻
2026-09-29,JAL2124,HKD,ITM,13:10,14:50,函館,伊丹
2026-09-29,JAL2748,HKD,OKD,13:45,14:25,函館,丘珠
2026-09-29,JAL2750,HKD,OKD,14:00,14:40,函館,丘珠
2026-09-29,JAL586,HKD,HND,15:00,16:25,函館,羽田
2026-09-29,JAL2752,HKD,OKD,15:55,16:35,函館,丘珠
2026-09-29,JAL2756,HKD,OKD,19:15,19:55,函館,丘珠
2026-09-29,JAL588,HKD,HND,19:30,21:00,函館,羽田
2026-09-29,JAL4412,HNA,NKM,09:10,10:25,花巻,名古屋
2026-09-29,JAL2180,HNA,ITM,09:20,10:45,花巻,伊丹
2026-09-29,JAL2830,HNA,CTS,11:40,12:35,花巻,新千歳
2026-09-29,JAL2182,HNA,ITM,13:30,14:55,花巻,伊丹
2026-09-29,JAL4524,HNA,FUK,13:55,16:05,花巻,福岡
2026-09-29,JAL4416,HNA,NKM,15:20,16:35,花巻,名古屋
2026-09-29,JAL2186,HNA,ITM,15:25,16:50,花巻,伊丹
2026-09-29,JAL4418,HNA,NKM,17:40,18:55,花巻,名古屋
2026-09-29,JAL2838,HNA,CTS,17:55,18:55,花巻,新千歳
2026-09-29,JAL2190,HNA,ITM,18:40,20:15,花巻,伊丹
2026-09-29,JAL623,HND,KMJ,06:20,08:00,羽田,熊本
2026-09-29,JAL303,HND,FUK,06:25,08:10,羽田,福岡
2026-09-29,JAL641,HND,KOJ,06:25,08:05,羽田,鹿児島
2026-09-29,JAL101,HND,ITM,06:30,07:35,羽田,伊丹
2026-09-29,JAL901,HND,OKA,06:30,09:00,羽田,那覇
2026-09-29,JAL501,HND,CTS,06:35,08:05,羽田,新千歳
2026-09-29,JAL141,HND,AOJ,06:45,07:55,羽田,青森
2026-09-29,JAL431,HND,MYJ,06:50,08:15,羽田,松山
2026-09-29,JAL161,HND,AXT,07:00,08:05,羽田,秋田
2026-09-29,JAL453,HND,TKS,07:00,08:10,羽田,徳島
2026-09-29,JAL565,HND,MMB,07:05,08:45,羽田,女満別
2026-09-29,JAL305,HND,FUK,07:05,08:50,羽田,福岡
2026-09-29,JAL971,HND,ISG,07:05,09:55,羽田,新石垣
2026-09-29,JAL183,HND,KMQ,07:10,08:10,羽田,小松
2026-09-29,JAL277,HND,IZO,07:10,08:30,羽田,出雲
2026-09-29,JAL503,HND,CTS,07:15,08:45,羽田,新千歳
2026-09-29,JAL175,HND,GAJ,07:20,08:15,羽田,山形
2026-09-29,JAL221,HND,KIX,07:20,08:35,羽田,関西国際
2026-09-29,JAL903,HND,OKA,07:20,09:50,羽田,那覇
2026-09-29,JAL253,HND,HIJ,07:25,08:40,羽田,広島
2026-09-29,JAL585,HND,HKD,07:30,08:50,羽田,函館
2026-09-29,JAL103,HND,ITM,07:30,08:35,羽田,伊丹
2026-09-29,JAL491,HND,KCZ,07:30,08:50,羽田,高知
2026-09-29,JAL605,HND,NGS,07:30,09:15,羽田,長崎
2026-09-29,JAL551,HND,AKJ,07:35,09:10,羽田,旭川
2026-09-29,JAL541,HND,KUH,07:45,09:20,羽田,釧路
2026-09-29,JAL573,HND,OBO,07:45,09:15,羽田,帯広
2026-09-29,JAL213,HND,SHM,07:45,08:55,羽田,南紀白浜
2026-09-29,JAL475,HND,TAK,07:50,09:05,羽田,高松
2026-09-29,JAL291,HND,UBJ,08:00,09:40,羽田,山口宇部
2026-09-29,JAL307,HND,FUK,08:00,09:45,羽田,福岡
2026-09-29,JAL661,HND,OIT,08:00,09:35,羽田,大分
2026-09-29,JAL625,HND,KMJ,08:00,09:45,羽田,熊本
2026-09-29,JAL153,HND,MSJ,08:05,09:20,羽田,三沢
2026-09-29,JAL687,HND,KMI,08:05,09:45,羽田,宮崎
2026-09-29,JAL643,HND,KOJ,08:05,09:50,羽田,鹿児島
2026-09-29,JAL905,HND,OKA,08:05,10:40,羽田,那覇
2026-09-29,JAL201,HND,NGO,08:15,09:10,羽田,中部国際
2026-09-29,JAL231,HND,OKJ,08:15,09:30,羽田,岡山
2026-09-29,JAL373,HND,KKJ,08:15,09:50,羽田,北九州
2026-09-29,JAL505,HND,CTS,08:20,09:55,羽田,新千歳
2026-09-29,JAL107,HND,ITM,08:30,09:35,羽田,伊丹
2026-09-29,JAL907,HND,OKA,08:40,11:15,羽田,那覇
2026-09-29,JAL507,HND,CTS,08:50,10:25,羽田,新千歳
2026-09-29,JAL255,HND,HIJ,08:50,10:10,羽田,広島
2026-09-29,JAL309,HND,FUK,09:05,10:55,羽田,福岡
2026-09-29,JAL433,HND,MYJ,09:15,10:40,羽田,松山
2026-09-29,JAL493,HND,KCZ,09:15,10:35,羽田,高知
2026-09-29,JAL311,HND,FUK,09:15,11:05,羽田,福岡
2026-09-29,JAL185,HND,KMQ,09:30,10:35,羽田,小松
2026-09-29,JAL111,HND,ITM,09:35,10:40,羽田,伊丹
2026-09-29,JAL663,HND,OIT,09:35,11:10,羽田,大分
2026-09-29,JAL909,HND,OKA,09:40,12:15,羽田,那覇
2026-09-29,JAL509,HND,CTS,09:45,11:20,羽田,新千歳
2026-09-29,JAL279,HND,IZO,09:50,11:15,羽田,出雲
2026-09-29,JAL477,HND,TAK,09:50,11:05,羽田,高松
2026-09-29,JAL689,HND,KMI,09:55,11:35,羽田,宮崎
2026-09-29,JAL143,HND,AOJ,10:00,11:20,羽田,青森
2026-09-29,JAL313,HND,FUK,10:00,11:45,羽田,福岡
2026-09-29,JAL627,HND,KMJ,10:00,11:45,羽田,熊本
2026-09-29,JAL607,HND,NGS,10:05,11:55,羽田,長崎
2026-09-29,JAL645,HND,KOJ,10:05,11:50,羽田,鹿児島
2026-09-29,JAL257,HND,HIJ,10:10,11:30,羽田,広島
2026-09-29,JAL511,HND,CTS,10:15,11:50,羽田,新千歳
2026-09-29,JAL233,HND,OKJ,10:20,11:40,羽田,岡山
2026-09-29,JAL455,HND,TKS,10:25,11:40,羽田,徳島
2026-09-29,JAL163,HND,AXT,10:30,11:35,羽田,秋田
2026-09-29,JAL113,HND,ITM,10:30,11:35,羽田,伊丹
2026-09-29,JAL913,HND,OKA,10:35,13:10,羽田,那覇
2026-09-29,JAL933,HND,MMY,10:40,13:25,羽田,宮古
2026-09-29,JAL155,HND,MSJ,10:45,12:05,羽田,三沢
2026-09-29,JAL575,HND,OBO,11:00,12:35,羽田,帯広
2026-09-29,JAL315,HND,FUK,11:00,12:50,羽田,福岡
2026-09-29,JAL479,HND,TAK,11:05,12:25,羽田,高松
2026-09-29,JAL553,HND,AKJ,11:10,12:50,羽田,旭川
2026-09-29,JAL513,HND,CTS,11:25,13:05,羽田,新千歳
2026-09-29,JAL629,HND,KMJ,11:25,13:10,羽田,熊本
2026-09-29,JAL659,HND,ASJ,11:25,13:35,羽田,奄美
2026-09-29,JAL115,HND,ITM,11:30,12:35,羽田,伊丹
2026-09-29,JAL215,HND,SHM,11:30,12:40,羽田,南紀白浜
2026-09-29,JAL987,HND,OKA,11:30,14:05,羽田,那覇
2026-09-29,JAL259,HND,HIJ,11:40,13:05,羽田,広島
2026-09-29,JAL691,HND,KMI,11:40,13:25,羽田,宮崎
2026-09-29,JAL317,HND,FUK,11:55,13:45,羽田,福岡
2026-09-29,JAL915,HND,OKA,11:55,14:30,羽田,那覇
2026-09-29,JAL647,HND,KOJ,12:00,13:45,羽田,鹿児島
2026-09-29,JAL665,HND,OIT,12:05,13:40,羽田,大分
2026-09-29,JAL435,HND,MYJ,12:10,13:35,羽田,松山
2026-09-29,JAL543,HND,KUH,12:15,13:50,羽田,釧路
2026-09-29,JAL567,HND,MMB,12:25,14:10,羽田,女満別
2026-09-29,JAL117,HND,ITM,12:30,13:35,羽田,伊丹
2026-09-29,JAL609,HND,NGS,12:30,14:20,羽田,長崎
2026-09-29,JAL225,HND,KIX,12:35,14:00,羽田,関西国際
2026-09-29,JAL515,HND,CTS,12:40,14:15,羽田,新千歳
2026-09-29,JAL459,HND,TKS,12:40,14:00,羽田,徳島
2026-09-29,JAL293,HND,UBJ,12:45,14:20,羽田,山口宇部
2026-09-29,JAL587,HND,HKD,12:50,14:10,羽田,函館
2026-09-29,JAL631,HND,KMJ,12:50,14:35,羽田,熊本
2026-09-29,JAL319,HND,FUK,12:55,14:40,羽田,福岡
2026-09-29,JAL481,HND,TAK,13:00,14:15,羽田,高松
2026-09-29,JAL187,HND,KMQ,13:05,14:10,羽田,小松
2026-09-29,JAL145,HND,AOJ,13:15,14:30,羽田,青森
2026-09-29,JAL517,HND,CTS,13:30,15:05,羽田,新千歳
2026-09-29,JAL119,HND,ITM,13:30,14:35,羽田,伊丹
2026-09-29,JAL611,HND,NGS,13:30,15:20,羽田,長崎
2026-09-29,JAL375,HND,KKJ,13:40,15:15,羽田,北九州
2026-09-29,JAL321,HND,FUK,13:45,15:30,羽田,福岡
2026-09-29,JAL577,HND,OBO,13:50,15:25,羽田,帯広
2026-09-29,JAL917,HND,OKA,13:55,16:25,羽田,那覇
2026-09-29,JAL555,HND,AKJ,14:05,15:40,羽田,旭川
2026-09-29,JAL495,HND,KCZ,14:05,15:25,羽田,高知
2026-09-29,JAL263,HND,HIJ,14:15,15:40,羽田,広島
2026-09-29,JAL649,HND,KOJ,14:15,15:55,羽田,鹿児島
2026-09-29,JAL693,HND,KMI,14:20,16:00,羽田,宮崎
2026-09-29,JAL519,HND,CTS,14:25,16:00,羽田,新千歳
2026-09-29,JAL237,HND,OKJ,14:30,15:45,羽田,岡山
2026-09-29,JAL121,HND,ITM,14:35,15:40,羽田,伊丹
2026-09-29,JAL633,HND,KMJ,14:40,16:20,羽田,熊本
2026-09-29,JAL165,HND,AXT,14:50,15:55,羽田,秋田
2026-09-29,JAL973,HND,ISG,14:50,17:40,羽田,新石垣
2026-09-29,JAL157,HND,MSJ,14:55,16:10,羽田,三沢
2026-09-29,JAL125,HND,ITM,14:55,16:00,羽田,伊丹
2026-09-29,JAL283,HND,IZO,14:55,16:15,羽田,出雲
2026-09-29,JAL667,HND,OIT,15:05,16:40,羽田,大分
2026-09-29,JAL483,HND,TAK,15:10,16:30,羽田,高松
2026-09-29,JAL919,HND,OKA,15:10,17:40,羽田,那覇
2026-09-29,JAL521,HND,CTS,15:25,17:00,羽田,新千歳
2026-09-29,JAL323,HND,FUK,15:25,17:15,羽田,福岡
2026-09-29,JAL437,HND,MYJ,15:30,16:55,羽田,松山
2026-09-29,JAL461,HND,TKS,15:40,16:55,羽田,徳島
2026-09-29,JAL325,HND,FUK,15:55,17:50,羽田,福岡
2026-09-29,JAL921,HND,OKA,15:55,18:25,羽田,那覇
2026-09-29,JAL147,HND,AOJ,16:00,17:10,羽田,青森
2026-09-29,JAL695,HND,KMI,16:25,18:00,羽田,宮崎
2026-09-29,JAL127,HND,ITM,16:30,17:35,羽田,伊丹
2026-09-29,JAL219,HND,SHM,16:30,17:40,羽田,南紀白浜
2026-09-29,JAL651,HND,KOJ,16:30,18:10,羽田,鹿児島
2026-09-29,JAL523,HND,CTS,16:40,18:20,羽田,新千歳
2026-09-29,JAL669,HND,OIT,16:40,18:15,羽田,大分
2026-09-29,JAL295,HND,UBJ,16:45,18:20,羽田,山口宇部
2026-09-29,JAL189,HND,KMQ,16:50,17:55,羽田,小松
2026-09-29,JAL285,HND,IZO,16:55,18:25,羽田,出雲
2026-09-29,JAL439,HND,MYJ,16:55,18:20,羽田,松山
2026-09-29,JAL497,HND,KCZ,16:55,18:15,羽田,高知
2026-09-29,JAL923,HND,OKA,16:55,19:30,羽田,那覇
2026-09-29,JAL327,HND,FUK,17:00,19:00,羽田,福岡
2026-09-29,JAL159,HND,MSJ,17:05,18:30,羽田,三沢
2026-09-29,JAL589,HND,HKD,17:10,18:35,羽田,函館
2026-09-29,JAL569,HND,MMB,17:15,19:10,羽田,女満別
2026-09-29,JAL545,HND,KUH,17:15,19:05,羽田,釧路
2026-09-29,JAL557,HND,AKJ,17:30,19:15,羽田,旭川
2026-09-29,JAL179,HND,GAJ,17:30,18:35,羽田,山形
2026-09-29,JAL239,HND,OKJ,17:30,18:45,羽田,岡山
2026-09-29,JAL525,HND,CTS,17:35,19:15,羽田,新千歳
2026-09-29,JAL579,HND,OBO,17:35,19:20,羽田,帯広
2026-09-29,JAL131,HND,ITM,17:35,18:40,羽田,伊丹
2026-09-29,JAL637,HND,KMJ,17:35,19:20,羽田,熊本
2026-09-29,JAL613,HND,NGS,17:45,19:40,羽田,長崎
2026-09-29,JAL329,HND,FUK,17:55,19:50,羽田,福岡
2026-09-29,JAL653,HND,KOJ,17:55,19:40,羽田,鹿児島
2026-09-29,JAL133,HND,ITM,18:00,19:10,羽田,伊丹
2026-09-29,JAL287,HND,IZO,18:15,19:45,羽田,出雲
2026-09-29,JAL265,HND,HIJ,18:20,19:45,羽田,広島
2026-09-29,JAL463,HND,TKS,18:20,19:35,羽田,徳島
2026-09-29,JAL377,HND,KKJ,18:25,20:00,羽田,北九州
2026-09-29,JAL527,HND,CTS,18:40,20:15,羽田,新千歳
2026-09-29,JAL149,HND,AOJ,18:40,19:55,羽田,青森
2026-09-29,JAL137,HND,ITM,18:40,19:50,羽田,伊丹
2026-09-29,JAL485,HND,TAK,18:40,19:55,羽田,高松
2026-09-29,JAL191,HND,KMQ,18:45,19:50,羽田,小松
2026-09-29,JAL331,HND,FUK,18:45,20:35,羽田,福岡
2026-09-29,JAL499,HND,KCZ,18:55,20:15,羽田,高知
2026-09-29,JAL697,HND,KMI,18:55,20:35,羽田,宮崎
2026-09-29,JAL297,HND,UBJ,19:00,20:35,羽田,山口宇部
2026-09-29,JAL167,HND,AXT,19:10,20:15,羽田,秋田
2026-09-29,JAL139,HND,ITM,19:10,20:30,羽田,伊丹
2026-09-29,JAL639,HND,KMJ,19:10,20:55,羽田,熊本
2026-09-29,JAL333,HND,FUK,19:15,21:05,羽田,福岡
2026-09-29,JAL655,HND,KOJ,19:25,21:05,羽田,鹿児島
2026-09-29,JAL615,HND,NGS,19:30,21:20,羽田,長崎
2026-09-29,JAL335,HND,FUK,19:35,21:30,羽田,福岡
2026-09-29,JAL241,HND,OKJ,19:40,20:55,羽田,岡山
2026-09-29,JAL443,HND,MYJ,19:45,21:10,羽田,松山
2026-09-29,JAL465,HND,TKS,19:45,20:55,羽田,徳島
2026-09-29,JAL151,HND,AOJ,19:50,21:05,羽田,青森
2026-09-29,JAL529,HND,CTS,19:55,21:30,羽田,新千歳
2026-09-29,JAL209,HND,NGO,19:55,20:55,羽田,中部国際
2026-09-29,JAL267,HND,HIJ,19:55,21:20,羽田,広島
2026-09-29,JAL925,HND,OKA,20:05,22:30,羽田,那覇
2026-09-29,JAL487,HND,TAK,20:15,21:30,羽田,高松
2026-09-29,JAL671,HND,OIT,20:15,21:45,羽田,大分
2026-09-29,JAL599,HND,CTS,20:30,22:05,羽田,新千歳
2026-09-29,JAL193,HND,KMQ,20:40,21:40,羽田,小松
2026-09-29,JAL229,HND,KIX,20:40,21:55,羽田,関西国際
2026-09-29,JAL531,HND,CTS,20:45,22:20,羽田,新千歳
2026-09-29,JAL4042,IKI,NGS,09:55,10:25,壱岐,長崎
2026-09-29,JAL4044,IKI,NGS,17:50,18:20,壱岐,長崎
2026-09-29,JTA600,ISG,OKA,08:55,10:00,新石垣,那覇
2026-09-29,RAC741,ISG,OGN,09:55,10:25,新石垣,与那国
2026-09-29,JAL972,ISG,HND,11:10,14:05,新石垣,羽田
2026-09-29,JTA608,ISG,OKA,11:15,12:20,新石垣,那覇
2026-09-29,RAC743,ISG,OGN,12:35,13:05,新石垣,与那国
2026-09-29,JTA612,ISG,OKA,13:00,14:05,新石垣,那覇
2026-09-29,JTA614,ISG,OKA,14:00,15:00,新石垣,那覇
2026-09-29,RAC834,ISG,MMY,14:45,15:15,新石垣,宮古
2026-09-29,JTA622,ISG,OKA,16:25,17:25,新石垣,那覇
2026-09-29,RAC747,ISG,OGN,17:50,18:20,新石垣,与那国
2026-09-29,JTA626,ISG,OKA,18:40,19:45,新石垣,那覇
2026-09-29,RAC838,ISG,MMY,19:00,19:30,新石垣,宮古
2026-09-29,JAL974,ISG,HND,19:15,22:10,新石垣,羽田
2026-09-29,JTA086,ISG,KIX,19:50,22:15,新石垣,関西国際
2026-09-29,JAL102,ITM,HND,07:05,08:15,伊丹,羽田
2026-09-29,JAL2371,ITM,NGS,07:05,08:15,伊丹,長崎
2026-09-29,JAL2401,ITM,KOJ,07:05,08:15,伊丹,鹿児島
2026-09-29,JAL2241,ITM,KIJ,07:10,08:15,伊丹,新潟
2026-09-29,JAL2345,ITM,IZO,07:10,08:00,伊丹,出雲
2026-09-29,JAL2431,ITM,KMI,07:10,08:15,伊丹,宮崎
2026-09-29,JAL2051,ITM,FUK,07:15,08:25,伊丹,福岡
2026-09-29,JAL2361,ITM,OIT,07:15,08:15,伊丹,大分
2026-09-29,JAL2201,ITM,SDJ,07:20,08:35,伊丹,仙台
2026-09-29,JAL2181,ITM,HNA,07:25,08:50,伊丹,花巻
2026-09-29,JAL104,ITM,HND,07:25,08:40,伊丹,羽田
2026-09-29,JAL2383,ITM,KMJ,07:30,08:40,伊丹,熊本
2026-09-29,JAL2001,ITM,CTS,07:40,09:30,伊丹,新千歳
2026-09-29,JAL2151,ITM,AOJ,07:45,09:15,伊丹,青森
2026-09-29,JAL2171,ITM,AXT,07:55,09:10,伊丹,秋田
2026-09-29,JAL2233,ITM,GAJ,08:00,09:15,伊丹,山形
2026-09-29,JAL2081,ITM,OKA,08:20,10:25,伊丹,那覇
2026-09-29,JAL106,ITM,HND,08:25,09:35,伊丹,羽田
2026-09-29,JAL2323,ITM,TJH,09:00,09:40,伊丹,但馬
2026-09-29,JAL2161,ITM,MSJ,09:15,10:45,伊丹,三沢
2026-09-29,JAL110,ITM,HND,09:20,10:35,伊丹,羽田
2026-09-29,JAL2405,ITM,KOJ,09:20,10:30,伊丹,鹿児島
2026-09-29,JAL2203,ITM,SDJ,09:30,10:45,伊丹,仙台
2026-09-29,JAL2301,ITM,MYJ,09:30,10:15,伊丹,松山
2026-09-29,JAL2465,ITM,ASJ,09:35,11:10,伊丹,奄美
2026-09-29,JAL2053,ITM,FUK,09:50,11:00,伊丹,福岡
2026-09-29,JAL2365,ITM,OIT,10:10,11:05,伊丹,大分
2026-09-29,JAL2351,ITM,IZO,10:20,11:10,伊丹,出雲
2026-09-29,JAL2385,ITM,KMJ,10:20,11:25,伊丹,熊本
2026-09-29,JAL112,ITM,HND,10:25,11:35,伊丹,羽田
2026-09-29,JAL2243,ITM,KIJ,10:35,11:35,伊丹,新潟
2026-09-29,JAL2433,ITM,KMI,10:35,11:35,伊丹,宮崎
2026-09-29,JAL2123,ITM,HKD,11:00,12:35,伊丹,函館
2026-09-29,JAL2205,ITM,SDJ,11:00,12:15,伊丹,仙台
2026-09-29,JAL2407,ITM,KOJ,11:05,12:15,伊丹,鹿児島
2026-09-29,JAL2373,ITM,NGS,11:20,12:30,伊丹,長崎
2026-09-29,JAL114,ITM,HND,11:25,12:40,伊丹,羽田
2026-09-29,JAL2451,ITM,KUM,11:25,13:10,伊丹,屋久島
2026-09-29,JAL2005,ITM,CTS,11:45,13:35,伊丹,新千歳
2026-09-29,JAL2183,ITM,HNA,11:45,13:00,伊丹,花巻
2026-09-29,JAL2153,ITM,AOJ,12:00,13:25,伊丹,青森
2026-09-29,JAL2173,ITM,AXT,12:20,13:35,伊丹,秋田
2026-09-29,JAL116,ITM,HND,12:25,13:40,伊丹,羽田
2026-09-29,JAL2007,ITM,CTS,12:45,14:30,伊丹,新千歳
2026-09-29,JAL3881,ITM,KMJ,12:50,14:20,伊丹,熊本
2026-09-29,JAL2375,ITM,NGS,13:00,14:15,伊丹,長崎
2026-09-29,JAL2235,ITM,GAJ,13:10,14:20,伊丹,山形
2026-09-29,JAL2057,ITM,FUK,13:10,14:20,伊丹,福岡
2026-09-29,JAL118,ITM,HND,13:25,14:40,伊丹,羽田
2026-09-29,JAL2185,ITM,HNA,13:35,14:55,伊丹,花巻
2026-09-29,JAL2331,ITM,OKI,13:45,14:35,伊丹,隠岐
2026-09-29,JAL2207,ITM,SDJ,13:50,15:00,伊丹,仙台
2026-09-29,JAL2387,ITM,KMJ,13:50,14:55,伊丹,熊本
2026-09-29,JAL120,ITM,HND,14:20,15:35,伊丹,羽田
2026-09-29,JAL2247,ITM,KIJ,14:30,15:30,伊丹,新潟
2026-09-29,JAL3006,ITM,NRT,14:35,16:00,伊丹,成田
2026-09-29,JAL2355,ITM,IZO,14:35,15:25,伊丹,出雲
2026-09-29,JAL2087,ITM,OKA,14:50,16:50,伊丹,那覇
2026-09-29,JAL2009,ITM,CTS,15:15,17:00,伊丹,新千歳
2026-09-29,JAL2409,ITM,KOJ,15:15,16:20,伊丹,鹿児島
2026-09-29,JAL2209,ITM,SDJ,15:30,16:45,伊丹,仙台
2026-09-29,JAL124,ITM,HND,15:35,17:00,伊丹,羽田
2026-09-29,JAL2163,ITM,MSJ,15:40,17:10,伊丹,三沢
2026-09-29,JAL2411,ITM,KOJ,16:15,17:25,伊丹,鹿児島
2026-09-29,JAL2237,ITM,GAJ,16:25,17:35,伊丹,山形
2026-09-29,JAL2179,ITM,AXT,16:30,17:45,伊丹,秋田
2026-09-29,JAL126,ITM,HND,16:30,17:50,伊丹,羽田
2026-09-29,JAL2309,ITM,MYJ,16:30,17:15,伊丹,松山
2026-09-29,JAL2439,ITM,KMI,16:30,17:35,伊丹,宮崎
2026-09-29,JAL2187,ITM,HNA,16:45,18:10,伊丹,花巻
2026-09-29,JAL2157,ITM,AOJ,16:50,18:15,伊丹,青森
2026-09-29,JAL128,ITM,HND,16:50,18:10,伊丹,羽田
2026-09-29,JAL2325,ITM,TJH,16:55,17:30,伊丹,但馬
2026-09-29,JAL2213,ITM,SDJ,17:10,18:25,伊丹,仙台
2026-09-29,JAL2377,ITM,NGS,17:20,18:35,伊丹,長崎
2026-09-29,JAL2389,ITM,KMJ,17:25,18:30,伊丹,熊本
2026-09-29,JAL2415,ITM,KOJ,17:25,18:35,伊丹,鹿児島
2026-09-29,JAL2443,ITM,KMI,17:30,18:35,伊丹,宮崎
2026-09-29,JAL2251,ITM,KIJ,17:35,18:40,伊丹,新潟
2026-09-29,JAL2367,ITM,OIT,17:40,18:35,伊丹,大分
2026-09-29,JAL2357,ITM,IZO,18:05,18:55,伊丹,出雲
2026-09-29,JAL130,ITM,HND,18:25,19:40,伊丹,羽田
2026-09-29,JAL2019,ITM,CTS,18:40,20:25,伊丹,新千歳
2026-09-29,JAL134,ITM,HND,19:35,20:50,伊丹,羽田
2026-09-29,JAL2217,ITM,SDJ,19:50,21:05,伊丹,仙台
2026-09-29,JAL2061,ITM,FUK,19:55,21:10,伊丹,福岡
2026-09-29,JAL2445,ITM,KMI,19:55,21:00,伊丹,宮崎
2026-09-29,JAL138,ITM,HND,20:05,21:20,伊丹,羽田
2026-09-29,JAL2419,ITM,KOJ,20:05,21:15,伊丹,鹿児島
2026-09-29,JAL276,IZO,HND,07:35,09:00,出雲,羽田
2026-09-29,JAL2344,IZO,ITM,08:30,09:15,出雲,伊丹
2026-09-29,JAL4462,IZO,NKM,08:45,09:45,出雲,名古屋
2026-09-29,JAL3433,IZO,OKI,09:00,09:30,出雲,隠岐
2026-09-29,JAL278,IZO,HND,09:15,10:35,出雲,羽田
2026-09-29,JAL3550,IZO,FUK,11:00,12:10,出雲,福岡
2026-09-29,JAL2346,IZO,ITM,11:40,12:25,出雲,伊丹
2026-09-29,JAL280,IZO,HND,11:55,13:20,出雲,羽田
2026-09-29,JAL2356,IZO,ITM,16:00,16:45,出雲,伊丹
2026-09-29,JAL284,IZO,HND,17:15,18:50,出雲,羽田
2026-09-29,JAL4468,IZO,NKM,18:35,19:35,出雲,名古屋
2026-09-29,JAL286,IZO,HND,19:10,20:35,出雲,羽田
2026-09-29,JAL3554,IZO,FUK,19:15,20:25,出雲,福岡
2026-09-29,JAL2358,IZO,ITM,19:30,20:20,出雲,伊丹
2026-09-29,JAL490,KCZ,HND,07:10,08:30,高知,羽田
2026-09-29,JAL4512,KCZ,NGO,09:15,10:15,高知,中部国際
2026-09-29,JAL492,KCZ,HND,09:35,11:00,高知,羽田
2026-09-29,JAL3582,KCZ,FUK,10:25,11:25,高知,福岡
2026-09-29,JAL494,KCZ,HND,11:15,12:40,高知,羽田
2026-09-29,JAL496,KCZ,HND,16:15,17:45,高知,羽田
2026-09-29,JAL3588,KCZ,FUK,17:30,18:25,高知,福岡
2026-09-29,JAL498,KCZ,HND,19:00,20:25,高知,羽田
2026-09-29,JAL4378,KCZ,NKM,19:50,20:50,高知,名古屋
2026-09-29,JAL2240,KIJ,ITM,08:45,09:50,新潟,伊丹
2026-09-29,JAL4484,KIJ,CTS,11:45,13:00,新潟,新千歳
2026-09-29,JAL2244,KIJ,ITM,12:10,13:15,新潟,伊丹
2026-09-29,JAL4476,KIJ,FUK,12:30,14:20,新潟,福岡
2026-09-29,JAL2246,KIJ,ITM,16:00,17:05,新潟,伊丹
2026-09-29,JAL4486,KIJ,CTS,16:15,17:30,新潟,新千歳
2026-09-29,JAL4436,KIJ,NKM,18:45,19:45,新潟,名古屋
2026-09-29,JAL2250,KIJ,ITM,19:10,20:30,新潟,伊丹
2026-09-29,JAL220,KIX,HND,06:40,07:50,関西国際,羽田
2026-09-29,JTA121,KIX,MMY,07:40,09:55,関西国際,宮古
2026-09-29,JTA001,KIX,OKA,08:20,10:25,関西国際,那覇
2026-09-29,JAL2501,KIX,CTS,09:15,11:10,関西国際,新千歳
2026-09-29,JTA083,KIX,ISG,09:50,12:20,関西国際,新石垣
2026-09-29,JTA005,KIX,OKA,14:05,16:10,関西国際,那覇
2026-09-29,JAL224,KIX,HND,14:45,16:05,関西国際,羽田
2026-09-29,JAL2505,KIX,CTS,15:10,17:05,関西国際,新千歳
2026-09-29,JTA009,KIX,OKA,20:25,22:30,関西国際,那覇
2026-09-29,JAL228,KIX,HND,21:10,22:30,関西国際,羽田
2026-09-29,JAL374,KKJ,HND,10:35,12:10,北九州,羽田
2026-09-29,JAL376,KKJ,HND,15:55,17:40,北九州,羽田
2026-09-29,JAL378,KKJ,HND,20:45,22:20,北九州,羽田
2026-09-29,JAL3780,KKX,KOJ,09:20,10:25,喜界,鹿児島
2026-09-29,JAL3830,KKX,ASJ,10:15,10:35,喜界,奄美
2026-09-29,JAL3786,KKX,KOJ,15:15,16:20,喜界,鹿児島
2026-09-29,JAL3836,KKX,ASJ,16:30,16:50,喜界,奄美
2026-09-29,JAL688,KMI,HND,07:35,09:20,宮崎,羽田
2026-09-29,JAL2430,KMI,ITM,07:35,08:40,宮崎,伊丹
2026-09-29,JAL3624,KMI,FUK,08:30,09:20,宮崎,福岡
2026-09-29,JAL2432,KMI,ITM,08:45,09:50,宮崎,伊丹
2026-09-29,JAL690,KMI,HND,10:30,12:10,宮崎,羽田
2026-09-29,JAL3626,KMI,FUK,11:05,11:55,宮崎,福岡
2026-09-29,JAL692,KMI,HND,12:10,13:55,宮崎,羽田
2026-09-29,JAL2434,KMI,ITM,12:10,13:15,宮崎,伊丹
2026-09-29,JAL3628,KMI,FUK,13:00,13:55,宮崎,福岡
2026-09-29,JAL694,KMI,HND,14:00,15:45,宮崎,羽田
2026-09-29,JAL3630,KMI,FUK,14:00,14:55,宮崎,福岡
2026-09-29,JAL3634,KMI,FUK,15:50,16:40,宮崎,福岡
2026-09-29,JAL696,KMI,HND,16:50,18:35,宮崎,羽田
2026-09-29,JAL3636,KMI,FUK,16:50,17:45,宮崎,福岡
2026-09-29,JAL2440,KMI,ITM,18:05,19:20,宮崎,伊丹
2026-09-29,JAL698,KMI,HND,18:45,20:30,宮崎,羽田
2026-09-29,JAL2444,KMI,ITM,19:05,20:20,宮崎,伊丹
2026-09-29,JAL3642,KMI,FUK,20:35,21:30,宮崎,福岡
2026-09-29,JAL622,KMJ,HND,07:35,09:20,熊本,羽田
2026-09-29,JAL624,KMJ,HND,08:40,10:20,熊本,羽田
2026-09-29,JAL2382,KMJ,ITM,09:15,10:20,熊本,伊丹
2026-09-29,JAL4400,KMJ,NKM,09:45,11:05,熊本,名古屋
2026-09-29,JAL626,KMJ,HND,10:20,12:05,熊本,羽田
2026-09-29,JAL3880,KMJ,ITM,10:45,12:10,熊本,伊丹
2026-09-29,JAL2386,KMJ,ITM,12:00,13:05,熊本,伊丹
2026-09-29,JAL628,KMJ,HND,12:25,14:10,熊本,羽田
2026-09-29,JAL4534,KMJ,NGO,12:40,14:00,熊本,中部国際
2026-09-29,JAL630,KMJ,HND,13:50,15:35,熊本,羽田
2026-09-29,JAL3873,KMJ,AXJ,14:50,15:15,熊本,天草
2026-09-29,JAL632,KMJ,HND,15:20,17:10,熊本,羽田
2026-09-29,JAL2388,KMJ,ITM,15:30,16:35,熊本,伊丹
2026-09-29,JAL4536,KMJ,NGO,16:30,17:50,熊本,中部国際
2026-09-29,JAL634,KMJ,HND,17:20,19:05,熊本,羽田
2026-09-29,JAL2392,KMJ,ITM,19:00,20:20,熊本,伊丹
2026-09-29,JAL4408,KMJ,NKM,20:00,21:20,熊本,名古屋
2026-09-29,JAL638,KMJ,HND,20:05,21:45,熊本,羽田
2026-09-29,JAL182,KMQ,HND,07:35,08:50,小松,羽田
2026-09-29,JAL184,KMQ,HND,08:50,10:00,小松,羽田
2026-09-29,JAL186,KMQ,HND,11:15,12:25,小松,羽田
2026-09-29,JTA037,KMQ,OKA,14:05,16:25,小松,那覇
2026-09-29,JAL188,KMQ,HND,14:50,16:10,小松,羽田
2026-09-29,JAL190,KMQ,HND,18:40,19:55,小松,羽田
2026-09-29,JAL192,KMQ,HND,20:30,21:40,小松,羽田
2026-09-29,JAL3801,KOJ,OKE,07:20,08:45,鹿児島,沖永良部
2026-09-29,JAL640,KOJ,HND,07:30,09:15,鹿児島,羽田
2026-09-29,JAL2400,KOJ,ITM,07:35,08:45,鹿児島,伊丹
2026-09-29,JAL3783,KOJ,KKX,07:35,08:50,鹿児島,喜界
2026-09-29,JAL3721,KOJ,ASJ,07:40,08:55,鹿児島,奄美
2026-09-29,JAL3791,KOJ,TKN,07:50,09:10,鹿児島,徳之島
2026-09-29,JAL3761,KOJ,TNE,08:10,08:50,鹿児島,種子島
2026-09-29,JAL3741,KOJ,KUM,08:40,09:20,鹿児島,屋久島
2026-09-29,JAL642,KOJ,HND,08:50,10:35,鹿児島,羽田
2026-09-29,JAL2402,KOJ,ITM,08:50,10:00,鹿児島,伊丹
2026-09-29,JAL3793,KOJ,TKN,08:55,09:55,鹿児島,徳之島
2026-09-29,JAL3727,KOJ,ASJ,10:15,11:10,鹿児島,奄美
2026-09-29,JAL3743,KOJ,KUM,10:30,11:10,鹿児島,屋久島
2026-09-29,JAL644,KOJ,HND,10:55,12:40,鹿児島,羽田
2026-09-29,JAL2406,KOJ,ITM,11:00,12:10,鹿児島,伊丹
2026-09-29,JAL3763,KOJ,TNE,11:00,11:40,鹿児島,種子島
2026-09-29,JAL3825,KOJ,RNJ,11:10,12:45,鹿児島,与論
2026-09-29,JAL3729,KOJ,ASJ,11:55,12:50,鹿児島,奄美
2026-09-29,JAL3654,KOJ,FUK,12:05,13:05,鹿児島,福岡
2026-09-29,JAL646,KOJ,HND,12:50,14:35,鹿児島,羽田
2026-09-29,JAL2408,KOJ,ITM,12:50,14:00,鹿児島,伊丹
2026-09-29,JAL3795,KOJ,TKN,13:00,14:25,鹿児島,徳之島
2026-09-29,JAL3731,KOJ,ASJ,13:10,14:05,鹿児島,奄美
2026-09-29,JAL3745,KOJ,KUM,13:25,14:05,鹿児島,屋久島
2026-09-29,JAL3785,KOJ,KKX,13:30,14:45,鹿児島,喜界
2026-09-29,JAL648,KOJ,HND,14:35,16:30,鹿児島,羽田
2026-09-29,JAL2410,KOJ,ITM,14:45,15:55,鹿児島,伊丹
2026-09-29,JAL3809,KOJ,OKE,14:55,16:20,鹿児島,沖永良部
2026-09-29,JAL4306,KOJ,FSZ,15:00,16:30,鹿児島,静岡
2026-09-29,JAL3753,KOJ,KUM,15:25,16:05,鹿児島,屋久島
2026-09-29,JAL3797,KOJ,TKN,16:05,17:05,鹿児島,徳之島
2026-09-29,JAL650,KOJ,HND,16:45,18:35,鹿児島,羽田
2026-09-29,JAL3777,KOJ,TNE,16:50,17:30,鹿児島,種子島
2026-09-29,JAL3735,KOJ,ASJ,16:55,17:50,鹿児島,奄美
2026-09-29,JAL3737,KOJ,ASJ,17:15,18:30,鹿児島,奄美
2026-09-29,JAL3759,KOJ,KUM,17:50,18:30,鹿児島,屋久島
2026-09-29,JAL2412,KOJ,ITM,18:05,19:15,鹿児島,伊丹
2026-09-29,JAL3687,KOJ,MYJ,18:50,19:50,鹿児島,松山
2026-09-29,JAL652,KOJ,HND,19:05,20:50,鹿児島,羽田
2026-09-29,JAL2414,KOJ,ITM,19:10,20:30,鹿児島,伊丹
2026-09-29,JAL654,KOJ,HND,20:35,22:25,鹿児島,羽田
2026-09-29,RAC842,KTD,OKA,12:50,13:55,北大東,那覇
2026-09-29,JAL2762,KUH,OKD,09:15,10:05,釧路,丘珠
2026-09-29,JAL540,KUH,HND,10:00,11:45,釧路,羽田
2026-09-29,JAL2764,KUH,OKD,12:55,13:45,釧路,丘珠
2026-09-29,JAL542,KUH,HND,14:50,16:35,釧路,羽田
2026-09-29,JAL2766,KUH,OKD,15:25,16:15,釧路,丘珠
2026-09-29,JAL2768,KUH,OKD,18:00,18:50,釧路,丘珠
2026-09-29,JAL544,KUH,HND,19:50,21:35,釧路,羽田
2026-09-29,JAL3740,KUM,KOJ,09:55,10:30,屋久島,鹿児島
2026-09-29,JAL3744,KUM,KOJ,11:45,12:20,屋久島,鹿児島
2026-09-29,JAL3746,KUM,KOJ,13:40,14:15,屋久島,鹿児島
2026-09-29,JAL2450,KUM,ITM,14:35,16:15,屋久島,伊丹
2026-09-29,JAL3676,KUM,FUK,15:30,16:45,屋久島,福岡
2026-09-29,JAL3750,KUM,KOJ,16:35,17:10,屋久島,鹿児島
2026-09-29,JAL3756,KUM,KOJ,19:00,19:35,屋久島,鹿児島
2026-09-29,JAL2710,MMB,CTS,08:55,09:40,女満別,新千歳
2026-09-29,JAL562,MMB,HND,09:25,11:20,女満別,羽田
2026-09-29,JAL2722,MMB,OKD,10:20,11:10,女満別,丘珠
2026-09-29,JAL2714,MMB,CTS,13:55,14:45,女満別,新千歳
2026-09-29,JAL564,MMB,HND,15:00,16:55,女満別,羽田
2026-09-29,JAL2718,MMB,CTS,17:25,18:10,女満別,新千歳
2026-09-29,JAL2728,MMB,OKD,19:10,20:00,女満別,丘珠
2026-09-29,JAL566,MMB,HND,19:50,21:45,女満別,羽田
2026-09-29,RAC862,MMD,OKA,09:30,10:35,南大東,那覇
2026-09-29,RAC864,MMD,OKA,15:55,16:55,南大東,那覇
2026-09-29,JAL4362,MMJ,UKB,10:00,11:00,松本,神戸
2026-09-29,JAL4352,MMJ,CTS,11:35,13:15,松本,新千歳
2026-09-29,JAL4344,MMJ,FUK,13:10,14:50,松本,福岡
2026-09-29,JAL4372,MMJ,OKD,16:10,17:40,松本,丘珠
2026-09-29,JAL4348,MMJ,FUK,17:45,19:25,松本,福岡
2026-09-29,JTA552,MMY,OKA,08:50,09:45,宮古,那覇
2026-09-29,RAC891,MMY,TRA,09:20,09:45,宮古,多良間
2026-09-29,JTA556,MMY,OKA,10:40,11:35,宮古,那覇
2026-09-29,RAC831,MMY,ISG,11:30,12:00,宮古,新石垣
2026-09-29,JTA558,MMY,OKA,12:10,13:05,宮古,那覇
2026-09-29,JTA560,MMY,OKA,13:25,14:20,宮古,那覇
2026-09-29,JAL934,MMY,HND,14:25,17:15,宮古,羽田
2026-09-29,RAC897,MMY,TRA,15:50,16:15,宮古,多良間
2026-09-29,JTA562,MMY,OKA,16:05,17:00,宮古,那覇
2026-09-29,JTA564,MMY,OKA,16:55,17:50,宮古,那覇
2026-09-29,RAC839,MMY,ISG,17:45,18:15,宮古,新石垣
2026-09-29,JTA572,MMY,OKA,17:55,18:50,宮古,那覇
2026-09-29,JTA128,MMY,KIX,19:25,21:40,宮古,関西国際
2026-09-29,RAC804,MMY,OKA,20:00,20:55,宮古,那覇
2026-09-29,JAL152,MSJ,HND,10:00,11:25,三沢,羽田
2026-09-29,JAL2162,MSJ,ITM,11:20,13:00,三沢,伊丹
2026-09-29,JAL154,MSJ,HND,12:50,14:15,三沢,羽田
2026-09-29,JAL156,MSJ,HND,16:50,18:15,三沢,羽田
2026-09-29,JAL2166,MSJ,ITM,17:45,19:25,三沢,伊丹
2026-09-29,JAL158,MSJ,HND,19:10,20:35,三沢,羽田
2026-09-29,JAL430,MYJ,HND,07:10,08:40,松山,羽田
2026-09-29,JAL3592,MYJ,FUK,08:25,09:15,松山,福岡
2026-09-29,JAL432,MYJ,HND,09:10,10:40,松山,羽田
2026-09-29,JAL2300,MYJ,ITM,10:45,11:35,松山,伊丹
2026-09-29,JAL434,MYJ,HND,11:25,12:55,松山,羽田
2026-09-29,JAL3596,MYJ,FUK,13:30,14:15,松山,福岡
2026-09-29,JAL436,MYJ,HND,14:20,15:55,松山,羽田
2026-09-29,JAL3602,MYJ,FUK,14:45,15:35,松山,福岡
2026-09-29,JAL438,MYJ,HND,17:35,19:10,松山,羽田
2026-09-29,JAL3608,MYJ,FUK,17:45,18:40,松山,福岡
2026-09-29,JAL440,MYJ,HND,19:00,20:35,松山,羽田
2026-09-29,JAL2310,MYJ,ITM,19:00,20:00,松山,伊丹
2026-09-29,JAL3686,MYJ,KOJ,20:20,21:20,松山,鹿児島
2026-09-29,JAL202,NGO,HND,07:40,08:40,中部国際,羽田
2026-09-29,JAL3101,NGO,CTS,08:05,09:50,中部国際,新千歳
2026-09-29,JAL3082,NGO,NRT,08:20,09:30,中部国際,成田
2026-09-29,JTA045,NGO,OKA,08:30,10:45,中部国際,那覇
2026-09-29,JAL4535,NGO,KMJ,10:45,12:10,中部国際,熊本
2026-09-29,JAL3107,NGO,CTS,12:40,14:20,中部国際,新千歳
2026-09-29,JAL3084,NGO,NRT,14:35,15:50,中部国際,成田
2026-09-29,JAL4537,NGO,KMJ,14:35,16:00,中部国際,熊本
2026-09-29,JTA047,NGO,OKA,14:55,17:10,中部国際,那覇
2026-09-29,JAL3117,NGO,CTS,17:30,19:10,中部国際,新千歳
2026-09-29,JAL4517,NGO,KCZ,18:20,19:20,中部国際,高知
2026-09-29,JTA049,NGO,OKA,18:50,21:00,中部国際,那覇
2026-09-29,JAL208,NGO,HND,20:55,22:00,中部国際,羽田
2026-09-29,JAL606,NGS,HND,07:25,09:10,長崎,羽田
2026-09-29,JAL4051,NGS,TSJ,07:30,08:05,長崎,対馬
2026-09-29,JAL2372,NGS,ITM,08:50,10:00,長崎,伊丹
2026-09-29,JAL4041,NGS,IKI,08:55,09:25,長崎,壱岐
2026-09-29,JAL4073,NGS,FUJ,09:50,10:20,長崎,五島福江
2026-09-29,JAL608,NGS,HND,10:00,11:45,長崎,羽田
2026-09-29,JAL4053,NGS,TSJ,11:00,11:35,長崎,対馬
2026-09-29,JAL610,NGS,HND,12:35,14:25,長崎,羽田
2026-09-29,JAL2374,NGS,ITM,13:00,14:10,長崎,伊丹
2026-09-29,JAL4075,NGS,FUJ,13:20,13:50,長崎,五島福江
2026-09-29,JAL2376,NGS,ITM,14:45,15:55,長崎,伊丹
2026-09-29,JAL612,NGS,HND,15:05,17:00,長崎,羽田
2026-09-29,JAL614,NGS,HND,16:05,18:00,長崎,羽田
2026-09-29,JAL4043,NGS,IKI,16:50,17:20,長崎,壱岐
2026-09-29,JAL4061,NGS,TSJ,19:00,19:35,長崎,対馬
2026-09-29,JAL2378,NGS,ITM,19:10,20:25,長崎,伊丹
2026-09-29,JAL616,NGS,HND,20:25,22:10,長崎,羽田
2026-09-29,JAL4381,NKM,FUK,07:00,08:25,名古屋,福岡
2026-09-29,JAL4461,NKM,IZO,07:15,08:15,名古屋,出雲
2026-09-29,JAL4451,NKM,OKD,07:20,09:00,名古屋,丘珠
2026-09-29,JAL4411,NKM,HNA,07:30,08:40,名古屋,花巻
2026-09-29,JAL4377,NKM,KCZ,07:45,08:45,名古屋,高知
2026-09-29,JAL4401,NKM,KMJ,07:50,09:15,名古屋,熊本
2026-09-29,JAL4383,NKM,FUK,08:00,09:25,名古屋,福岡
2026-09-29,JAL4421,NKM,AOJ,08:25,09:45,名古屋,青森
2026-09-29,JAL4441,NKM,GAJ,09:05,10:10,名古屋,山形
2026-09-29,JAL4433,NKM,KIJ,10:20,11:15,名古屋,新潟
2026-09-29,JAL4385,NKM,FUK,10:55,12:20,名古屋,福岡
2026-09-29,JAL4423,NKM,AOJ,11:35,12:55,名古屋,青森
2026-09-29,JAL4413,NKM,HNA,12:15,13:25,名古屋,花巻
2026-09-29,JAL4443,NKM,GAJ,12:20,13:25,名古屋,山形
2026-09-29,JAL4455,NKM,OKD,13:30,15:10,名古屋,丘珠
2026-09-29,JAL4417,NKM,HNA,16:00,17:10,名古屋,花巻
2026-09-29,JAL4457,NKM,OKD,16:50,18:30,名古屋,丘珠
2026-09-29,JAL4467,NKM,IZO,17:05,18:05,名古屋,出雲
2026-09-29,JAL4427,NKM,AOJ,18:00,19:20,名古屋,青森
2026-09-29,JAL4409,NKM,KMJ,18:05,19:30,名古屋,熊本
2026-09-29,JAL3083,NRT,NGO,10:30,11:40,成田,中部国際
2026-09-29,JAL3009,NRT,ITM,18:25,19:50,成田,伊丹
2026-09-29,JAL3087,NRT,NGO,18:55,20:10,成田,中部国際
2026-09-29,JAL570,OBO,HND,09:55,11:40,帯広,羽田
2026-09-29,JAL572,OBO,HND,13:10,14:55,帯広,羽田
2026-09-29,JAL574,OBO,HND,16:15,18:00,帯広,羽田
2026-09-29,JAL576,OBO,HND,20:00,21:40,帯広,羽田
2026-09-29,RAC742,OGN,ISG,08:55,09:25,与那国,新石垣
2026-09-29,RAC724,OGN,OKA,11:15,12:35,与那国,那覇
2026-09-29,RAC744,OGN,ISG,13:35,14:05,与那国,新石垣
2026-09-29,RAC746,OGN,ISG,16:50,17:20,与那国,新石垣
2026-09-29,RAC728,OGN,OKA,18:50,20:10,与那国,那覇
2026-09-29,JAL2792,OIR,HKD,12:45,13:15,奥尻,函館
2026-09-29,JAL662,OIT,HND,07:35,09:10,大分,羽田
2026-09-29,JAL2362,OIT,ITM,08:45,09:40,大分,伊丹
2026-09-29,JAL664,OIT,HND,10:25,11:55,大分,羽田
2026-09-29,JAL2364,OIT,ITM,11:35,12:35,大分,伊丹
2026-09-29,JAL668,OIT,HND,11:50,13:30,大分,羽田
2026-09-29,JAL670,OIT,HND,14:25,16:05,大分,羽田
2026-09-29,JAL672,OIT,HND,17:20,19:00,大分,羽田
2026-09-29,JAL674,OIT,HND,19:05,20:40,大分,羽田
2026-09-29,JAL2366,OIT,ITM,19:10,20:15,大分,伊丹
2026-09-29,JTA002,OKA,KIX,07:10,09:05,那覇,関西国際
2026-09-29,JTA050,OKA,FUK,07:10,08:50,那覇,福岡
2026-09-29,JTA551,OKA,MMY,07:15,08:10,那覇,宮古
2026-09-29,JTA601,OKA,ISG,07:15,08:15,那覇,新石垣
2026-09-29,RAC721,OKA,OGN,07:15,08:25,那覇,与那国
2026-09-29,JAL900,OKA,HND,07:25,09:50,那覇,羽田
2026-09-29,RAC871,OKA,UEO,07:45,08:15,那覇,久米島
2026-09-29,RAC861,OKA,MMD,08:00,09:00,那覇,南大東
2026-09-29,RAC801,OKA,MMY,08:00,08:50,那覇,宮古
2026-09-29,JTA605,OKA,ISG,09:35,10:30,那覇,新石垣
2026-09-29,JAL902,OKA,HND,09:55,12:25,那覇,羽田
2026-09-29,RAC873,OKA,UEO,09:55,10:25,那覇,久米島
2026-09-29,JTA052,OKA,FUK,10:25,12:10,那覇,福岡
2026-09-29,JTA557,OKA,MMY,10:40,11:30,那覇,宮古
2026-09-29,JAL904,OKA,HND,10:50,13:25,那覇,羽田
2026-09-29,JTA036,OKA,KMQ,11:10,13:25,那覇,小松
2026-09-29,JTA004,OKA,KIX,11:10,13:10,那覇,関西国際
2026-09-29,RAC841,OKA,KTD,11:20,12:20,那覇,北大東
2026-09-29,JAL906,OKA,HND,11:40,14:15,那覇,羽田
2026-09-29,JTA042,OKA,NGO,11:55,14:05,那覇,中部国際
2026-09-29,JAL2084,OKA,ITM,11:55,13:55,那覇,伊丹
2026-09-29,JTA559,OKA,MMY,11:55,12:45,那覇,宮古
2026-09-29,JAL908,OKA,HND,12:15,14:50,那覇,羽田
2026-09-29,JTA609,OKA,ISG,12:15,13:15,那覇,新石垣
2026-09-29,JAL910,OKA,HND,13:15,15:50,那覇,羽田
2026-09-29,RAC815,OKA,RNJ,13:15,13:55,那覇,与論
2026-09-29,JTA054,OKA,FUK,13:20,15:05,那覇,福岡
2026-09-29,JTA211,OKA,UEO,13:45,14:20,那覇,久米島
2026-09-29,JAL3867,OKA,ASJ,13:55,14:55,那覇,奄美
2026-09-29,JAL912,OKA,HND,14:00,16:35,那覇,羽田
2026-09-29,RAC863,OKA,MMD,14:25,15:25,那覇,南大東
2026-09-29,JTA563,OKA,MMY,14:30,15:25,那覇,宮古
2026-09-29,JAL3715,OKA,OKE,14:35,15:25,那覇,沖永良部
2026-09-29,JTA617,OKA,ISG,14:45,15:45,那覇,新石垣
2026-09-29,JAL988,OKA,HND,14:55,17:35,那覇,羽田
2026-09-29,RAC727,OKA,OGN,14:55,16:10,那覇,与那国
2026-09-29,JTA058,OKA,FUK,15:00,16:45,那覇,福岡
2026-09-29,JTA565,OKA,MMY,15:25,16:15,那覇,宮古
2026-09-29,JAL914,OKA,HND,15:40,18:15,那覇,羽田
2026-09-29,RAC879,OKA,UEO,15:40,16:15,那覇,久米島
2026-09-29,JTA044,OKA,NGO,15:45,17:55,那覇,中部国際
2026-09-29,JTA571,OKA,MMY,16:25,17:15,那覇,宮古
2026-09-29,JTA621,OKA,ISG,17:00,18:00,那覇,新石垣
2026-09-29,RAC881,OKA,UEO,17:25,17:55,那覇,久米島
2026-09-29,JTA008,OKA,KIX,17:40,19:40,那覇,関西国際
2026-09-29,JAL916,OKA,HND,17:45,20:15,那覇,羽田
2026-09-29,JAL2088,OKA,ITM,17:55,19:55,那覇,伊丹
2026-09-29,JTA573,OKA,MMY,17:55,18:45,那覇,宮古
2026-09-29,JTA625,OKA,ISG,18:10,19:10,那覇,新石垣
2026-09-29,JTA016,OKA,OKJ,18:30,20:20,那覇,岡山
2026-09-29,JTA060,OKA,FUK,18:30,20:10,那覇,福岡
2026-09-29,JAL918,OKA,HND,18:50,21:20,那覇,羽田
2026-09-29,JAL920,OKA,HND,19:30,22:00,那覇,羽田
2026-09-29,JTA062,OKA,FUK,19:40,21:25,那覇,福岡
2026-09-29,JTA046,OKA,NGO,19:45,21:55,那覇,中部国際
2026-09-29,JAL922,OKA,HND,20:30,23:00,那覇,羽田
2026-09-29,JAL2741,OKD,HKD,07:35,08:15,丘珠,函館
2026-09-29,JAL2761,OKD,KUH,08:00,08:45,丘珠,釧路
2026-09-29,JAL2743,OKD,HKD,08:20,09:00,丘珠,函館
2026-09-29,JAL2721,OKD,MMB,09:05,09:50,丘珠,女満別
2026-09-29,JAL4371,OKD,MMJ,09:30,11:05,丘珠,松本
2026-09-29,JAL2731,OKD,SHB,09:55,10:45,丘珠,根室中標津
2026-09-29,JAL2745,OKD,HKD,10:35,11:15,丘珠,函館
2026-09-29,JAL2823,OKD,AXT,10:45,11:55,丘珠,秋田
2026-09-29,JAL4452,OKD,NKM,11:10,12:55,丘珠,名古屋
2026-09-29,JAL2763,OKD,KUH,11:40,12:25,丘珠,釧路
2026-09-29,JAL2749,OKD,HKD,12:45,13:25,丘珠,函館
2026-09-29,JAL2765,OKD,KUH,14:10,14:55,丘珠,釧路
2026-09-29,JAL2751,OKD,HKD,14:45,15:25,丘珠,函館
2026-09-29,JAL2787,OKD,RIS,15:00,15:55,丘珠,利尻
2026-09-29,JAL2737,OKD,SHB,15:10,16:00,丘珠,根室中標津
2026-09-29,JAL4456,OKD,NKM,15:40,17:25,丘珠,名古屋
2026-09-29,JAL2767,OKD,KUH,16:45,17:30,丘珠,釧路
2026-09-29,JAL2825,OKD,AXT,17:05,18:15,丘珠,秋田
2026-09-29,JAL2727,OKD,MMB,17:55,18:40,丘珠,女満別
2026-09-29,JAL2755,OKD,HKD,18:05,18:45,丘珠,函館
2026-09-29,JAL4332,OKD,FSZ,18:15,20:05,丘珠,静岡
2026-09-29,JAL4458,OKD,NKM,19:00,20:45,丘珠,名古屋
2026-09-29,JAL2759,OKD,HKD,19:20,20:00,丘珠,函館
2026-09-29,JAL3800,OKE,KOJ,09:15,10:35,沖永良部,鹿児島
2026-09-29,JAL3716,OKE,OKA,12:55,13:45,沖永良部,那覇
2026-09-29,JAL3710,OKE,TKN,15:55,16:20,沖永良部,徳之島
2026-09-29,JAL3808,OKE,KOJ,16:50,18:10,沖永良部,鹿児島
2026-09-29,JAL3434,OKI,IZO,10:00,10:30,隠岐,出雲
2026-09-29,JAL2332,OKI,ITM,15:05,15:50,隠岐,伊丹
2026-09-29,JAL232,OKJ,HND,07:05,08:25,岡山,羽田
2026-09-29,JTA013,OKJ,OKA,08:30,10:30,岡山,那覇
2026-09-29,JAL234,OKJ,HND,10:15,11:30,岡山,羽田
2026-09-29,JAL236,OKJ,HND,12:20,13:40,岡山,羽田
2026-09-29,JAL240,OKJ,HND,17:30,18:55,岡山,羽田
2026-09-29,JAL242,OKJ,HND,19:25,20:40,岡山,羽田
2026-09-29,JAL2788,RIS,OKD,16:25,17:15,利尻,丘珠
2026-09-29,JAL3866,RNJ,OKA,12:30,13:15,与論,那覇
2026-09-29,JAL3826,RNJ,KOJ,13:15,14:45,与論,鹿児島
2026-09-29,RAC816,RNJ,OKA,14:25,15:00,与論,那覇
2026-09-29,JAL2200,SDJ,ITM,07:35,08:55,仙台,伊丹
2026-09-29,JAL2901,SDJ,CTS,07:50,09:00,仙台,新千歳
2026-09-29,JAL2903,SDJ,CTS,09:10,10:25,仙台,新千歳
2026-09-29,JAL2202,SDJ,ITM,09:15,10:30,仙台,伊丹
2026-09-29,JAL4528,SDJ,FUK,11:15,13:20,仙台,福岡
2026-09-29,JAL2204,SDJ,ITM,11:20,12:35,仙台,伊丹
2026-09-29,JAL2206,SDJ,ITM,12:40,13:55,仙台,伊丹
2026-09-29,JAL2905,SDJ,CTS,12:45,13:55,仙台,新千歳
2026-09-29,JAL2210,SDJ,ITM,15:35,16:50,仙台,伊丹
2026-09-29,JAL2212,SDJ,ITM,16:10,17:25,仙台,伊丹
2026-09-29,JAL2907,SDJ,CTS,17:15,18:25,仙台,新千歳
2026-09-29,JAL4530,SDJ,FUK,17:45,19:50,仙台,福岡
2026-09-29,JAL2216,SDJ,ITM,19:00,20:25,仙台,伊丹
2026-09-29,JAL2909,SDJ,CTS,20:30,21:40,仙台,新千歳
2026-09-29,JAL2732,SHB,OKD,11:15,12:10,根室中標津,丘珠
2026-09-29,JAL2738,SHB,OKD,16:30,17:25,根室中標津,丘珠
2026-09-29,SKY542,SHI,OKA,11:50,12:40,下地島,那覇
2026-09-29,SKY546,SHI,OKA,13:50,14:40,下地島,那覇
2026-09-29,SKY164,SHI,UKB,15:25,17:35,下地島,神戸
2026-09-29,SKY564,SHI,FUK,16:00,18:00,下地島,福岡
2026-09-29,SKY618,SHI,HND,17:10,19:50,下地島,羽田
2026-09-29,JAL212,SHM,HND,09:30,10:40,南紀白浜,羽田
2026-09-29,JAL214,SHM,HND,13:45,15:00,南紀白浜,羽田
2026-09-29,JAL218,SHM,HND,18:25,19:40,南紀白浜,羽田
2026-09-29,JAL474,TAK,HND,07:05,08:25,高松,羽田
2026-09-29,JAL476,TAK,HND,09:45,11:00,高松,羽田
2026-09-29,JAL478,TAK,HND,11:45,13:05,高松,羽田
2026-09-29,JAL480,TAK,HND,13:10,14:30,高松,羽田
2026-09-29,JAL482,TAK,HND,15:15,16:40,高松,羽田
2026-09-29,JAL484,TAK,HND,17:20,18:45,高松,羽田
2026-09-29,JAL486,TAK,HND,20:40,21:55,高松,羽田
2026-09-29,JAL2324,TJH,ITM,10:10,10:45,但馬,伊丹
2026-09-29,JAL2326,TJH,ITM,18:00,18:40,但馬,伊丹
2026-09-29,JAL3842,TKN,ASJ,09:40,10:10,徳之島,奄美
2026-09-29,JAL3792,TKN,KOJ,10:25,11:20,徳之島,鹿児島
2026-09-29,JAL3711,TKN,OKE,12:00,12:25,徳之島,沖永良部
2026-09-29,JAL3794,TKN,KOJ,14:55,16:15,徳之島,鹿児島
2026-09-29,JAL3844,TKN,ASJ,16:50,17:20,徳之島,奄美
2026-09-29,JAL3796,TKN,KOJ,17:40,18:35,徳之島,鹿児島
2026-09-29,JAL3798,TKN,KOJ,19:00,20:15,徳之島,鹿児島
2026-09-29,JAL452,TKS,HND,07:05,08:20,徳島,羽田
2026-09-29,JAL454,TKS,HND,08:55,10:15,徳島,羽田
2026-09-29,JAL3564,TKS,FUK,11:30,12:35,徳島,福岡
2026-09-29,JAL456,TKS,HND,12:20,13:40,徳島,羽田
2026-09-29,JAL460,TKS,HND,14:45,16:10,徳島,羽田
2026-09-29,JAL462,TKS,HND,17:40,19:05,徳島,羽田
2026-09-29,JAL3568,TKS,FUK,20:05,21:10,徳島,福岡
2026-09-29,JAL464,TKS,HND,20:35,21:55,徳島,羽田
2026-09-29,JAL3760,TNE,KOJ,09:20,09:55,種子島,鹿児島
2026-09-29,JAL3764,TNE,KOJ,12:10,12:45,種子島,鹿児島
2026-09-29,JAL3772,TNE,KOJ,18:00,18:35,種子島,鹿児島
2026-09-29,RAC892,TRA,MMY,10:20,10:45,多良間,宮古
2026-09-29,RAC898,TRA,MMY,16:50,17:15,多良間,宮古
2026-09-29,JAL4052,TSJ,NGS,08:35,09:15,対馬,長崎
2026-09-29,JAL4080,TSJ,FUK,08:50,09:25,対馬,福岡
2026-09-29,JAL4082,TSJ,FUK,11:00,11:35,対馬,福岡
2026-09-29,JAL4054,TSJ,NGS,12:05,12:45,対馬,長崎
2026-09-29,JAL4062,TSJ,NGS,20:05,20:45,対馬,長崎
2026-09-29,JAL290,UBJ,HND,07:40,09:20,山口宇部,羽田
2026-09-29,JAL292,UBJ,HND,10:20,12:00,山口宇部,羽田
2026-09-29,JAL294,UBJ,HND,15:00,16:45,山口宇部,羽田
2026-09-29,JAL296,UBJ,HND,19:00,20:40,山口宇部,羽田
2026-09-29,RAC872,UEO,OKA,08:45,09:20,久米島,那覇
2026-09-29,RAC874,UEO,OKA,10:55,11:30,久米島,那覇
2026-09-29,JTA212,UEO,OKA,15:00,15:40,久米島,那覇
2026-09-29,RAC880,UEO,OKA,16:45,17:20,久米島,那覇
2026-09-29,RAC882,UEO,OKA,18:25,19:00,久米島,那覇
2026-09-29,JAL4363,UKB,MMJ,11:40,12:40,神戸,松本
2026-09-30,JAL552,AKJ,HND,09:50,11:35,旭川,羽田
2026-09-30,JAL554,AKJ,HND,13:40,15:25,旭川,羽田
2026-09-30,JAL556,AKJ,HND,16:25,18:15,旭川,羽田
2026-09-30,JAL558,AKJ,HND,19:55,21:40,旭川,羽田
2026-09-30,JAL140,AOJ,HND,07:35,08:55,青森,羽田
2026-09-30,JAL142,AOJ,HND,08:35,09:55,青森,羽田
2026-09-30,JAL2150,AOJ,ITM,09:50,11:20,青森,伊丹
2026-09-30,JAL4422,AOJ,NKM,10:15,11:40,青森,名古屋
2026-09-30,JAL2804,AOJ,CTS,11:00,11:45,青森,新千歳
2026-09-30,JAL144,AOJ,HND,12:00,13:20,青森,羽田
2026-09-30,JAL4424,AOJ,NKM,13:25,14:50,青森,名古屋
2026-09-30,JAL2154,AOJ,ITM,14:00,15:30,青森,伊丹
2026-09-30,JAL2806,AOJ,CTS,15:00,15:45,青森,新千歳
2026-09-30,JAL146,AOJ,HND,15:20,16:40,青森,羽田
2026-09-30,JAL148,AOJ,HND,17:55,19:15,青森,羽田
2026-09-30,JAL2158,AOJ,ITM,18:45,20:30,青森,伊丹
2026-09-30,JAL4428,AOJ,NKM,19:50,21:15,青森,名古屋
2026-09-30,JAL2810,AOJ,CTS,20:15,21:00,青森,新千歳
2026-09-30,JAL150,AOJ,HND,20:45,22:05,青森,羽田
2026-09-30,JAL3722,ASJ,KOJ,08:45,09:35,奄美,鹿児島
2026-09-30,JAL3831,ASJ,KKX,09:25,09:45,奄美,喜界
2026-09-30,JAL3841,ASJ,TKN,10:55,11:25,奄美,徳之島
2026-09-30,JAL3861,ASJ,RNJ,11:15,12:00,奄美,与論
2026-09-30,JAL3726,ASJ,KOJ,11:45,12:35,奄美,鹿児島
2026-09-30,JAL2464,ASJ,ITM,12:05,13:35,奄美,伊丹
2026-09-30,JAL3728,ASJ,KOJ,13:20,14:15,奄美,鹿児島
2026-09-30,JAL658,ASJ,HND,14:20,16:30,奄美,羽田
2026-09-30,JAL3730,ASJ,KOJ,14:35,15:30,奄美,鹿児島
2026-09-30,JAL3837,ASJ,KKX,15:40,16:00,奄美,喜界
2026-09-30,JAL3734,ASJ,KOJ,17:25,18:30,奄美,鹿児島
2026-09-30,JAL3843,ASJ,TKN,18:00,18:30,奄美,徳之島
2026-09-30,JAL3684,ASJ,FUK,18:20,19:40,奄美,福岡
2026-09-30,JAL3738,ASJ,KOJ,19:00,20:05,奄美,鹿児島
2026-09-30,JAL3890,AXJ,FUK,07:40,08:20,天草,福岡
2026-09-30,JAL3872,AXJ,KMJ,09:55,10:15,天草,熊本
2026-09-30,JAL3894,AXJ,FUK,15:45,16:25,天草,福岡
2026-09-30,JAL3898,AXJ,FUK,18:00,18:40,天草,福岡
2026-09-30,JAL162,AXT,HND,08:45,09:55,秋田,羽田
2026-09-30,JAL2172,AXT,ITM,09:45,11:10,秋田,伊丹
2026-09-30,JAL164,AXT,HND,12:10,13:20,秋田,羽田
2026-09-30,JAL2824,AXT,OKD,12:25,13:30,秋田,丘珠
2026-09-30,JAL2174,AXT,ITM,14:10,15:35,秋田,伊丹
2026-09-30,JAL166,AXT,HND,17:00,18:10,秋田,羽田
2026-09-30,JAL2176,AXT,ITM,18:15,19:40,秋田,伊丹
2026-09-30,JAL2826,AXT,OKD,18:45,19:50,秋田,丘珠
2026-09-30,JAL168,AXT,HND,20:50,22:00,秋田,羽田
2026-09-30,JAL2900,CTS,SDJ,07:35,08:40,新千歳,仙台
2026-09-30,JAL590,CTS,HND,07:35,09:10,新千歳,羽田
2026-09-30,JAL2713,CTS,MMB,07:40,08:25,新千歳,女満別
2026-09-30,JAL500,CTS,HND,07:40,09:20,新千歳,羽田
2026-09-30,JAL502,CTS,HND,08:50,10:25,新千歳,羽田
2026-09-30,JAL2000,CTS,ITM,09:00,10:50,新千歳,伊丹
2026-09-30,JAL2803,CTS,AOJ,09:40,10:25,新千歳,青森
2026-09-30,JAL504,CTS,HND,09:45,11:25,新千歳,羽田
2026-09-30,JAL3106,CTS,NGO,10:10,11:55,新千歳,中部国際
2026-09-30,JAL2831,CTS,HNA,10:15,11:10,新千歳,花巻
2026-09-30,JAL3510,CTS,FUK,10:30,12:55,新千歳,福岡
2026-09-30,JAL4483,CTS,KIJ,10:40,12:00,新千歳,新潟
2026-09-30,JAL506,CTS,HND,10:50,12:30,新千歳,羽田
2026-09-30,JAL2902,CTS,SDJ,11:00,12:10,新千歳,仙台
2026-09-30,JAL508,CTS,HND,11:25,13:05,新千歳,羽田
2026-09-30,JAL2504,CTS,KIX,11:50,14:05,新千歳,関西国際
2026-09-30,JAL2004,CTS,ITM,12:05,14:00,新千歳,伊丹
2026-09-30,JAL2715,CTS,MMB,12:30,13:15,新千歳,女満別
2026-09-30,JAL510,CTS,HND,12:45,14:30,新千歳,羽田
2026-09-30,JAL3512,CTS,FUK,13:30,15:55,新千歳,福岡
2026-09-30,JAL4324,CTS,FSZ,13:35,15:30,新千歳,静岡
2026-09-30,JAL2805,CTS,AOJ,13:40,14:25,新千歳,青森
2026-09-30,JAL512,CTS,HND,14:00,15:40,新千歳,羽田
2026-09-30,JAL4485,CTS,KIJ,14:05,15:25,新千歳,新潟
2026-09-30,JAL4491,CTS,GAJ,14:35,15:50,新千歳,山形
2026-09-30,JAL2904,CTS,SDJ,14:35,15:40,新千歳,仙台
2026-09-30,JAL3406,CTS,HIJ,15:00,17:05,新千歳,広島
2026-09-30,JAL3114,CTS,NGO,15:05,16:50,新千歳,中部国際
2026-09-30,JAL2008,CTS,ITM,15:05,17:00,新千歳,伊丹
2026-09-30,JAL514,CTS,HND,15:10,16:55,新千歳,羽田
2026-09-30,JAL4353,CTS,MMJ,15:40,17:15,新千歳,松本
2026-09-30,JAL2010,CTS,ITM,15:55,17:45,新千歳,伊丹
2026-09-30,JAL516,CTS,HND,16:05,17:45,新千歳,羽田
2026-09-30,JAL2719,CTS,MMB,16:10,16:50,新千歳,女満別
2026-09-30,JAL2839,CTS,HNA,16:30,17:25,新千歳,花巻
2026-09-30,JAL518,CTS,HND,17:00,18:45,新千歳,羽田
2026-09-30,JAL520,CTS,HND,17:15,18:55,新千歳,羽田
2026-09-30,JAL2016,CTS,ITM,17:45,19:40,新千歳,伊丹
2026-09-30,JAL2506,CTS,KIX,17:55,20:10,新千歳,関西国際
2026-09-30,JAL522,CTS,HND,18:00,19:45,新千歳,羽田
2026-09-30,JAL4472,CTS,FUK,18:05,20:55,新千歳,福岡
2026-09-30,JAL2809,CTS,AOJ,18:45,19:30,新千歳,青森
2026-09-30,JAL2906,CTS,SDJ,18:55,20:00,新千歳,仙台
2026-09-30,JAL524,CTS,HND,19:15,20:55,新千歳,羽田
2026-09-30,JAL2910,CTS,SDJ,19:45,20:50,新千歳,仙台
2026-09-30,JAL3118,CTS,NGO,19:55,21:40,新千歳,中部国際
2026-09-30,JAL526,CTS,HND,20:15,21:55,新千歳,羽田
2026-09-30,JAL528,CTS,HND,21:10,22:55,新千歳,羽田
2026-09-30,JAL530,CTS,HND,21:20,23:05,新千歳,羽田
2026-09-30,JAL4312,FSZ,FUK,08:10,09:50,静岡,福岡
2026-09-30,JAL4331,FSZ,OKD,08:55,10:40,静岡,丘珠
2026-09-30,JAL4323,FSZ,CTS,12:10,14:00,静岡,新千歳
2026-09-30,JAL4305,FSZ,KOJ,12:40,14:15,静岡,鹿児島
2026-09-30,JAL4314,FSZ,FUK,16:15,18:00,静岡,福岡
2026-09-30,JAL4316,FSZ,FUK,17:00,18:45,静岡,福岡
2026-09-30,JAL4094,FUJ,FUK,10:50,11:35,五島福江,福岡
2026-09-30,JAL4074,FUJ,NGS,13:40,14:10,五島福江,長崎
2026-09-30,JAL4098,FUJ,FUK,14:20,15:05,五島福江,福岡
2026-09-30,JAL4078,FUJ,NGS,17:00,17:30,五島福江,長崎
2026-09-30,JAL4096,FUJ,FUK,17:55,18:40,五島福江,福岡
2026-09-30,JAL300,FUK,HND,07:00,08:45,福岡,羽田
2026-09-30,JAL3681,FUK,ASJ,07:05,08:15,福岡,奄美
2026-09-30,JAL3591,FUK,MYJ,07:10,07:55,福岡,松山
2026-09-30,JAL3551,FUK,IZO,07:15,08:25,福岡,出雲
2026-09-30,JAL3623,FUK,KMI,07:15,08:00,福岡,宮崎
2026-09-30,JTA051,FUK,OKA,07:15,08:50,福岡,那覇
2026-09-30,JAL302,FUK,HND,07:20,09:05,福岡,羽田
2026-09-30,JAL4471,FUK,CTS,07:45,10:05,福岡,新千歳
2026-09-30,JAL4079,FUK,TSJ,07:45,08:20,福岡,対馬
2026-09-30,JAL2050,FUK,ITM,07:50,08:55,福岡,伊丹
2026-09-30,JAL4341,FUK,MMJ,08:00,09:30,福岡,松本
2026-09-30,JAL304,FUK,HND,08:05,09:50,福岡,羽田
2026-09-30,JAL3891,FUK,AXJ,08:50,09:25,福岡,天草
2026-09-30,JAL4529,FUK,SDJ,08:55,10:45,福岡,仙台
2026-09-30,JAL3581,FUK,KCZ,09:00,09:55,福岡,高知
2026-09-30,JAL306,FUK,HND,09:10,10:55,福岡,羽田
2026-09-30,JTA053,FUK,OKA,09:30,11:15,福岡,那覇
2026-09-30,JAL3625,FUK,KMI,09:45,10:35,福岡,宮崎
2026-09-30,JAL3563,FUK,TKS,09:55,10:55,福岡,徳島
2026-09-30,JAL4313,FUK,FSZ,09:55,11:25,福岡,静岡
2026-09-30,JAL4081,FUK,TSJ,09:55,10:30,福岡,対馬
2026-09-30,JAL308,FUK,HND,10:00,11:45,福岡,羽田
2026-09-30,JAL4315,FUK,FSZ,10:25,11:55,福岡,静岡
2026-09-30,JAL310,FUK,HND,11:00,12:50,福岡,羽田
2026-09-30,JAL3627,FUK,KMI,11:40,12:30,福岡,宮崎
2026-09-30,JAL3513,FUK,CTS,11:50,14:10,福岡,新千歳
2026-09-30,JAL312,FUK,HND,11:55,13:40,福岡,羽田
2026-09-30,JAL3595,FUK,MYJ,11:55,12:40,福岡,松山
2026-09-30,JAL4095,FUK,FUJ,12:10,13:00,福岡,五島福江
2026-09-30,JAL3629,FUK,KMI,12:40,13:25,福岡,宮崎
2026-09-30,JAL314,FUK,HND,12:50,14:40,福岡,羽田
2026-09-30,JAL3653,FUK,KOJ,12:50,13:40,福岡,鹿児島
2026-09-30,JAL4525,FUK,HNA,12:55,14:50,福岡,花巻
2026-09-30,JTA057,FUK,OKA,12:55,14:40,福岡,那覇
2026-09-30,JAL3601,FUK,MYJ,13:30,14:15,福岡,松山
2026-09-30,JAL3673,FUK,KUM,13:50,15:00,福岡,屋久島
2026-09-30,JAL4345,FUK,MMJ,13:55,15:25,福岡,松本
2026-09-30,JAL316,FUK,HND,14:00,15:50,福岡,羽田
2026-09-30,JAL3515,FUK,CTS,14:15,16:30,福岡,新千歳
2026-09-30,JAL318,FUK,HND,14:30,16:25,福岡,羽田
2026-09-30,JAL3633,FUK,KMI,14:30,15:20,福岡,宮崎
2026-09-30,JAL4390,FUK,NKM,14:55,16:15,福岡,名古屋
2026-09-30,JAL2056,FUK,ITM,15:00,16:15,福岡,伊丹
2026-09-30,JAL4531,FUK,SDJ,15:25,17:15,福岡,仙台
2026-09-30,JAL3635,FUK,KMI,15:25,16:10,福岡,宮崎
2026-09-30,JAL4099,FUK,FUJ,15:40,16:30,福岡,五島福江
2026-09-30,JAL2058,FUK,ITM,15:50,17:00,福岡,伊丹
2026-09-30,JTA061,FUK,OKA,15:55,17:35,福岡,那覇
2026-09-30,JAL320,FUK,HND,16:00,17:50,福岡,羽田
2026-09-30,JAL3587,FUK,KCZ,16:10,17:00,福岡,高知
2026-09-30,JAL322,FUK,HND,16:30,18:20,福岡,羽田
2026-09-30,JAL4477,FUK,KIJ,16:35,18:15,福岡,新潟
2026-09-30,JAL4097,FUK,FUJ,16:40,17:25,福岡,五島福江
2026-09-30,JAL3895,FUK,AXJ,16:55,17:30,福岡,天草
2026-09-30,JAL324,FUK,HND,17:05,18:55,福岡,羽田
2026-09-30,JTA063,FUK,OKA,17:25,19:05,福岡,那覇
2026-09-30,JAL3555,FUK,IZO,17:35,18:45,福岡,出雲
2026-09-30,JAL3607,FUK,MYJ,17:40,18:25,福岡,松山
2026-09-30,JAL326,FUK,HND,18:15,20:05,福岡,羽田
2026-09-30,JAL3567,FUK,TKS,18:20,19:20,福岡,徳島
2026-09-30,JAL4317,FUK,FSZ,18:50,20:20,福岡,静岡
2026-09-30,JAL2060,FUK,ITM,19:00,20:20,福岡,伊丹
2026-09-30,JAL328,FUK,HND,19:10,20:55,福岡,羽田
2026-09-30,JAL3899,FUK,AXJ,19:10,19:45,福岡,天草
2026-09-30,JAL4392,FUK,NKM,19:15,20:35,福岡,名古屋
2026-09-30,JAL3639,FUK,KMI,19:15,20:00,福岡,宮崎
2026-09-30,JAL330,FUK,HND,20:00,21:45,福岡,羽田
2026-09-30,JAL4394,FUK,NKM,20:00,21:20,福岡,名古屋
2026-09-30,JTA065,FUK,OKA,20:55,22:30,福岡,那覇
2026-09-30,JAL332,FUK,HND,21:00,22:45,福岡,羽田
2026-09-30,JAL2234,GAJ,ITM,08:50,10:10,山形,伊丹
2026-09-30,JAL174,GAJ,HND,09:50,10:55,山形,羽田
2026-09-30,JAL4442,GAJ,NKM,10:40,11:50,山形,名古屋
2026-09-30,JAL4490,GAJ,CTS,13:55,15:05,山形,新千歳
2026-09-30,JAL2236,GAJ,ITM,14:50,16:10,山形,伊丹
2026-09-30,JAL4446,GAJ,NKM,16:20,17:30,山形,名古屋
2026-09-30,JAL2238,GAJ,ITM,18:05,19:20,山形,伊丹
2026-09-30,JAL178,GAJ,HND,19:10,20:15,山形,羽田
2026-09-30,JAL252,HIJ,HND,07:35,09:00,広島,羽田
2026-09-30,JAL254,HIJ,HND,09:25,10:50,広島,羽田
2026-09-30,JAL3403,HIJ,CTS,10:50,12:45,広島,新千歳
2026-09-30,JAL256,HIJ,HND,12:10,13:35,広島,羽田
2026-09-30,JAL258,HIJ,HND,13:45,15:10,広島,羽田
2026-09-30,JAL262,HIJ,HND,16:25,17:55,広島,羽田
2026-09-30,JAL264,HIJ,HND,18:10,19:40,広島,羽田
2026-09-30,JAL266,HIJ,HND,20:35,22:00,広島,羽田
2026-09-30,JAL2740,HKD,OKD,07:50,08:30,函館,丘珠
2026-09-30,JAL2742,HKD,OKD,08:45,09:25,函館,丘珠
2026-09-30,JAL2744,HKD,OKD,09:30,10:10,函館,丘珠
2026-09-30,JAL584,HKD,HND,09:40,11:10,函館,羽田
2026-09-30,JAL2791,HKD,OIR,11:45,12:15,函館,奥尻
2026-09-30,JAL2124,HKD,ITM,13:10,14:50,函館,伊丹
2026-09-30,JAL2748,HKD,OKD,13:45,14:25,函館,丘珠
2026-09-30,JAL2750,HKD,OKD,14:00,14:40,函館,丘珠
2026-09-30,JAL586,HKD,HND,15:00,16:25,函館,羽田
2026-09-30,JAL2752,HKD,OKD,15:55,16:35,函館,丘珠
2026-09-30,JAL2756,HKD,OKD,19:15,19:55,函館,丘珠
2026-09-30,JAL588,HKD,HND,19:30,21:00,函館,羽田
2026-09-30,JAL4412,HNA,NKM,09:10,10:25,花巻,名古屋
2026-09-30,JAL2180,HNA,ITM,09:20,10:45,花巻,伊丹
2026-09-30,JAL2830,HNA,CTS,11:40,12:35,花巻,新千歳
2026-09-30,JAL2182,HNA,ITM,13:30,14:55,花巻,伊丹
2026-09-30,JAL4524,HNA,FUK,13:55,16:05,花巻,福岡
2026-09-30,JAL4416,HNA,NKM,15:20,16:35,花巻,名古屋
2026-09-30,JAL2186,HNA,ITM,15:25,16:50,花巻,伊丹
2026-09-30,JAL4418,HNA,NKM,17:40,18:55,花巻,名古屋
2026-09-30,JAL2838,HNA,CTS,17:55,18:55,花巻,新千歳
2026-09-30,JAL2190,HNA,ITM,18:40,20:15,花巻,伊丹
2026-09-30,JAL623,HND,KMJ,06:20,08:00,羽田,熊本
2026-09-30,JAL303,HND,FUK,06:25,08:10,羽田,福岡
2026-09-30,JAL641,HND,KOJ,06:25,08:05,羽田,鹿児島
2026-09-30,JAL101,HND,ITM,06:30,07:35,羽田,伊丹
2026-09-30,JAL901,HND,OKA,06:30,09:00,羽田,那覇
2026-09-30,JAL501,HND,CTS,06:35,08:05,羽田,新千歳
2026-09-30,JAL141,HND,AOJ,06:45,07:55,羽田,青森
2026-09-30,JAL431,HND,MYJ,06:50,08:15,羽田,松山
2026-09-30,JAL161,HND,AXT,07:00,08:05,羽田,秋田
2026-09-30,JAL453,HND,TKS,07:00,08:10,羽田,徳島
2026-09-30,JAL565,HND,MMB,07:05,08:45,羽田,女満別
2026-09-30,JAL305,HND,FUK,07:05,08:50,羽田,福岡
2026-09-30,JAL971,HND,ISG,07:05,09:55,羽田,新石垣
2026-09-30,JAL183,HND,KMQ,07:10,08:10,羽田,小松
2026-09-30,JAL277,HND,IZO,07:10,08:30,羽田,出雲
2026-09-30,JAL503,HND,CTS,07:15,08:45,羽田,新千歳
2026-09-30,JAL175,HND,GAJ,07:20,08:15,羽田,山形
2026-09-30,JAL221,HND,KIX,07:20,08:35,羽田,関西国際
2026-09-30,JAL903,HND,OKA,07:20,09:50,羽田,那覇
2026-09-30,JAL253,HND,HIJ,07:25,08:40,羽田,広島
2026-09-30,JAL585,HND,HKD,07:30,08:50,羽田,函館
2026-09-30,JAL103,HND,ITM,07:30,08:35,羽田,伊丹
2026-09-30,JAL491,HND,KCZ,07:30,08:50,羽田,高知
2026-09-30,JAL605,HND,NGS,07:30,09:15,羽田,長崎
2026-09-30,JAL551,HND,AKJ,07:35,09:10,羽田,旭川
2026-09-30,JAL541,HND,KUH,07:45,09:20,羽田,釧路
2026-09-30,JAL573,HND,OBO,07:45,09:15,羽田,帯広
2026-09-30,JAL213,HND,SHM,07:45,08:55,羽田,南紀白浜
2026-09-30,JAL475,HND,TAK,07:50,09:05,羽田,高松
2026-09-30,JAL291,HND,UBJ,08:00,09:40,羽田,山口宇部
2026-09-30,JAL307,HND,FUK,08:00,09:45,羽田,福岡
2026-09-30,JAL661,HND,OIT,08:00,09:35,羽田,大分
2026-09-30,JAL625,HND,KMJ,08:00,09:45,羽田,熊本
2026-09-30,JAL153,HND,MSJ,08:05,09:20,羽田,三沢
2026-09-30,JAL687,HND,KMI,08:05,09:45,羽田,宮崎
2026-09-30,JAL643,HND,KOJ,08:05,09:50,羽田,鹿児島
2026-09-30,JAL905,HND,OKA,08:05,10:40,羽田,那覇
2026-09-30,JAL201,HND,NGO,08:15,09:10,羽田,中部国際
2026-09-30,JAL231,HND,OKJ,08:15,09:30,羽田,岡山
2026-09-30,JAL373,HND,KKJ,08:15,09:50,羽田,北九州
2026-09-30,JAL505,HND,CTS,08:20,09:55,羽田,新千歳
2026-09-30,JAL107,HND,ITM,08:30,09:35,羽田,伊丹
2026-09-30,JAL907,HND,OKA,08:40,11:15,羽田,那覇
2026-09-30,JAL507,HND,CTS,08:50,10:25,羽田,新千歳
2026-09-30,JAL255,HND,HIJ,08:50,10:10,羽田,広島
2026-09-30,JAL309,HND,FUK,09:05,10:55,羽田,福岡
2026-09-30,JAL433,HND,MYJ,09:15,10:40,羽田,松山
2026-09-30,JAL493,HND,KCZ,09:15,10:35,羽田,高知
2026-09-30,JAL311,HND,FUK,09:15,11:05,羽田,福岡
2026-09-30,JAL185,HND,KMQ,09:30,10:35,羽田,小松
2026-09-30,JAL111,HND,ITM,09:35,10:40,羽田,伊丹
2026-09-30,JAL663,HND,OIT,09:35,11:10,羽田,大分
2026-09-30,JAL909,HND,OKA,09:40,12:15,羽田,那覇
2026-09-30,JAL509,HND,CTS,09:45,11:20,羽田,新千歳
2026-09-30,JAL279,HND,IZO,09:50,11:15,羽田,出雲
2026-09-30,JAL477,HND,TAK,09:50,11:05,羽田,高松
2026-09-30,JAL689,HND,KMI,09:55,11:35,羽田,宮崎
2026-09-30,JAL143,HND,AOJ,10:00,11:20,羽田,青森
2026-09-30,JAL313,HND,FUK,10:00,11:45,羽田,福岡
2026-09-30,JAL627,HND,KMJ,10:00,11:45,羽田,熊本
2026-09-30,JAL607,HND,NGS,10:05,11:55,羽田,長崎
2026-09-30,JAL645,HND,KOJ,10:05,11:50,羽田,鹿児島
2026-09-30,JAL257,HND,HIJ,10:10,11:30,羽田,広島
2026-09-30,JAL511,HND,CTS,10:15,11:50,羽田,新千歳
2026-09-30,JAL233,HND,OKJ,10:20,11:40,羽田,岡山
2026-09-30,JAL455,HND,TKS,10:25,11:40,羽田,徳島
2026-09-30,JAL163,HND,AXT,10:30,11:35,羽田,秋田
2026-09-30,JAL113,HND,ITM,10:30,11:35,羽田,伊丹
2026-09-30,JAL913,HND,OKA,10:35,13:10,羽田,那覇
2026-09-30,JAL933,HND,MMY,10:40,13:25,羽田,宮古
2026-09-30,JAL155,HND,MSJ,10:45,12:05,羽田,三沢
2026-09-30,JAL575,HND,OBO,11:00,12:35,羽田,帯広
2026-09-30,JAL315,HND,FUK,11:00,12:50,羽田,福岡
2026-09-30,JAL479,HND,TAK,11:05,12:25,羽田,高松
2026-09-30,JAL553,HND,AKJ,11:10,12:50,羽田,旭川
2026-09-30,JAL513,HND,CTS,11:25,13:05,羽田,新千歳
2026-09-30,JAL629,HND,KMJ,11:25,13:10,羽田,熊本
2026-09-30,JAL659,HND,ASJ,11:25,13:35,羽田,奄美
2026-09-30,JAL115,HND,ITM,11:30,12:35,羽田,伊丹
2026-09-30,JAL215,HND,SHM,11:30,12:40,羽田,南紀白浜
2026-09-30,JAL987,HND,OKA,11:30,14:05,羽田,那覇
2026-09-30,JAL259,HND,HIJ,11:40,13:05,羽田,広島
2026-09-30,JAL691,HND,KMI,11:40,13:25,羽田,宮崎
2026-09-30,JAL317,HND,FUK,11:55,13:45,羽田,福岡
2026-09-30,JAL915,HND,OKA,11:55,14:30,羽田,那覇
2026-09-30,JAL647,HND,KOJ,12:00,13:45,羽田,鹿児島
2026-09-30,JAL665,HND,OIT,12:05,13:40,羽田,大分
2026-09-30,JAL435,HND,MYJ,12:10,13:35,羽田,松山
2026-09-30,JAL543,HND,KUH,12:15,13:50,羽田,釧路
2026-09-30,JAL567,HND,MMB,12:25,14:10,羽田,女満別
2026-09-30,JAL117,HND,ITM,12:30,13:35,羽田,伊丹
2026-09-30,JAL609,HND,NGS,12:30,14:20,羽田,長崎
2026-09-30,JAL225,HND,KIX,12:35,14:00,羽田,関西国際
2026-09-30,JAL515,HND,CTS,12:40,14:15,羽田,新千歳
2026-09-30,JAL459,HND,TKS,12:40,14:00,羽田,徳島
2026-09-30,JAL293,HND,UBJ,12:45,14:20,羽田,山口宇部
2026-09-30,JAL587,HND,HKD,12:50,14:10,羽田,函館
2026-09-30,JAL631,HND,KMJ,12:50,14:35,羽田,熊本
2026-09-30,JAL319,HND,FUK,12:55,14:40,羽田,福岡
2026-09-30,JAL481,HND,TAK,13:00,14:15,羽田,高松
2026-09-30,JAL187,HND,KMQ,13:05,14:10,羽田,小松
2026-09-30,JAL145,HND,AOJ,13:15,14:30,羽田,青森
2026-09-30,JAL517,HND,CTS,13:30,15:05,羽田,新千歳
2026-09-30,JAL119,HND,ITM,13:30,14:35,羽田,伊丹
2026-09-30,JAL611,HND,NGS,13:30,15:20,羽田,長崎
2026-09-30,JAL375,HND,KKJ,13:40,15:15,羽田,北九州
2026-09-30,JAL321,HND,FUK,13:45,15:30,羽田,福岡
2026-09-30,JAL577,HND,OBO,13:50,15:25,羽田,帯広
2026-09-30,JAL917,HND,OKA,13:55,16:25,羽田,那覇
2026-09-30,JAL555,HND,AKJ,14:05,15:40,羽田,旭川
2026-09-30,JAL495,HND,KCZ,14:05,15:25,羽田,高知
2026-09-30,JAL263,HND,HIJ,14:15,15:40,羽田,広島
2026-09-30,JAL649,HND,KOJ,14:15,15:55,羽田,鹿児島
2026-09-30,JAL693,HND,KMI,14:20,16:00,羽田,宮崎
2026-09-30,JAL519,HND,CTS,14:25,16:00,羽田,新千歳
2026-09-30,JAL237,HND,OKJ,14:30,15:45,羽田,岡山
2026-09-30,JAL121,HND,ITM,14:35,15:40,羽田,伊丹
2026-09-30,JAL633,HND,KMJ,14:40,16:20,羽田,熊本
2026-09-30,JAL165,HND,AXT,14:50,15:55,羽田,秋田
2026-09-30,JAL973,HND,ISG,14:50,17:40,羽田,新石垣
2026-09-30,JAL157,HND,MSJ,14:55,16:10,羽田,三沢
2026-09-30,JAL125,HND,ITM,14:55,16:00,羽田,伊丹
2026-09-30,JAL283,HND,IZO,14:55,16:15,羽田,出雲
2026-09-30,JAL667,HND,OIT,15:05,16:40,羽田,大分
2026-09-30,JAL483,HND,TAK,15:10,16:30,羽田,高松
2026-09-30,JAL919,HND,OKA,15:10,17:40,羽田,那覇
2026-09-30,JAL521,HND,CTS,15:25,17:00,羽田,新千歳
2026-09-30,JAL323,HND,FUK,15:25,17:15,羽田,福岡
2026-09-30,JAL437,HND,MYJ,15:30,16:55,羽田,松山
2026-09-30,JAL461,HND,TKS,15:40,16:55,羽田,徳島
2026-09-30,JAL325,HND,FUK,15:55,17:50,羽田,福岡
2026-09-30,JAL921,HND,OKA,15:55,18:25,羽田,那覇
2026-09-30,JAL147,HND,AOJ,16:00,17:10,羽田,青森
2026-09-30,JAL695,HND,KMI,16:25,18:00,羽田,宮崎
2026-09-30,JAL127,HND,ITM,16:30,17:35,羽田,伊丹
2026-09-30,JAL219,HND,SHM,16:30,17:40,羽田,南紀白浜
2026-09-30,JAL651,HND,KOJ,16:30,18:10,羽田,鹿児島
2026-09-30,JAL523,HND,CTS,16:40,18:20,羽田,新千歳
2026-09-30,JAL669,HND,OIT,16:40,18:15,羽田,大分
2026-09-30,JAL295,HND,UBJ,16:45,18:20,羽田,山口宇部
2026-09-30,JAL189,HND,KMQ,16:50,17:55,羽田,小松
2026-09-30,JAL285,HND,IZO,16:55,18:25,羽田,出雲
2026-09-30,JAL439,HND,MYJ,16:55,18:20,羽田,松山
2026-09-30,JAL497,HND,KCZ,16:55,18:15,羽田,高知
2026-09-30,JAL923,HND,OKA,16:55,19:30,羽田,那覇
2026-09-30,JAL327,HND,FUK,17:00,19:00,羽田,福岡
2026-09-30,JAL159,HND,MSJ,17:05,18:30,羽田,三沢
2026-09-30,JAL589,HND,HKD,17:10,18:35,羽田,函館
2026-09-30,JAL569,HND,MMB,17:15,19:10,羽田,女満別
2026-09-30,JAL545,HND,KUH,17:15,19:05,羽田,釧路
2026-09-30,JAL557,HND,AKJ,17:30,19:15,羽田,旭川
2026-09-30,JAL179,HND,GAJ,17:30,18:35,羽田,山形
2026-09-30,JAL239,HND,OKJ,17:30,18:45,羽田,岡山
2026-09-30,JAL525,HND,CTS,17:35,19:15,羽田,新千歳
2026-09-30,JAL579,HND,OBO,17:35,19:20,羽田,帯広
2026-09-30,JAL131,HND,ITM,17:35,18:40,羽田,伊丹
2026-09-30,JAL637,HND,KMJ,17:35,19:20,羽田,熊本
2026-09-30,JAL613,HND,NGS,17:45,19:40,羽田,長崎
2026-09-30,JAL329,HND,FUK,17:55,19:50,羽田,福岡
2026-09-30,JAL653,HND,KOJ,17:55,19:40,羽田,鹿児島
2026-09-30,JAL133,HND,ITM,18:00,19:10,羽田,伊丹
2026-09-30,JAL287,HND,IZO,18:15,19:45,羽田,出雲
2026-09-30,JAL265,HND,HIJ,18:20,19:45,羽田,広島
2026-09-30,JAL463,HND,TKS,18:20,19:35,羽田,徳島
2026-09-30,JAL377,HND,KKJ,18:25,20:00,羽田,北九州
2026-09-30,JAL527,HND,CTS,18:40,20:15,羽田,新千歳
2026-09-30,JAL149,HND,AOJ,18:40,19:55,羽田,青森
2026-09-30,JAL137,HND,ITM,18:40,19:50,羽田,伊丹
2026-09-30,JAL485,HND,TAK,18:40,19:55,羽田,高松
2026-09-30,JAL191,HND,KMQ,18:45,19:50,羽田,小松
2026-09-30,JAL331,HND,FUK,18:45,20:35,羽田,福岡
2026-09-30,JAL499,HND,KCZ,18:55,20:15,羽田,高知
2026-09-30,JAL697,HND,KMI,18:55,20:35,羽田,宮崎
2026-09-30,JAL297,HND,UBJ,19:00,20:35,羽田,山口宇部
2026-09-30,JAL167,HND,AXT,19:10,20:15,羽田,秋田
2026-09-30,JAL139,HND,ITM,19:10,20:30,羽田,伊丹
2026-09-30,JAL639,HND,KMJ,19:10,20:55,羽田,熊本
2026-09-30,JAL333,HND,FUK,19:15,21:05,羽田,福岡
2026-09-30,JAL655,HND,KOJ,19:25,21:05,羽田,鹿児島
2026-09-30,JAL615,HND,NGS,19:30,21:20,羽田,長崎
2026-09-30,JAL335,HND,FUK,19:35,21:30,羽田,福岡
2026-09-30,JAL241,HND,OKJ,19:40,20:55,羽田,岡山
2026-09-30,JAL443,HND,MYJ,19:45,21:10,羽田,松山
2026-09-30,JAL465,HND,TKS,19:45,20:55,羽田,徳島
2026-09-30,JAL151,HND,AOJ,19:50,21:05,羽田,青森
2026-09-30,JAL529,HND,CTS,19:55,21:30,羽田,新千歳
2026-09-30,JAL209,HND,NGO,19:55,20:55,羽田,中部国際
2026-09-30,JAL267,HND,HIJ,19:55,21:20,羽田,広島
2026-09-30,JAL925,HND,OKA,20:05,22:30,羽田,那覇
2026-09-30,JAL487,HND,TAK,20:15,21:30,羽田,高松
2026-09-30,JAL671,HND,OIT,20:15,21:45,羽田,大分
2026-09-30,JAL599,HND,CTS,20:30,22:05,羽田,新千歳
2026-09-30,JAL193,HND,KMQ,20:40,21:40,羽田,小松
2026-09-30,JAL229,HND,KIX,20:40,21:55,羽田,関西国際
2026-09-30,JAL531,HND,CTS,20:45,22:20,羽田,新千歳
2026-09-30,JAL4042,IKI,NGS,09:55,10:25,壱岐,長崎
2026-09-30,JAL4044,IKI,NGS,17:50,18:20,壱岐,長崎
2026-09-30,JTA600,ISG,OKA,08:55,10:00,新石垣,那覇
2026-09-30,RAC741,ISG,OGN,09:55,10:25,新石垣,与那国
2026-09-30,JAL972,ISG,HND,11:10,14:05,新石垣,羽田
2026-09-30,JTA608,ISG,OKA,11:15,12:20,新石垣,那覇
2026-09-30,RAC743,ISG,OGN,12:35,13:05,新石垣,与那国
2026-09-30,JTA612,ISG,OKA,13:00,14:05,新石垣,那覇
2026-09-30,JTA614,ISG,OKA,14:00,15:00,新石垣,那覇
2026-09-30,RAC834,ISG,MMY,14:45,15:15,新石垣,宮古
2026-09-30,JTA622,ISG,OKA,16:25,17:25,新石垣,那覇
2026-09-30,RAC747,ISG,OGN,17:50,18:20,新石垣,与那国
2026-09-30,JTA626,ISG,OKA,18:40,19:45,新石垣,那覇
2026-09-30,RAC838,ISG,MMY,19:00,19:30,新石垣,宮古
2026-09-30,JAL974,ISG,HND,19:15,22:10,新石垣,羽田
2026-09-30,JTA086,ISG,KIX,19:50,22:15,新石垣,関西国際
2026-09-30,JAL102,ITM,HND,07:05,08:15,伊丹,羽田
2026-09-30,JAL2371,ITM,NGS,07:05,08:15,伊丹,長崎
2026-09-30,JAL2401,ITM,KOJ,07:05,08:15,伊丹,鹿児島
2026-09-30,JAL2241,ITM,KIJ,07:10,08:15,伊丹,新潟
2026-09-30,JAL2345,ITM,IZO,07:10,08:00,伊丹,出雲
2026-09-30,JAL2431,ITM,KMI,07:10,08:15,伊丹,宮崎
2026-09-30,JAL2051,ITM,FUK,07:15,08:25,伊丹,福岡
2026-09-30,JAL2361,ITM,OIT,07:15,08:15,伊丹,大分
2026-09-30,JAL2201,ITM,SDJ,07:20,08:35,伊丹,仙台
2026-09-30,JAL2181,ITM,HNA,07:25,08:50,伊丹,花巻
2026-09-30,JAL104,ITM,HND,07:25,08:40,伊丹,羽田
2026-09-30,JAL2383,ITM,KMJ,07:30,08:40,伊丹,熊本
2026-09-30,JAL2001,ITM,CTS,07:40,09:30,伊丹,新千歳
2026-09-30,JAL2151,ITM,AOJ,07:45,09:15,伊丹,青森
2026-09-30,JAL2171,ITM,AXT,07:55,09:10,伊丹,秋田
2026-09-30,JAL2233,ITM,GAJ,08:00,09:15,伊丹,山形
2026-09-30,JAL2081,ITM,OKA,08:20,10:25,伊丹,那覇
2026-09-30,JAL106,ITM,HND,08:25,09:35,伊丹,羽田
2026-09-30,JAL2323,ITM,TJH,09:00,09:40,伊丹,但馬
2026-09-30,JAL2161,ITM,MSJ,09:15,10:45,伊丹,三沢
2026-09-30,JAL110,ITM,HND,09:20,10:35,伊丹,羽田
2026-09-30,JAL2405,ITM,KOJ,09:20,10:30,伊丹,鹿児島
2026-09-30,JAL2203,ITM,SDJ,09:30,10:45,伊丹,仙台
2026-09-30,JAL2301,ITM,MYJ,09:30,10:15,伊丹,松山
2026-09-30,JAL2465,ITM,ASJ,09:35,11:10,伊丹,奄美
2026-09-30,JAL2053,ITM,FUK,09:50,11:00,伊丹,福岡
2026-09-30,JAL2365,ITM,OIT,10:10,11:05,伊丹,大分
2026-09-30,JAL2351,ITM,IZO,10:20,11:10,伊丹,出雲
2026-09-30,JAL2385,ITM,KMJ,10:20,11:25,伊丹,熊本
2026-09-30,JAL112,ITM,HND,10:25,11:35,伊丹,羽田
2026-09-30,JAL2243,ITM,KIJ,10:35,11:35,伊丹,新潟
2026-09-30,JAL2433,ITM,KMI,10:35,11:35,伊丹,宮崎
2026-09-30,JAL2123,ITM,HKD,11:00,12:35,伊丹,函館
2026-09-30,JAL2205,ITM,SDJ,11:00,12:15,伊丹,仙台
2026-09-30,JAL2407,ITM,KOJ,11:05,12:15,伊丹,鹿児島
2026-09-30,JAL2373,ITM,NGS,11:20,12:30,伊丹,長崎
2026-09-30,JAL114,ITM,HND,11:25,12:40,伊丹,羽田
2026-09-30,JAL2451,ITM,KUM,11:25,13:10,伊丹,屋久島
2026-09-30,JAL2005,ITM,CTS,11:45,13:35,伊丹,新千歳
2026-09-30,JAL2183,ITM,HNA,11:45,13:00,伊丹,花巻
2026-09-30,JAL2153,ITM,AOJ,12:00,13:25,伊丹,青森
2026-09-30,JAL2173,ITM,AXT,12:20,13:35,伊丹,秋田
2026-09-30,JAL116,ITM,HND,12:25,13:40,伊丹,羽田
2026-09-30,JAL2007,ITM,CTS,12:45,14:30,伊丹,新千歳
2026-09-30,JAL3881,ITM,KMJ,12:50,14:20,伊丹,熊本
2026-09-30,JAL2375,ITM,NGS,13:00,14:15,伊丹,長崎
2026-09-30,JAL2235,ITM,GAJ,13:10,14:20,伊丹,山形
2026-09-30,JAL2057,ITM,FUK,13:10,14:20,伊丹,福岡
2026-09-30,JAL118,ITM,HND,13:25,14:40,伊丹,羽田
2026-09-30,JAL2185,ITM,HNA,13:35,14:55,伊丹,花巻
2026-09-30,JAL2331,ITM,OKI,13:45,14:35,伊丹,隠岐
2026-09-30,JAL2207,ITM,SDJ,13:50,15:00,伊丹,仙台
2026-09-30,JAL2387,ITM,KMJ,13:50,14:55,伊丹,熊本
2026-09-30,JAL120,ITM,HND,14:20,15:35,伊丹,羽田
2026-09-30,JAL2247,ITM,KIJ,14:30,15:30,伊丹,新潟
2026-09-30,JAL3006,ITM,NRT,14:35,16:00,伊丹,成田
2026-09-30,JAL2355,ITM,IZO,14:35,15:25,伊丹,出雲
2026-09-30,JAL2087,ITM,OKA,14:50,16:50,伊丹,那覇
2026-09-30,JAL2009,ITM,CTS,15:15,17:00,伊丹,新千歳
2026-09-30,JAL2409,ITM,KOJ,15:15,16:20,伊丹,鹿児島
2026-09-30,JAL2209,ITM,SDJ,15:30,16:45,伊丹,仙台
2026-09-30,JAL124,ITM,HND,15:35,17:00,伊丹,羽田
2026-09-30,JAL2163,ITM,MSJ,15:40,17:10,伊丹,三沢
2026-09-30,JAL2411,ITM,KOJ,16:15,17:25,伊丹,鹿児島
2026-09-30,JAL2237,ITM,GAJ,16:25,17:35,伊丹,山形
2026-09-30,JAL2179,ITM,AXT,16:30,17:45,伊丹,秋田
2026-09-30,JAL126,ITM,HND,16:30,17:50,伊丹,羽田
2026-09-30,JAL2309,ITM,MYJ,16:30,17:15,伊丹,松山
2026-09-30,JAL2439,ITM,KMI,16:30,17:35,伊丹,宮崎
2026-09-30,JAL2187,ITM,HNA,16:45,18:10,伊丹,花巻
2026-09-30,JAL2157,ITM,AOJ,16:50,18:15,伊丹,青森
2026-09-30,JAL128,ITM,HND,16:50,18:10,伊丹,羽田
2026-09-30,JAL2325,ITM,TJH,16:55,17:30,伊丹,但馬
2026-09-30,JAL2213,ITM,SDJ,17:10,18:25,伊丹,仙台
2026-09-30,JAL2377,ITM,NGS,17:20,18:35,伊丹,長崎
2026-09-30,JAL2389,ITM,KMJ,17:25,18:30,伊丹,熊本
2026-09-30,JAL2415,ITM,KOJ,17:25,18:35,伊丹,鹿児島
2026-09-30,JAL2443,ITM,KMI,17:30,18:35,伊丹,宮崎
2026-09-30,JAL2251,ITM,KIJ,17:35,18:40,伊丹,新潟
2026-09-30,JAL2367,ITM,OIT,17:40,18:35,伊丹,大分
2026-09-30,JAL2357,ITM,IZO,18:05,18:55,伊丹,出雲
2026-09-30,JAL130,ITM,HND,18:25,19:40,伊丹,羽田
2026-09-30,JAL2019,ITM,CTS,18:40,20:25,伊丹,新千歳
2026-09-30,JAL134,ITM,HND,19:35,20:50,伊丹,羽田
2026-09-30,JAL2217,ITM,SDJ,19:50,21:05,伊丹,仙台
2026-09-30,JAL2061,ITM,FUK,19:55,21:10,伊丹,福岡
2026-09-30,JAL2445,ITM,KMI,19:55,21:00,伊丹,宮崎
2026-09-30,JAL138,ITM,HND,20:05,21:20,伊丹,羽田
2026-09-30,JAL2419,ITM,KOJ,20:05,21:15,伊丹,鹿児島
2026-09-30,JAL276,IZO,HND,07:35,09:00,出雲,羽田
2026-09-30,JAL2344,IZO,ITM,08:30,09:15,出雲,伊丹
2026-09-30,JAL4462,IZO,NKM,08:45,09:45,出雲,名古屋
2026-09-30,JAL3433,IZO,OKI,09:00,09:30,出雲,隠岐
2026-09-30,JAL278,IZO,HND,09:15,10:35,出雲,羽田
2026-09-30,JAL3550,IZO,FUK,11:00,12:10,出雲,福岡
2026-09-30,JAL2346,IZO,ITM,11:40,12:25,出雲,伊丹
2026-09-30,JAL280,IZO,HND,11:55,13:20,出雲,羽田
2026-09-30,JAL2356,IZO,ITM,16:00,16:45,出雲,伊丹
2026-09-30,JAL284,IZO,HND,17:15,18:50,出雲,羽田
2026-09-30,JAL4468,IZO,NKM,18:35,19:35,出雲,名古屋
2026-09-30,JAL286,IZO,HND,19:10,20:35,出雲,羽田
2026-09-30,JAL3554,IZO,FUK,19:15,20:25,出雲,福岡
2026-09-30,JAL2358,IZO,ITM,19:30,20:20,出雲,伊丹
2026-09-30,JAL490,KCZ,HND,07:10,08:30,高知,羽田
2026-09-30,JAL4512,KCZ,NGO,09:15,10:15,高知,中部国際
2026-09-30,JAL492,KCZ,HND,09:35,11:00,高知,羽田
2026-09-30,JAL3582,KCZ,FUK,10:25,11:25,高知,福岡
2026-09-30,JAL494,KCZ,HND,11:15,12:40,高知,羽田
2026-09-30,JAL496,KCZ,HND,16:15,17:45,高知,羽田
2026-09-30,JAL3588,KCZ,FUK,17:30,18:25,高知,福岡
2026-09-30,JAL498,KCZ,HND,19:00,20:25,高知,羽田
2026-09-30,JAL4378,KCZ,NKM,19:50,20:50,高知,名古屋
2026-09-30,JAL2240,KIJ,ITM,08:45,09:50,新潟,伊丹
2026-09-30,JAL4484,KIJ,CTS,11:45,13:00,新潟,新千歳
2026-09-30,JAL2244,KIJ,ITM,12:10,13:15,新潟,伊丹
2026-09-30,JAL4476,KIJ,FUK,12:30,14:20,新潟,福岡
2026-09-30,JAL2246,KIJ,ITM,16:00,17:05,新潟,伊丹
2026-09-30,JAL4486,KIJ,CTS,16:15,17:30,新潟,新千歳
2026-09-30,JAL4436,KIJ,NKM,18:45,19:45,新潟,名古屋
2026-09-30,JAL2250,KIJ,ITM,19:10,20:30,新潟,伊丹
2026-09-30,JAL220,KIX,HND,06:40,07:50,関西国際,羽田
2026-09-30,JTA121,KIX,MMY,07:40,09:55,関西国際,宮古
2026-09-30,JTA001,KIX,OKA,08:20,10:25,関西国際,那覇
2026-09-30,JAL2501,KIX,CTS,09:15,11:10,関西国際,新千歳
2026-09-30,JTA083,KIX,ISG,09:50,12:20,関西国際,新石垣
2026-09-30,JTA005,KIX,OKA,14:05,16:10,関西国際,那覇
2026-09-30,JAL224,KIX,HND,14:45,16:05,関西国際,羽田
2026-09-30,JAL2505,KIX,CTS,15:10,17:05,関西国際,新千歳
2026-09-30,JTA009,KIX,OKA,20:25,22:30,関西国際,那覇
2026-09-30,JAL228,KIX,HND,21:10,22:30,関西国際,羽田
2026-09-30,JAL374,KKJ,HND,10:35,12:10,北九州,羽田
2026-09-30,JAL376,KKJ,HND,15:55,17:40,北九州,羽田
2026-09-30,JAL378,KKJ,HND,20:45,22:20,北九州,羽田
2026-09-30,JAL3780,KKX,KOJ,09:20,10:25,喜界,鹿児島
2026-09-30,JAL3830,KKX,ASJ,10:15,10:35,喜界,奄美
2026-09-30,JAL3786,KKX,KOJ,15:15,16:20,喜界,鹿児島
2026-09-30,JAL3836,KKX,ASJ,16:30,16:50,喜界,奄美
2026-09-30,JAL688,KMI,HND,07:35,09:20,宮崎,羽田
2026-09-30,JAL2430,KMI,ITM,07:35,08:40,宮崎,伊丹
2026-09-30,JAL3624,KMI,FUK,08:30,09:20,宮崎,福岡
2026-09-30,JAL2432,KMI,ITM,08:45,09:50,宮崎,伊丹
2026-09-30,JAL690,KMI,HND,10:30,12:10,宮崎,羽田
2026-09-30,JAL3626,KMI,FUK,11:05,11:55,宮崎,福岡
2026-09-30,JAL692,KMI,HND,12:10,13:55,宮崎,羽田
2026-09-30,JAL2434,KMI,ITM,12:10,13:15,宮崎,伊丹
2026-09-30,JAL3628,KMI,FUK,13:00,13:55,宮崎,福岡
2026-09-30,JAL694,KMI,HND,14:00,15:45,宮崎,羽田
2026-09-30,JAL3630,KMI,FUK,14:00,14:55,宮崎,福岡
2026-09-30,JAL3634,KMI,FUK,15:50,16:40,宮崎,福岡
2026-09-30,JAL696,KMI,HND,16:50,18:35,宮崎,羽田
2026-09-30,JAL3636,KMI,FUK,16:50,17:45,宮崎,福岡
2026-09-30,JAL2440,KMI,ITM,18:05,19:20,宮崎,伊丹
2026-09-30,JAL698,KMI,HND,18:45,20:30,宮崎,羽田
2026-09-30,JAL2444,KMI,ITM,19:05,20:20,宮崎,伊丹
2026-09-30,JAL3642,KMI,FUK,20:35,21:30,宮崎,福岡
2026-09-30,JAL622,KMJ,HND,07:35,09:20,熊本,羽田
2026-09-30,JAL624,KMJ,HND,08:40,10:20,熊本,羽田
2026-09-30,JAL2382,KMJ,ITM,09:15,10:20,熊本,伊丹
2026-09-30,JAL4400,KMJ,NKM,09:45,11:05,熊本,名古屋
2026-09-30,JAL626,KMJ,HND,10:20,12:05,熊本,羽田
2026-09-30,JAL3880,KMJ,ITM,10:45,12:10,熊本,伊丹
2026-09-30,JAL2386,KMJ,ITM,12:00,13:05,熊本,伊丹
2026-09-30,JAL628,KMJ,HND,12:25,14:10,熊本,羽田
2026-09-30,JAL4534,KMJ,NGO,12:40,14:00,熊本,中部国際
2026-09-30,JAL630,KMJ,HND,13:50,15:35,熊本,羽田
2026-09-30,JAL3873,KMJ,AXJ,14:50,15:15,熊本,天草
2026-09-30,JAL632,KMJ,HND,15:20,17:10,熊本,羽田
2026-09-30,JAL2388,KMJ,ITM,15:30,16:35,熊本,伊丹
2026-09-30,JAL4536,KMJ,NGO,16:30,17:50,熊本,中部国際
2026-09-30,JAL634,KMJ,HND,17:20,19:05,熊本,羽田
2026-09-30,JAL2392,KMJ,ITM,19:00,20:20,熊本,伊丹
2026-09-30,JAL4408,KMJ,NKM,20:00,21:20,熊本,名古屋
2026-09-30,JAL638,KMJ,HND,20:05,21:45,熊本,羽田
2026-09-30,JAL182,KMQ,HND,07:35,08:50,小松,羽田
2026-09-30,JAL184,KMQ,HND,08:50,10:00,小松,羽田
2026-09-30,JAL186,KMQ,HND,11:15,12:25,小松,羽田
2026-09-30,JTA037,KMQ,OKA,14:05,16:25,小松,那覇
2026-09-30,JAL188,KMQ,HND,14:50,16:10,小松,羽田
2026-09-30,JAL190,KMQ,HND,18:40,19:55,小松,羽田
2026-09-30,JAL192,KMQ,HND,20:30,21:40,小松,羽田
2026-09-30,JAL3801,KOJ,OKE,07:20,08:45,鹿児島,沖永良部
2026-09-30,JAL640,KOJ,HND,07:30,09:15,鹿児島,羽田
2026-09-30,JAL2400,KOJ,ITM,07:35,08:45,鹿児島,伊丹
2026-09-30,JAL3783,KOJ,KKX,07:35,08:50,鹿児島,喜界
2026-09-30,JAL3721,KOJ,ASJ,07:40,08:55,鹿児島,奄美
2026-09-30,JAL3791,KOJ,TKN,07:50,09:10,鹿児島,徳之島
2026-09-30,JAL3761,KOJ,TNE,08:10,08:50,鹿児島,種子島
2026-09-30,JAL3741,KOJ,KUM,08:40,09:20,鹿児島,屋久島
2026-09-30,JAL642,KOJ,HND,08:50,10:35,鹿児島,羽田
2026-09-30,JAL2402,KOJ,ITM,08:50,10:00,鹿児島,伊丹
2026-09-30,JAL3793,KOJ,TKN,08:55,09:55,鹿児島,徳之島
2026-09-30,JAL3727,KOJ,ASJ,10:15,11:10,鹿児島,奄美
2026-09-30,JAL3743,KOJ,KUM,10:30,11:10,鹿児島,屋久島
2026-09-30,JAL644,KOJ,HND,10:55,12:40,鹿児島,羽田
2026-09-30,JAL2406,KOJ,ITM,11:00,12:10,鹿児島,伊丹
2026-09-30,JAL3763,KOJ,TNE,11:00,11:40,鹿児島,種子島
2026-09-30,JAL3825,KOJ,RNJ,11:10,12:45,鹿児島,与論
2026-09-30,JAL3729,KOJ,ASJ,11:55,12:50,鹿児島,奄美
2026-09-30,JAL3654,KOJ,FUK,12:05,13:05,鹿児島,福岡
2026-09-30,JAL646,KOJ,HND,12:50,14:35,鹿児島,羽田
2026-09-30,JAL2408,KOJ,ITM,12:50,14:00,鹿児島,伊丹
2026-09-30,JAL3795,KOJ,TKN,13:00,14:25,鹿児島,徳之島
2026-09-30,JAL3731,KOJ,ASJ,13:10,14:05,鹿児島,奄美
2026-09-30,JAL3745,KOJ,KUM,13:25,14:05,鹿児島,屋久島
2026-09-30,JAL3785,KOJ,KKX,13:30,14:45,鹿児島,喜界
2026-09-30,JAL648,KOJ,HND,14:35,16:30,鹿児島,羽田
2026-09-30,JAL2410,KOJ,ITM,14:45,15:55,鹿児島,伊丹
2026-09-30,JAL3809,KOJ,OKE,14:55,16:20,鹿児島,沖永良部
2026-09-30,JAL4306,KOJ,FSZ,15:00,16:30,鹿児島,静岡
2026-09-30,JAL3753,KOJ,KUM,15:25,16:05,鹿児島,屋久島
2026-09-30,JAL3797,KOJ,TKN,16:05,17:05,鹿児島,徳之島
2026-09-30,JAL650,KOJ,HND,16:45,18:35,鹿児島,羽田
2026-09-30,JAL3777,KOJ,TNE,16:50,17:30,鹿児島,種子島
2026-09-30,JAL3735,KOJ,ASJ,16:55,17:50,鹿児島,奄美
2026-09-30,JAL3737,KOJ,ASJ,17:15,18:30,鹿児島,奄美
2026-09-30,JAL3759,KOJ,KUM,17:50,18:30,鹿児島,屋久島
2026-09-30,JAL2412,KOJ,ITM,18:05,19:15,鹿児島,伊丹
2026-09-30,JAL3687,KOJ,MYJ,18:50,19:50,鹿児島,松山
2026-09-30,JAL652,KOJ,HND,19:05,20:50,鹿児島,羽田
2026-09-30,JAL2414,KOJ,ITM,19:10,20:30,鹿児島,伊丹
2026-09-30,JAL654,KOJ,HND,20:35,22:25,鹿児島,羽田
2026-09-30,RAC842,KTD,OKA,12:50,13:55,北大東,那覇
2026-09-30,JAL2762,KUH,OKD,09:15,10:05,釧路,丘珠
2026-09-30,JAL540,KUH,HND,10:00,11:45,釧路,羽田
2026-09-30,JAL2764,KUH,OKD,12:55,13:45,釧路,丘珠
2026-09-30,JAL542,KUH,HND,14:50,16:35,釧路,羽田
2026-09-30,JAL2766,KUH,OKD,15:25,16:15,釧路,丘珠
2026-09-30,JAL2768,KUH,OKD,18:00,18:50,釧路,丘珠
2026-09-30,JAL544,KUH,HND,19:50,21:35,釧路,羽田
2026-09-30,JAL3740,KUM,KOJ,09:55,10:30,屋久島,鹿児島
2026-09-30,JAL3744,KUM,KOJ,11:45,12:20,屋久島,鹿児島
2026-09-30,JAL3746,KUM,KOJ,13:40,14:15,屋久島,鹿児島
2026-09-30,JAL2450,KUM,ITM,14:35,16:15,屋久島,伊丹
2026-09-30,JAL3676,KUM,FUK,15:30,16:45,屋久島,福岡
2026-09-30,JAL3750,KUM,KOJ,16:35,17:10,屋久島,鹿児島
2026-09-30,JAL3756,KUM,KOJ,19:00,19:35,屋久島,鹿児島
2026-09-30,JAL2710,MMB,CTS,08:55,09:40,女満別,新千歳
2026-09-30,JAL562,MMB,HND,09:25,11:20,女満別,羽田
2026-09-30,JAL2722,MMB,OKD,10:20,11:10,女満別,丘珠
2026-09-30,JAL2714,MMB,CTS,13:55,14:45,女満別,新千歳
2026-09-30,JAL564,MMB,HND,15:00,16:55,女満別,羽田
2026-09-30,JAL2718,MMB,CTS,17:25,18:10,女満別,新千歳
2026-09-30,JAL2728,MMB,OKD,19:10,20:00,女満別,丘珠
2026-09-30,JAL566,MMB,HND,19:50,21:45,女満別,羽田
2026-09-30,RAC862,MMD,OKA,09:30,10:35,南大東,那覇
2026-09-30,RAC864,MMD,OKA,15:55,16:55,南大東,那覇
2026-09-30,JAL4362,MMJ,UKB,10:00,11:00,松本,神戸
2026-09-30,JAL4352,MMJ,CTS,11:35,13:15,松本,新千歳
2026-09-30,JAL4344,MMJ,FUK,13:10,14:50,松本,福岡
2026-09-30,JAL4372,MMJ,OKD,16:10,17:40,松本,丘珠
2026-09-30,JAL4348,MMJ,FUK,17:45,19:25,松本,福岡
2026-09-30,JTA552,MMY,OKA,08:50,09:45,宮古,那覇
2026-09-30,RAC891,MMY,TRA,09:20,09:45,宮古,多良間
2026-09-30,JTA556,MMY,OKA,10:40,11:35,宮古,那覇
2026-09-30,RAC831,MMY,ISG,11:30,12:00,宮古,新石垣
2026-09-30,JTA558,MMY,OKA,12:10,13:05,宮古,那覇
2026-09-30,JTA560,MMY,OKA,13:25,14:20,宮古,那覇
2026-09-30,JAL934,MMY,HND,14:25,17:15,宮古,羽田
2026-09-30,RAC897,MMY,TRA,15:50,16:15,宮古,多良間
2026-09-30,JTA562,MMY,OKA,16:05,17:00,宮古,那覇
2026-09-30,JTA564,MMY,OKA,16:55,17:50,宮古,那覇
2026-09-30,RAC839,MMY,ISG,17:45,18:15,宮古,新石垣
2026-09-30,JTA572,MMY,OKA,17:55,18:50,宮古,那覇
2026-09-30,JTA128,MMY,KIX,19:25,21:40,宮古,関西国際
2026-09-30,RAC804,MMY,OKA,20:00,20:55,宮古,那覇
2026-09-30,JAL152,MSJ,HND,10:00,11:25,三沢,羽田
2026-09-30,JAL2162,MSJ,ITM,11:20,13:00,三沢,伊丹
2026-09-30,JAL154,MSJ,HND,12:50,14:15,三沢,羽田
2026-09-30,JAL156,MSJ,HND,16:50,18:15,三沢,羽田
2026-09-30,JAL2166,MSJ,ITM,17:45,19:25,三沢,伊丹
2026-09-30,JAL158,MSJ,HND,19:10,20:35,三沢,羽田
2026-09-30,JAL430,MYJ,HND,07:10,08:40,松山,羽田
2026-09-30,JAL3592,MYJ,FUK,08:25,09:15,松山,福岡
2026-09-30,JAL432,MYJ,HND,09:10,10:40,松山,羽田
2026-09-30,JAL2300,MYJ,ITM,10:45,11:35,松山,伊丹
2026-09-30,JAL434,MYJ,HND,11:25,12:55,松山,羽田
2026-09-30,JAL3596,MYJ,FUK,13:30,14:15,松山,福岡
2026-09-30,JAL436,MYJ,HND,14:20,15:55,松山,羽田
2026-09-30,JAL3602,MYJ,FUK,14:45,15:35,松山,福岡
2026-09-30,JAL438,MYJ,HND,17:35,19:10,松山,羽田
2026-09-30,JAL3608,MYJ,FUK,17:45,18:40,松山,福岡
2026-09-30,JAL440,MYJ,HND,19:00,20:35,松山,羽田
2026-09-30,JAL2310,MYJ,ITM,19:00,20:00,松山,伊丹
2026-09-30,JAL3686,MYJ,KOJ,20:20,21:20,松山,鹿児島
2026-09-30,JAL202,NGO,HND,07:40,08:40,中部国際,羽田
2026-09-30,JAL3101,NGO,CTS,08:05,09:50,中部国際,新千歳
2026-09-30,JAL3082,NGO,NRT,08:20,09:30,中部国際,成田
2026-09-30,JTA045,NGO,OKA,08:30,10:45,中部国際,那覇
2026-09-30,JAL4535,NGO,KMJ,10:45,12:10,中部国際,熊本
2026-09-30,JAL3107,NGO,CTS,12:40,14:20,中部国際,新千歳
2026-09-30,JAL3084,NGO,NRT,14:35,15:50,中部国際,成田
2026-09-30,JAL4537,NGO,KMJ,14:35,16:00,中部国際,熊本
2026-09-30,JTA047,NGO,OKA,14:55,17:10,中部国際,那覇
2026-09-30,JAL3117,NGO,CTS,17:30,19:10,中部国際,新千歳
2026-09-30,JAL4517,NGO,KCZ,18:20,19:20,中部国際,高知
2026-09-30,JTA049,NGO,OKA,18:50,21:00,中部国際,那覇
2026-09-30,JAL208,NGO,HND,20:55,22:00,中部国際,羽田
2026-09-30,JAL606,NGS,HND,07:25,09:10,長崎,羽田
2026-09-30,JAL4051,NGS,TSJ,07:30,08:05,長崎,対馬
2026-09-30,JAL2372,NGS,ITM,08:50,10:00,長崎,伊丹
2026-09-30,JAL4041,NGS,IKI,08:55,09:25,長崎,壱岐
2026-09-30,JAL4073,NGS,FUJ,09:50,10:20,長崎,五島福江
2026-09-30,JAL608,NGS,HND,10:00,11:45,長崎,羽田
2026-09-30,JAL4053,NGS,TSJ,11:00,11:35,長崎,対馬
2026-09-30,JAL610,NGS,HND,12:35,14:25,長崎,羽田
2026-09-30,JAL2374,NGS,ITM,13:00,14:10,長崎,伊丹
2026-09-30,JAL4075,NGS,FUJ,13:20,13:50,長崎,五島福江
2026-09-30,JAL2376,NGS,ITM,14:45,15:55,長崎,伊丹
2026-09-30,JAL612,NGS,HND,15:05,17:00,長崎,羽田
2026-09-30,JAL614,NGS,HND,16:05,18:00,長崎,羽田
2026-09-30,JAL4043,NGS,IKI,16:50,17:20,長崎,壱岐
2026-09-30,JAL4061,NGS,TSJ,19:00,19:35,長崎,対馬
2026-09-30,JAL2378,NGS,ITM,19:10,20:25,長崎,伊丹
2026-09-30,JAL616,NGS,HND,20:25,22:10,長崎,羽田
2026-09-30,JAL4381,NKM,FUK,07:00,08:25,名古屋,福岡
2026-09-30,JAL4461,NKM,IZO,07:15,08:15,名古屋,出雲
2026-09-30,JAL4451,NKM,OKD,07:20,09:00,名古屋,丘珠
2026-09-30,JAL4411,NKM,HNA,07:30,08:40,名古屋,花巻
2026-09-30,JAL4377,NKM,KCZ,07:45,08:45,名古屋,高知
2026-09-30,JAL4401,NKM,KMJ,07:50,09:15,名古屋,熊本
2026-09-30,JAL4383,NKM,FUK,08:00,09:25,名古屋,福岡
2026-09-30,JAL4421,NKM,AOJ,08:25,09:45,名古屋,青森
2026-09-30,JAL4441,NKM,GAJ,09:05,10:10,名古屋,山形
2026-09-30,JAL4433,NKM,KIJ,10:20,11:15,名古屋,新潟
2026-09-30,JAL4385,NKM,FUK,10:55,12:20,名古屋,福岡
2026-09-30,JAL4423,NKM,AOJ,11:35,12:55,名古屋,青森
2026-09-30,JAL4413,NKM,HNA,12:15,13:25,名古屋,花巻
2026-09-30,JAL4443,NKM,GAJ,12:20,13:25,名古屋,山形
2026-09-30,JAL4455,NKM,OKD,13:30,15:10,名古屋,丘珠
2026-09-30,JAL4417,NKM,HNA,16:00,17:10,名古屋,花巻
2026-09-30,JAL4457,NKM,OKD,16:50,18:30,名古屋,丘珠
2026-09-30,JAL4467,NKM,IZO,17:05,18:05,名古屋,出雲
2026-09-30,JAL4427,NKM,AOJ,18:00,19:20,名古屋,青森
2026-09-30,JAL4409,NKM,KMJ,18:05,19:30,名古屋,熊本
2026-09-30,JAL3083,NRT,NGO,10:30,11:40,成田,中部国際
2026-09-30,JAL3009,NRT,ITM,18:25,19:50,成田,伊丹
2026-09-30,JAL3087,NRT,NGO,18:55,20:10,成田,中部国際
2026-09-30,JAL570,OBO,HND,09:55,11:40,帯広,羽田
2026-09-30,JAL572,OBO,HND,13:10,14:55,帯広,羽田
2026-09-30,JAL574,OBO,HND,16:15,18:00,帯広,羽田
2026-09-30,JAL576,OBO,HND,20:00,21:40,帯広,羽田
2026-09-30,RAC742,OGN,ISG,08:55,09:25,与那国,新石垣
2026-09-30,RAC724,OGN,OKA,11:15,12:35,与那国,那覇
2026-09-30,RAC744,OGN,ISG,13:35,14:05,与那国,新石垣
2026-09-30,RAC746,OGN,ISG,16:50,17:20,与那国,新石垣
2026-09-30,RAC728,OGN,OKA,18:50,20:10,与那国,那覇
2026-09-30,JAL2792,OIR,HKD,12:45,13:15,奥尻,函館
2026-09-30,JAL662,OIT,HND,07:35,09:10,大分,羽田
2026-09-30,JAL2362,OIT,ITM,08:45,09:40,大分,伊丹
2026-09-30,JAL664,OIT,HND,10:25,11:55,大分,羽田
2026-09-30,JAL2364,OIT,ITM,11:35,12:35,大分,伊丹
2026-09-30,JAL668,OIT,HND,11:50,13:30,大分,羽田
2026-09-30,JAL670,OIT,HND,14:25,16:05,大分,羽田
2026-09-30,JAL672,OIT,HND,17:20,19:00,大分,羽田
2026-09-30,JAL674,OIT,HND,19:05,20:40,大分,羽田
2026-09-30,JAL2366,OIT,ITM,19:10,20:15,大分,伊丹
2026-09-30,JTA002,OKA,KIX,07:10,09:05,那覇,関西国際
2026-09-30,JTA050,OKA,FUK,07:10,08:50,那覇,福岡
2026-09-30,JTA551,OKA,MMY,07:15,08:10,那覇,宮古
2026-09-30,JTA601,OKA,ISG,07:15,08:15,那覇,新石垣
2026-09-30,RAC721,OKA,OGN,07:15,08:25,那覇,与那国
2026-09-30,JAL900,OKA,HND,07:25,09:50,那覇,羽田
2026-09-30,RAC871,OKA,UEO,07:45,08:15,那覇,久米島
2026-09-30,RAC861,OKA,MMD,08:00,09:00,那覇,南大東
2026-09-30,RAC801,OKA,MMY,08:00,08:50,那覇,宮古
2026-09-30,JTA605,OKA,ISG,09:35,10:30,那覇,新石垣
2026-09-30,JAL902,OKA,HND,09:55,12:25,那覇,羽田
2026-09-30,RAC873,OKA,UEO,09:55,10:25,那覇,久米島
2026-09-30,JTA052,OKA,FUK,10:25,12:10,那覇,福岡
2026-09-30,JTA557,OKA,MMY,10:40,11:30,那覇,宮古
2026-09-30,JAL904,OKA,HND,10:50,13:25,那覇,羽田
2026-09-30,JTA036,OKA,KMQ,11:10,13:25,那覇,小松
2026-09-30,JTA004,OKA,KIX,11:10,13:10,那覇,関西国際
2026-09-30,RAC841,OKA,KTD,11:20,12:20,那覇,北大東
2026-09-30,JAL906,OKA,HND,11:40,14:15,那覇,羽田
2026-09-30,JTA042,OKA,NGO,11:55,14:05,那覇,中部国際
2026-09-30,JAL2084,OKA,ITM,11:55,13:55,那覇,伊丹
2026-09-30,JTA559,OKA,MMY,11:55,12:45,那覇,宮古
2026-09-30,JAL908,OKA,HND,12:15,14:50,那覇,羽田
2026-09-30,JTA609,OKA,ISG,12:15,13:15,那覇,新石垣
2026-09-30,RAC877,OKA,UEO,12:20,12:50,那覇,久米島
2026-09-30,JAL910,OKA,HND,13:15,15:50,那覇,羽田
2026-09-30,RAC815,OKA,RNJ,13:15,13:55,那覇,与論
2026-09-30,JTA054,OKA,FUK,13:20,15:05,那覇,福岡
2026-09-30,JTA211,OKA,UEO,13:45,14:20,那覇,久米島
2026-09-30,JAL3867,OKA,ASJ,13:55,14:55,那覇,奄美
2026-09-30,JAL912,OKA,HND,14:00,16:35,那覇,羽田
2026-09-30,RAC863,OKA,MMD,14:25,15:25,那覇,南大東
2026-09-30,JTA563,OKA,MMY,14:30,15:25,那覇,宮古
2026-09-30,JAL3715,OKA,OKE,14:35,15:25,那覇,沖永良部
2026-09-30,JTA617,OKA,ISG,14:45,15:45,那覇,新石垣
2026-09-30,JAL988,OKA,HND,14:55,17:35,那覇,羽田
2026-09-30,RAC727,OKA,OGN,14:55,16:10,那覇,与那国
2026-09-30,JTA058,OKA,FUK,15:00,16:45,那覇,福岡
2026-09-30,JTA565,OKA,MMY,15:25,16:15,那覇,宮古
2026-09-30,JAL914,OKA,HND,15:40,18:15,那覇,羽田
2026-09-30,RAC879,OKA,UEO,15:40,16:15,那覇,久米島
2026-09-30,JTA044,OKA,NGO,15:45,17:55,那覇,中部国際
2026-09-30,JTA571,OKA,MMY,16:25,17:15,那覇,宮古
2026-09-30,JTA621,OKA,ISG,17:00,18:00,那覇,新石垣
2026-09-30,RAC881,OKA,UEO,17:25,17:55,那覇,久米島
2026-09-30,JTA008,OKA,KIX,17:40,19:40,那覇,関西国際
2026-09-30,JAL916,OKA,HND,17:45,20:15,那覇,羽田
2026-09-30,JAL2088,OKA,ITM,17:55,19:55,那覇,伊丹
2026-09-30,JTA573,OKA,MMY,17:55,18:45,那覇,宮古
2026-09-30,JTA625,OKA,ISG,18:10,19:10,那覇,新石垣
2026-09-30,JTA016,OKA,OKJ,18:30,20:20,那覇,岡山
2026-09-30,JTA060,OKA,FUK,18:30,20:10,那覇,福岡
2026-09-30,JAL918,OKA,HND,18:50,21:20,那覇,羽田
2026-09-30,JAL920,OKA,HND,19:30,22:00,那覇,羽田
2026-09-30,JTA062,OKA,FUK,19:40,21:25,那覇,福岡
2026-09-30,JTA046,OKA,NGO,19:45,21:55,那覇,中部国際
2026-09-30,JAL922,OKA,HND,20:30,23:00,那覇,羽田
2026-09-30,JAL2741,OKD,HKD,07:35,08:15,丘珠,函館
2026-09-30,JAL2761,OKD,KUH,08:00,08:45,丘珠,釧路
2026-09-30,JAL2743,OKD,HKD,08:20,09:00,丘珠,函館
2026-09-30,JAL2721,OKD,MMB,09:05,09:50,丘珠,女満別
2026-09-30,JAL4371,OKD,MMJ,09:30,11:05,丘珠,松本
2026-09-30,JAL2731,OKD,SHB,09:55,10:45,丘珠,根室中標津
2026-09-30,JAL2745,OKD,HKD,10:35,11:15,丘珠,函館
2026-09-30,JAL2823,OKD,AXT,10:45,11:55,丘珠,秋田
2026-09-30,JAL4452,OKD,NKM,11:10,12:55,丘珠,名古屋
2026-09-30,JAL2763,OKD,KUH,11:40,12:25,丘珠,釧路
2026-09-30,JAL2749,OKD,HKD,12:45,13:25,丘珠,函館
2026-09-30,JAL2765,OKD,KUH,14:10,14:55,丘珠,釧路
2026-09-30,JAL2751,OKD,HKD,14:45,15:25,丘珠,函館
2026-09-30,JAL2787,OKD,RIS,15:00,15:55,丘珠,利尻
2026-09-30,JAL2737,OKD,SHB,15:10,16:00,丘珠,根室中標津
2026-09-30,JAL4456,OKD,NKM,15:40,17:25,丘珠,名古屋
2026-09-30,JAL2767,OKD,KUH,16:45,17:30,丘珠,釧路
2026-09-30,JAL2825,OKD,AXT,17:05,18:15,丘珠,秋田
2026-09-30,JAL2727,OKD,MMB,17:55,18:40,丘珠,女満別
2026-09-30,JAL2755,OKD,HKD,18:05,18:45,丘珠,函館
2026-09-30,JAL4332,OKD,FSZ,18:15,20:05,丘珠,静岡
2026-09-30,JAL4458,OKD,NKM,19:00,20:45,丘珠,名古屋
2026-09-30,JAL2759,OKD,HKD,19:20,20:00,丘珠,函館
2026-09-30,JAL3800,OKE,KOJ,09:15,10:35,沖永良部,鹿児島
2026-09-30,JAL3716,OKE,OKA,12:55,13:45,沖永良部,那覇
2026-09-30,JAL3710,OKE,TKN,15:55,16:20,沖永良部,徳之島
2026-09-30,JAL3808,OKE,KOJ,16:50,18:10,沖永良部,鹿児島
2026-09-30,JAL3434,OKI,IZO,10:00,10:30,隠岐,出雲
2026-09-30,JAL2332,OKI,ITM,15:05,15:50,隠岐,伊丹
2026-09-30,JAL232,OKJ,HND,07:05,08:25,岡山,羽田
2026-09-30,JTA013,OKJ,OKA,08:30,10:30,岡山,那覇
2026-09-30,JAL234,OKJ,HND,10:15,11:30,岡山,羽田
2026-09-30,JAL236,OKJ,HND,12:20,13:40,岡山,羽田
2026-09-30,JAL240,OKJ,HND,17:30,18:55,岡山,羽田
2026-09-30,JAL242,OKJ,HND,19:25,20:40,岡山,羽田
2026-09-30,JAL2788,RIS,OKD,16:25,17:15,利尻,丘珠
2026-09-30,JAL3866,RNJ,OKA,12:30,13:15,与論,那覇
2026-09-30,JAL3826,RNJ,KOJ,13:15,14:45,与論,鹿児島
2026-09-30,RAC816,RNJ,OKA,14:25,15:00,与論,那覇
2026-09-30,JAL2200,SDJ,ITM,07:35,08:55,仙台,伊丹
2026-09-30,JAL2901,SDJ,CTS,07:50,09:00,仙台,新千歳
2026-09-30,JAL2903,SDJ,CTS,09:10,10:25,仙台,新千歳
2026-09-30,JAL2202,SDJ,ITM,09:15,10:30,仙台,伊丹
2026-09-30,JAL4528,SDJ,FUK,11:15,13:20,仙台,福岡
2026-09-30,JAL2204,SDJ,ITM,11:20,12:35,仙台,伊丹
2026-09-30,JAL2206,SDJ,ITM,12:40,13:55,仙台,伊丹
2026-09-30,JAL2905,SDJ,CTS,12:45,13:55,仙台,新千歳
2026-09-30,JAL2210,SDJ,ITM,15:35,16:50,仙台,伊丹
2026-09-30,JAL2212,SDJ,ITM,16:10,17:25,仙台,伊丹
2026-09-30,JAL2907,SDJ,CTS,17:15,18:25,仙台,新千歳
2026-09-30,JAL4530,SDJ,FUK,17:45,19:50,仙台,福岡
2026-09-30,JAL2216,SDJ,ITM,19:00,20:25,仙台,伊丹
2026-09-30,JAL2909,SDJ,CTS,20:30,21:40,仙台,新千歳
2026-09-30,JAL2732,SHB,OKD,11:15,12:10,根室中標津,丘珠
2026-09-30,JAL2738,SHB,OKD,16:30,17:25,根室中標津,丘珠
2026-09-30,SKY542,SHI,OKA,11:50,12:40,下地島,那覇
2026-09-30,SKY546,SHI,OKA,13:50,14:40,下地島,那覇
2026-09-30,SKY164,SHI,UKB,15:25,17:35,下地島,神戸
2026-09-30,SKY564,SHI,FUK,16:00,18:00,下地島,福岡
2026-09-30,SKY618,SHI,HND,17:10,19:50,下地島,羽田
2026-09-30,JAL212,SHM,HND,09:30,10:40,南紀白浜,羽田
2026-09-30,JAL214,SHM,HND,13:45,15:00,南紀白浜,羽田
2026-09-30,JAL218,SHM,HND,18:25,19:40,南紀白浜,羽田
2026-09-30,JAL474,TAK,HND,07:05,08:25,高松,羽田
2026-09-30,JAL476,TAK,HND,09:45,11:00,高松,羽田
2026-09-30,JAL478,TAK,HND,11:45,13:05,高松,羽田
2026-09-30,JAL480,TAK,HND,13:10,14:30,高松,羽田
2026-09-30,JAL482,TAK,HND,15:15,16:40,高松,羽田
2026-09-30,JAL484,TAK,HND,17:20,18:45,高松,羽田
2026-09-30,JAL486,TAK,HND,20:40,21:55,高松,羽田
2026-09-30,JAL2324,TJH,ITM,10:10,10:45,但馬,伊丹
2026-09-30,JAL2326,TJH,ITM,18:00,18:40,但馬,伊丹
2026-09-30,JAL3842,TKN,ASJ,09:40,10:10,徳之島,奄美
2026-09-30,JAL3792,TKN,KOJ,10:25,11:20,徳之島,鹿児島
2026-09-30,JAL3711,TKN,OKE,12:00,12:25,徳之島,沖永良部
2026-09-30,JAL3794,TKN,KOJ,14:55,16:15,徳之島,鹿児島
2026-09-30,JAL3844,TKN,ASJ,16:50,17:20,徳之島,奄美
2026-09-30,JAL3796,TKN,KOJ,17:40,18:35,徳之島,鹿児島
2026-09-30,JAL3798,TKN,KOJ,19:00,20:15,徳之島,鹿児島
2026-09-30,JAL452,TKS,HND,07:05,08:20,徳島,羽田
2026-09-30,JAL454,TKS,HND,08:55,10:15,徳島,羽田
2026-09-30,JAL3564,TKS,FUK,11:30,12:35,徳島,福岡
2026-09-30,JAL456,TKS,HND,12:20,13:40,徳島,羽田
2026-09-30,JAL460,TKS,HND,14:45,16:10,徳島,羽田
2026-09-30,JAL462,TKS,HND,17:40,19:05,徳島,羽田
2026-09-30,JAL3568,TKS,FUK,20:05,21:10,徳島,福岡
2026-09-30,JAL464,TKS,HND,20:35,21:55,徳島,羽田
2026-09-30,JAL3760,TNE,KOJ,09:20,09:55,種子島,鹿児島
2026-09-30,JAL3764,TNE,KOJ,12:10,12:45,種子島,鹿児島
2026-09-30,JAL3772,TNE,KOJ,18:00,18:35,種子島,鹿児島
2026-09-30,RAC892,TRA,MMY,10:20,10:45,多良間,宮古
2026-09-30,RAC898,TRA,MMY,16:50,17:15,多良間,宮古
2026-09-30,JAL4052,TSJ,NGS,08:35,09:15,対馬,長崎
2026-09-30,JAL4080,TSJ,FUK,08:50,09:25,対馬,福岡
2026-09-30,JAL4082,TSJ,FUK,11:00,11:35,対馬,福岡
2026-09-30,JAL4054,TSJ,NGS,12:05,12:45,対馬,長崎
2026-09-30,JAL4062,TSJ,NGS,20:05,20:45,対馬,長崎
2026-09-30,JAL290,UBJ,HND,07:40,09:20,山口宇部,羽田
2026-09-30,JAL292,UBJ,HND,10:20,12:00,山口宇部,羽田
2026-09-30,JAL294,UBJ,HND,15:00,16:45,山口宇部,羽田
2026-09-30,JAL296,UBJ,HND,19:00,20:40,山口宇部,羽田
2026-09-30,RAC872,UEO,OKA,08:45,09:20,久米島,那覇
2026-09-30,RAC874,UEO,OKA,10:55,11:30,久米島,那覇
2026-09-30,RAC878,UEO,OKA,13:20,13:55,久米島,那覇
2026-09-30,JTA212,UEO,OKA,15:00,15:40,久米島,那覇
2026-09-30,RAC880,UEO,OKA,16:45,17:20,久米島,那覇
2026-09-30,RAC882,UEO,OKA,18:25,19:00,久米島,那覇
2026-09-30,JAL4363,UKB,MMJ,11:40,12:40,神戸,松本
